fecha_hora,pm25_ug_m3,pm10_ug_m3,no2_ppb,co_ppm,temperatura_c,humedad_pct,viento_m_s,estacion,tipo_dia,target_alerta_calidad_aire
2024-01-01 00:00:00,32.82,55.08,39.82,0.78,21.3,81.6,6.13,sur,laboral,0
2024-01-01 06:00:00,62.99,123.83,35.03,3.36,25.1,53.1,2.88,centro,fin_semana,1
2024-01-01 12:00:00,15.49,17.62,13.94,1.86,21.3,65.6,3.26,industrial,laboral,0
2024-01-01 18:00:00,29.79,56.6,29.2,0.58,10.2,40.1,2.66,sur,feriado,0
2024-01-02 00:00:00,18.69,39.19,37.16,0.64,13.5,33.8,2.77,centro,laboral,0
2024-01-02 06:00:00,36.12,95.23,36.62,1.14,15.3,86.1,1.59,centro,fin_semana,0
2024-01-02 12:00:00,35.7,63.52,57.53,2.27,18.2,61.8,0.7,sur,fin_semana,1
2024-01-02 18:00:00,12.16,29.34,32.13,0.61,17.1,70.0,2.3,centro,fin_semana,0
2024-01-03 00:00:00,11.74,12.27,31.56,1.48,4.1,52.5,3.48,centro,feriado,0
2024-01-03 06:00:00,34.86,62.66,29.43,1.27,14.8,48.6,1.42,centro,laboral,1
2024-01-03 12:00:00,25.07,41.17,27.65,0.83,20.0,22.7,6.71,sur,fin_semana,0
2024-01-03 18:00:00,27.12,41.82,40.43,3.1,10.2,61.6,4.7,norte,laboral,0
2024-01-04 00:00:00,20.81,30.47,44.54,1.29,13.4,80.3,0.33,centro,feriado,0
2024-01-04 06:00:00,23.9,48.92,19.16,1.7,14.5,78.1,3.78,centro,laboral,0
2024-01-04 12:00:00,19.45,37.22,21.77,1.61,21.9,43.9,0.4,sur,fin_semana,1
2024-01-04 18:00:00,15.35,33.01,24.8,1.0,17.7,60.0,1.28,norte,fin_semana,0
2024-01-05 00:00:00,18.71,48.67,21.92,0.61,22.7,73.5,4.65,centro,laboral,0
2024-01-05 06:00:00,24.95,48.69,20.56,2.21,32.8,63.4,2.16,centro,laboral,0
2024-01-05 12:00:00,12.74,21.87,28.16,1.36,15.4,51.1,1.96,norte,laboral,0
2024-01-05 18:00:00,27.08,59.49,21.67,1.3,19.6,36.0,0.57,sur,fin_semana,0
2024-01-06 00:00:00,10.3,17.19,36.62,4.97,16.9,36.5,2.24,sur,laboral,0
2024-01-06 06:00:00,19.76,44.62,25.52,1.54,10.1,47.7,8.1,norte,fin_semana,0
2024-01-06 12:00:00,27.18,35.9,15.22,0.55,21.3,71.7,0.41,industrial,feriado,0
2024-01-06 18:00:00,15.53,34.46,25.34,0.91,20.9,48.3,2.13,sur,fin_semana,0
2024-01-07 00:00:00,48.22,,27.18,1.22,18.7,38.7,2.5,norte,laboral,0
2024-01-07 06:00:00,15.92,38.49,25.76,0.86,21.7,95.8,1.24,industrial,laboral,0
2024-01-07 12:00:00,23.85,52.17,45.94,0.73,20.5,38.1,7.21,industrial,laboral,0
2024-01-07 18:00:00,61.63,145.45,19.48,0.92,3.2,34.2,4.74,centro,laboral,1
2024-01-08 00:00:00,45.38,87.65,30.98,1.1,5.4,39.9,4.15,industrial,laboral,1
2024-01-08 06:00:00,30.76,57.25,64.31,1.05,12.7,55.1,4.41,industrial,laboral,1
2024-01-08 12:00:00,27.81,45.92,28.64,1.8,8.1,75.8,3.0,centro,laboral,0
2024-01-08 18:00:00,24.44,50.67,34.52,0.86,16.3,92.6,4.07,industrial,laboral,0
2024-01-09 00:00:00,35.46,72.88,27.6,1.05,7.8,71.4,4.23,norte,laboral,0
2024-01-09 06:00:00,41.21,82.8,51.26,3.46,15.0,48.7,6.77,industrial,fin_semana,1
2024-01-09 12:00:00,51.57,73.41,86.62,2.19,17.6,64.8,4.85,centro,fin_semana,0
2024-01-09 18:00:00,12.1,11.55,36.38,1.31,7.9,37.7,5.03,industrial,laboral,0
2024-01-10 00:00:00,13.61,27.02,47.43,1.6,17.4,81.1,1.16,norte,laboral,0
2024-01-10 06:00:00,7.47,12.14,32.75,0.61,17.7,64.9,2.23,sur,feriado,0
2024-01-10 12:00:00,15.12,28.83,130.94,0.98,12.0,61.6,11.69,centro,laboral,0
2024-01-10 18:00:00,22.15,39.3,35.42,0.64,14.6,65.1,2.85,industrial,laboral,0
2024-01-11 00:00:00,12.35,20.38,31.44,1.33,9.9,88.8,0.28,norte,feriado,0
2024-01-11 06:00:00,17.35,43.39,32.17,0.38,20.8,29.1,1.66,industrial,laboral,1
2024-01-11 12:00:00,19.56,46.01,44.35,0.61,8.8,46.0,3.93,sur,laboral,1
2024-01-11 18:00:00,16.1,,32.93,1.02,12.3,73.6,1.69,industrial,feriado,0
2024-01-12 00:00:00,13.79,25.76,14.52,1.18,9.1,52.0,4.67,industrial,laboral,0
2024-01-12 06:00:00,,22.96,17.31,1.23,8.4,67.4,4.48,sur,laboral,0
2024-01-12 12:00:00,59.15,147.81,27.93,2.57,-2.1,70.6,7.46,industrial,laboral,1
2024-01-12 18:00:00,22.36,41.29,57.01,0.61,10.2,63.4,6.0,norte,laboral,0
2024-01-13 00:00:00,12.43,24.44,33.58,1.6,12.0,60.1,3.03,industrial,laboral,0
2024-01-13 06:00:00,53.94,68.37,36.1,1.05,9.9,67.1,0.96,norte,laboral,1
2024-01-13 12:00:00,25.01,34.53,19.35,1.16,12.1,38.8,3.31,sur,laboral,0
2024-01-13 18:00:00,33.14,24.51,40.07,2.17,12.8,49.6,2.84,centro,laboral,0
2024-01-14 00:00:00,28.84,51.41,22.62,3.25,9.7,52.3,5.76,centro,fin_semana,1
2024-01-14 06:00:00,24.14,45.8,36.93,2.38,18.0,36.9,6.08,centro,feriado,0
2024-01-14 12:00:00,13.49,28.62,39.43,1.33,10.7,44.6,3.54,centro,laboral,0
2024-01-14 18:00:00,9.99,17.05,34.36,0.63,21.7,47.3,6.11,norte,feriado,0
2024-01-15 00:00:00,17.06,32.25,23.56,0.77,12.9,49.5,1.83,sur,laboral,0
2024-01-15 06:00:00,17.49,31.99,57.37,2.28,11.4,42.5,8.57,centro,laboral,0
2024-01-15 12:00:00,9.3,21.23,44.94,0.84,21.7,52.6,6.75,industrial,laboral,0
2024-01-15 18:00:00,8.72,15.16,45.92,0.84,12.5,91.6,4.44,norte,laboral,0
2024-01-16 00:00:00,6.31,16.12,47.09,1.23,17.4,95.3,2.71,centro,laboral,0
2024-01-16 06:00:00,28.83,54.41,32.52,3.68,11.1,66.4,5.6,norte,laboral,0
2024-01-16 12:00:00,30.5,53.84,56.5,1.48,21.2,20.7,6.25,norte,laboral,0
2024-01-16 18:00:00,12.48,21.78,26.4,0.43,24.0,53.5,1.59,sur,feriado,0
2024-01-17 00:00:00,11.06,23.29,39.27,0.57,10.9,79.3,0.54,centro,laboral,0
2024-01-17 06:00:00,13.65,27.46,50.44,0.78,15.3,57.1,5.98,industrial,laboral,0
2024-01-17 12:00:00,11.12,21.87,32.96,1.41,24.0,62.5,2.22,norte,laboral,0
2024-01-17 18:00:00,32.29,56.68,14.95,0.91,21.5,55.6,5.22,sur,laboral,0
2024-01-18 00:00:00,6.84,12.99,19.35,2.13,19.9,43.7,1.93,industrial,laboral,0
2024-01-18 06:00:00,16.96,32.38,25.38,1.02,23.4,80.7,7.24,norte,laboral,0
2024-01-18 12:00:00,41.33,69.82,34.57,1.49,16.7,69.9,4.96,centro,feriado,1
2024-01-18 18:00:00,16.92,22.51,60.99,0.42,12.7,40.0,2.63,sur,laboral,0
2024-01-19 00:00:00,30.89,45.48,56.33,0.64,12.0,65.2,0.71,industrial,laboral,1
2024-01-19 06:00:00,10.87,18.4,34.87,0.76,2.8,72.4,1.22,centro,laboral,0
2024-01-19 12:00:00,28.2,42.79,75.36,1.29,18.2,64.8,0.55,sur,fin_semana,1
2024-01-19 18:00:00,7.63,17.78,38.17,1.36,17.6,54.9,2.89,norte,feriado,0
2024-01-20 00:00:00,27.34,47.3,78.02,1.1,12.9,49.5,1.71,norte,laboral,1
2024-01-20 06:00:00,7.25,13.95,28.33,0.81,20.1,75.8,6.43,centro,laboral,0
2024-01-20 12:00:00,13.27,21.16,43.32,0.76,18.9,78.9,4.1,centro,laboral,0
2024-01-20 18:00:00,24.92,48.16,16.0,0.65,6.3,59.6,5.92,norte,laboral,0
2024-01-21 00:00:00,23.43,39.17,39.96,0.73,25.1,42.2,3.03,industrial,laboral,0
2024-01-21 06:00:00,44.32,70.52,75.61,0.66,14.9,60.7,1.75,industrial,fin_semana,1
2024-01-21 12:00:00,5.33,10.55,18.94,0.83,22.2,75.0,1.4,industrial,fin_semana,0
2024-01-21 18:00:00,22.46,51.69,37.02,2.23,3.2,28.7,6.18,norte,laboral,0
2024-01-22 00:00:00,31.22,38.71,22.06,1.04,13.7,70.2,4.47,centro,laboral,0
2024-01-22 06:00:00,57.36,128.14,19.67,0.84,11.3,73.4,2.91,norte,laboral,1
2024-01-22 12:00:00,14.29,21.26,55.55,0.3,19.9,19.4,5.73,sur,laboral,0
2024-01-22 18:00:00,16.93,32.23,31.22,1.52,16.2,64.7,0.96,centro,laboral,1
2024-01-23 00:00:00,26.51,49.56,41.04,0.47,9.7,80.6,1.25,norte,laboral,1
2024-01-23 06:00:00,7.51,16.99,49.97,1.0,8.6,69.7,1.91,centro,laboral,0
2024-01-23 12:00:00,16.71,19.85,26.57,1.01,10.8,86.7,1.82,norte,laboral,0
2024-01-23 18:00:00,33.45,66.36,41.22,1.78,17.9,47.9,0.94,industrial,laboral,1
2024-01-24 00:00:00,39.64,84.18,,0.79,28.2,85.3,4.37,sur,fin_semana,1
2024-01-24 06:00:00,40.55,76.83,50.04,1.96,35.0,84.1,2.31,norte,fin_semana,1
2024-01-24 12:00:00,10.6,24.69,26.15,0.86,14.7,87.7,3.02,centro,fin_semana,0
2024-01-24 18:00:00,20.86,38.34,38.99,1.65,4.1,64.8,0.45,industrial,laboral,1
2024-01-25 00:00:00,28.23,43.33,48.96,0.99,10.2,49.2,2.14,centro,laboral,0
2024-01-25 06:00:00,45.85,115.71,23.85,0.65,14.2,54.5,5.22,sur,laboral,0
2024-01-25 12:00:00,11.63,17.39,22.03,1.16,22.8,38.2,0.59,centro,laboral,0
2024-01-25 18:00:00,39.68,75.7,24.19,0.95,17.7,54.7,4.64,centro,fin_semana,0
2024-01-26 00:00:00,10.49,23.45,14.09,1.57,25.5,79.6,4.84,sur,feriado,0
2024-01-26 06:00:00,16.49,30.22,51.67,0.58,18.3,51.2,0.6,centro,laboral,0
2024-01-26 12:00:00,17.37,37.34,32.69,2.33,25.3,82.9,1.61,sur,fin_semana,0
2024-01-26 18:00:00,45.02,87.8,50.48,1.55,13.5,83.4,0.94,centro,laboral,1
2024-01-27 00:00:00,25.26,49.72,41.55,1.72,26.3,79.6,3.95,centro,feriado,0
2024-01-27 06:00:00,11.22,21.77,22.21,1.84,15.4,61.1,8.03,norte,fin_semana,0
2024-01-27 12:00:00,31.01,39.41,39.48,0.79,19.7,79.8,5.49,norte,fin_semana,0
2024-01-27 18:00:00,24.11,35.33,20.66,1.3,26.4,98.0,2.34,sur,laboral,0
2024-01-28 00:00:00,32.51,48.62,22.16,2.38,13.2,51.2,1.71,sur,laboral,1
2024-01-28 06:00:00,24.9,51.08,31.92,1.24,23.7,62.7,0.49,norte,feriado,0
2024-01-28 12:00:00,56.92,131.46,64.86,1.74,20.2,64.4,3.49,sur,laboral,1
2024-01-28 18:00:00,9.12,19.28,41.2,1.62,7.0,53.4,0.65,centro,feriado,0
2024-01-29 00:00:00,18.13,33.7,45.15,0.66,22.6,65.8,1.43,sur,laboral,0
2024-01-29 06:00:00,27.81,33.78,6.72,1.75,11.1,86.6,1.77,sur,laboral,0
2024-01-29 12:00:00,46.11,89.16,48.07,3.6,8.8,70.5,3.42,sur,fin_semana,1
2024-01-29 18:00:00,29.66,60.4,59.41,1.46,21.8,81.7,2.46,sur,laboral,1
2024-01-30 00:00:00,18.64,47.67,42.1,1.21,16.6,58.4,2.05,norte,fin_semana,0
2024-01-30 06:00:00,10.53,17.13,51.79,1.25,14.8,89.8,4.17,industrial,laboral,0
2024-01-30 12:00:00,32.6,55.05,27.45,3.27,13.7,65.2,2.99,centro,laboral,0
2024-01-30 18:00:00,20.11,26.23,34.25,1.66,11.1,95.9,10.0,norte,laboral,0
2024-01-31 00:00:00,17.42,40.59,29.77,1.95,25.4,66.2,8.24,sur,feriado,0
2024-01-31 06:00:00,30.6,56.39,23.47,2.41,14.4,70.6,2.8,industrial,laboral,1
2024-01-31 12:00:00,26.23,52.81,38.74,1.47,20.0,83.5,2.74,centro,fin_semana,0
2024-01-31 18:00:00,37.69,68.22,45.24,0.84,27.7,70.5,3.57,norte,fin_semana,0
2024-02-01 00:00:00,33.22,46.73,21.91,0.91,22.1,34.4,3.35,industrial,laboral,0
2024-02-01 06:00:00,29.0,74.35,73.48,0.6,17.2,80.7,2.64,sur,laboral,1
2024-02-01 12:00:00,38.74,89.26,25.83,1.69,23.8,48.2,2.13,centro,laboral,0
2024-02-01 18:00:00,18.17,28.2,72.36,2.47,21.4,87.4,2.44,sur,laboral,0
2024-02-02 00:00:00,14.26,28.41,43.43,0.64,15.1,60.8,1.04,industrial,fin_semana,0
2024-02-02 06:00:00,23.78,29.67,48.7,0.94,11.9,71.3,2.2,centro,laboral,0
2024-02-02 12:00:00,17.67,25.32,64.67,0.62,12.1,60.4,0.95,centro,fin_semana,1
2024-02-02 18:00:00,24.29,40.41,31.56,1.65,19.3,83.2,8.71,norte,laboral,0
2024-02-03 00:00:00,18.09,31.77,29.35,0.86,7.6,50.3,7.79,sur,laboral,0
2024-02-03 06:00:00,24.54,59.28,40.66,1.35,7.9,54.6,12.0,norte,fin_semana,0
2024-02-03 12:00:00,30.2,55.77,69.0,0.73,18.1,96.5,1.28,industrial,laboral,1
2024-02-03 18:00:00,4.88,8.57,11.13,0.94,25.8,60.0,5.33,norte,fin_semana,0
2024-02-04 00:00:00,23.62,47.91,53.97,0.68,7.8,52.2,4.13,sur,fin_semana,0
2024-02-04 06:00:00,18.48,31.47,23.62,0.48,10.4,58.7,2.53,industrial,fin_semana,0
2024-02-04 12:00:00,25.56,52.03,24.85,0.59,25.6,75.1,1.41,centro,laboral,1
2024-02-04 18:00:00,33.79,75.62,45.08,1.62,24.2,71.7,1.11,industrial,laboral,1
2024-02-05 00:00:00,43.72,99.43,9.1,1.21,31.2,43.8,3.23,norte,laboral,0
2024-02-05 06:00:00,31.74,61.33,39.54,2.51,24.8,39.5,3.12,sur,laboral,1
2024-02-05 12:00:00,27.84,63.59,47.44,1.83,6.7,70.8,5.23,industrial,laboral,1
2024-02-05 18:00:00,20.32,35.77,24.15,0.44,6.4,77.4,4.37,norte,laboral,0
2024-02-06 00:00:00,23.95,45.43,39.38,0.36,9.9,71.4,2.47,sur,laboral,0
2024-02-06 06:00:00,5.13,6.88,35.63,1.87,23.2,55.2,2.61,industrial,laboral,0
2024-02-06 12:00:00,11.22,27.01,22.21,0.59,23.1,74.5,3.16,centro,fin_semana,0
2024-02-06 18:00:00,9.93,9.19,43.92,2.86,11.2,77.5,2.5,norte,laboral,1
2024-02-07 00:00:00,37.1,71.46,13.56,1.45,19.7,96.3,4.07,sur,fin_semana,0
2024-02-07 06:00:00,16.63,31.25,31.85,0.64,11.6,70.1,1.86,norte,laboral,0
2024-02-07 12:00:00,15.91,30.38,25.84,0.65,19.5,75.9,1.74,industrial,fin_semana,0
2024-02-07 18:00:00,37.01,63.14,25.6,0.74,14.3,46.0,1.87,centro,laboral,1
2024-02-08 00:00:00,43.12,64.04,28.09,1.11,13.3,76.2,0.45,centro,laboral,0
2024-02-08 06:00:00,20.17,47.37,22.88,1.39,11.8,32.7,2.74,centro,laboral,0
2024-02-08 12:00:00,19.74,41.8,19.48,0.65,3.6,90.3,2.26,centro,laboral,0
2024-02-08 18:00:00,22.61,28.54,,0.57,29.5,80.3,2.67,sur,laboral,1
2024-02-09 00:00:00,18.94,41.34,58.95,1.1,18.2,36.5,2.48,centro,fin_semana,0
2024-02-09 06:00:00,2.83,5.0,34.23,1.49,11.9,70.7,3.9,norte,laboral,0
2024-02-09 12:00:00,52.72,72.95,40.26,1.93,16.7,79.3,1.14,industrial,laboral,1
2024-02-09 18:00:00,20.85,33.89,29.46,1.32,20.9,51.0,0.55,norte,laboral,0
2024-02-10 00:00:00,27.25,42.05,36.17,1.25,10.4,64.2,5.31,norte,laboral,0
2024-02-10 06:00:00,10.69,21.12,18.38,2.15,9.4,69.8,2.21,centro,laboral,0
2024-02-10 12:00:00,11.45,25.66,42.56,1.33,11.5,44.8,2.39,sur,laboral,0
2024-02-10 18:00:00,20.93,48.46,26.15,1.17,10.4,33.4,4.27,sur,laboral,0
2024-02-11 00:00:00,23.52,55.26,16.65,1.24,11.1,58.6,0.98,centro,fin_semana,0
2024-02-11 06:00:00,36.35,68.49,42.79,0.75,15.5,82.0,6.71,sur,laboral,0
2024-02-11 12:00:00,,83.87,30.19,1.05,15.8,55.3,1.97,industrial,fin_semana,0
2024-02-11 18:00:00,19.89,41.74,25.12,0.47,18.1,79.2,1.72,industrial,fin_semana,0
2024-02-12 00:00:00,15.33,30.58,45.49,2.04,11.2,26.9,4.69,centro,laboral,0
2024-02-12 06:00:00,60.85,133.58,47.2,1.3,13.5,49.7,2.55,industrial,laboral,0
2024-02-12 12:00:00,33.31,86.12,76.17,2.47,16.5,72.6,1.1,sur,laboral,1
2024-02-12 18:00:00,43.98,81.33,31.96,1.36,10.5,24.3,2.38,industrial,laboral,1
2024-02-13 00:00:00,48.75,76.11,25.12,1.05,8.6,46.5,3.48,sur,feriado,1
2024-02-13 06:00:00,25.19,,28.73,1.18,4.2,72.8,1.28,sur,laboral,0
2024-02-13 12:00:00,7.26,9.28,72.82,1.09,15.9,59.0,11.06,norte,laboral,0
2024-02-13 18:00:00,16.19,23.7,34.5,0.39,20.3,76.2,3.21,norte,fin_semana,0
2024-02-14 00:00:00,12.51,26.11,14.41,1.01,16.6,36.9,5.13,sur,fin_semana,0
2024-02-14 06:00:00,5.85,8.11,91.45,1.15,14.5,76.3,2.55,sur,laboral,0
2024-02-14 12:00:00,17.04,32.54,26.32,0.6,13.1,43.8,2.98,norte,laboral,0
2024-02-14 18:00:00,18.87,24.35,43.26,0.56,31.4,65.0,3.97,sur,fin_semana,0
2024-02-15 00:00:00,33.99,60.01,,2.09,27.7,61.4,3.38,centro,laboral,1
2024-02-15 06:00:00,20.23,40.31,35.38,1.86,19.4,76.5,3.01,industrial,laboral,0
2024-02-15 12:00:00,21.95,43.67,42.19,0.85,13.8,33.2,3.41,centro,laboral,0
2024-02-15 18:00:00,22.35,51.69,21.56,0.24,19.0,72.1,0.68,norte,laboral,0
2024-02-16 00:00:00,15.11,16.54,50.12,1.36,20.9,60.7,4.46,sur,laboral,0
2024-02-16 06:00:00,,47.08,37.3,1.18,-0.3,54.9,5.48,sur,laboral,0
2024-02-16 12:00:00,8.09,17.46,46.06,1.94,12.8,44.6,1.14,centro,laboral,0
2024-02-16 18:00:00,14.61,24.22,50.56,1.07,17.3,35.3,1.9,sur,laboral,0
2024-02-17 00:00:00,22.76,45.07,43.5,1.17,8.9,60.3,2.19,centro,feriado,0
2024-02-17 06:00:00,7.92,13.55,28.13,2.29,14.5,80.1,4.24,norte,laboral,0
2024-02-17 12:00:00,40.95,64.61,28.45,1.57,16.1,58.8,0.19,sur,laboral,0
2024-02-17 18:00:00,20.11,33.28,16.42,0.77,11.7,70.9,2.06,norte,laboral,0
2024-02-18 00:00:00,18.03,43.67,22.95,1.85,8.7,64.7,2.22,sur,laboral,1
2024-02-18 06:00:00,15.19,27.47,41.53,0.52,26.8,87.3,1.41,centro,laboral,0
2024-02-18 12:00:00,14.31,30.52,30.99,0.6,16.1,51.6,2.11,sur,laboral,0
2024-02-18 18:00:00,11.38,18.51,59.67,1.17,14.7,60.5,1.97,norte,laboral,0
2024-02-19 00:00:00,26.72,52.08,9.85,1.21,9.9,53.5,1.02,norte,laboral,0
2024-02-19 06:00:00,22.23,48.23,44.57,3.42,25.7,94.2,1.87,norte,laboral,0
2024-02-19 12:00:00,29.35,65.97,21.82,1.04,33.3,61.4,3.53,centro,laboral,1
2024-02-19 18:00:00,16.88,28.15,10.65,0.59,26.5,81.5,2.21,centro,fin_semana,0
2024-02-20 00:00:00,8.55,12.62,33.41,2.58,29.8,68.2,2.4,norte,laboral,0
2024-02-20 06:00:00,27.31,48.51,17.14,2.23,14.8,57.6,3.23,sur,feriado,0
2024-02-20 12:00:00,26.3,48.36,42.57,0.9,20.3,63.8,1.45,industrial,laboral,1
2024-02-20 18:00:00,2.76,5.09,93.85,0.72,14.9,63.8,3.13,centro,fin_semana,0
2024-02-21 00:00:00,10.18,18.97,20.27,0.58,6.6,54.2,1.74,norte,fin_semana,0
2024-02-21 06:00:00,14.04,31.96,32.13,2.25,8.3,61.8,4.89,sur,laboral,0
2024-02-21 12:00:00,18.3,39.39,16.54,1.01,1.3,44.5,6.75,sur,fin_semana,0
2024-02-21 18:00:00,9.15,17.61,17.92,1.85,21.3,35.5,3.09,centro,laboral,0
2024-02-22 00:00:00,41.99,89.0,42.62,0.61,14.0,73.6,1.34,sur,fin_semana,0
2024-02-22 06:00:00,31.78,68.57,29.45,0.98,26.0,50.6,0.75,norte,fin_semana,0
2024-02-22 12:00:00,23.71,45.82,19.78,1.99,28.3,44.2,3.93,norte,fin_semana,0
2024-02-22 18:00:00,48.74,93.63,57.69,1.83,26.4,98.0,3.53,norte,laboral,1
2024-02-23 00:00:00,16.57,23.21,36.04,1.9,7.4,20.3,4.41,norte,laboral,0
2024-02-23 06:00:00,14.69,38.47,37.52,2.56,17.1,44.3,8.45,industrial,fin_semana,0
2024-02-23 12:00:00,18.66,35.83,19.21,0.5,30.7,37.1,2.25,norte,laboral,0
2024-02-23 18:00:00,18.85,30.34,19.93,1.07,14.2,98.0,2.18,centro,laboral,0
2024-02-24 00:00:00,18.82,24.71,31.39,1.35,16.7,49.0,2.24,centro,laboral,0
2024-02-24 06:00:00,26.49,51.08,22.67,0.6,10.3,50.1,4.63,norte,laboral,0
2024-02-24 12:00:00,11.69,23.92,34.8,1.04,22.8,98.0,1.77,sur,laboral,0
2024-02-24 18:00:00,16.9,34.02,40.53,1.42,24.8,47.4,4.65,industrial,laboral,0
2024-02-25 00:00:00,12.21,24.17,44.85,1.74,12.1,38.3,0.98,sur,laboral,1
2024-02-25 06:00:00,78.1,66.98,36.43,4.31,13.1,52.6,4.36,centro,fin_semana,1
2024-02-25 12:00:00,11.81,28.27,20.61,3.71,25.2,25.6,1.99,industrial,laboral,1
2024-02-25 18:00:00,37.91,67.92,35.52,1.71,20.1,25.5,2.84,centro,fin_semana,1
2024-02-26 00:00:00,23.17,33.4,18.2,0.7,9.4,75.0,2.51,centro,laboral,0
2024-02-26 06:00:00,20.12,34.63,29.39,2.53,14.6,44.0,4.71,norte,laboral,0
2024-02-26 12:00:00,45.11,92.93,35.95,0.54,25.3,38.5,0.21,industrial,laboral,1
2024-02-26 18:00:00,24.21,46.44,44.37,0.76,18.6,66.1,4.87,centro,fin_semana,0
2024-02-27 00:00:00,33.01,85.45,29.73,0.6,17.5,48.9,5.06,norte,fin_semana,0
2024-02-27 06:00:00,15.97,31.97,28.64,1.48,10.6,64.4,1.8,centro,laboral,0
2024-02-27 12:00:00,42.64,70.19,29.81,0.92,9.7,85.1,2.25,sur,laboral,1
2024-02-27 18:00:00,8.69,18.58,27.14,1.56,14.6,80.0,3.15,industrial,laboral,0
2024-02-28 00:00:00,42.43,78.37,12.24,0.39,2.8,44.2,3.57,industrial,fin_semana,0
2024-02-28 06:00:00,30.53,64.35,28.94,1.75,27.0,74.9,0.65,industrial,laboral,1
2024-02-28 12:00:00,14.52,29.83,24.54,3.11,11.8,53.6,4.07,sur,fin_semana,0
2024-02-28 18:00:00,26.22,43.89,45.05,0.77,11.7,65.3,2.65,sur,laboral,0
2024-02-29 00:00:00,36.44,69.63,54.18,0.91,18.7,47.2,6.66,centro,laboral,0
2024-02-29 06:00:00,23.71,39.7,53.66,2.74,11.7,64.7,11.71,sur,laboral,0
2024-02-29 12:00:00,17.77,33.95,48.34,0.29,16.7,76.1,1.79,centro,laboral,0
2024-02-29 18:00:00,15.92,29.03,40.64,0.82,21.6,68.0,7.17,sur,laboral,0
2024-03-01 00:00:00,16.36,30.49,35.04,1.92,15.1,94.5,2.51,norte,fin_semana,0
2024-03-01 06:00:00,40.89,61.34,32.68,0.17,20.8,58.1,1.36,centro,laboral,0
2024-03-01 12:00:00,55.18,122.65,19.75,2.01,15.2,45.0,4.37,industrial,fin_semana,1
2024-03-01 18:00:00,28.26,64.58,16.08,1.75,17.9,68.5,6.63,centro,fin_semana,0
2024-03-02 00:00:00,26.66,58.38,43.38,1.22,3.9,74.0,2.39,norte,laboral,0
2024-03-02 06:00:00,18.64,44.5,19.33,0.91,15.4,73.6,2.0,centro,fin_semana,0
2024-03-02 12:00:00,17.47,18.46,22.19,2.07,18.8,77.5,1.26,industrial,laboral,1
2024-03-02 18:00:00,23.1,36.39,17.55,2.2,16.8,98.0,2.29,centro,laboral,1
2024-03-03 00:00:00,20.44,32.73,48.92,0.95,22.5,65.7,1.42,sur,laboral,0
2024-03-03 06:00:00,32.02,42.56,27.71,1.09,20.2,67.5,2.99,norte,laboral,0
2024-03-03 12:00:00,10.92,23.83,47.69,2.53,16.3,74.8,4.07,sur,laboral,0
2024-03-03 18:00:00,19.52,38.59,9.97,0.61,14.8,77.7,4.14,centro,laboral,0
2024-03-04 00:00:00,20.86,37.71,30.26,1.38,20.0,33.9,2.26,norte,fin_semana,1
2024-03-04 06:00:00,17.82,36.27,50.56,0.33,18.5,75.9,6.37,norte,laboral,0
2024-03-04 12:00:00,28.82,64.05,48.27,0.45,20.0,60.0,1.91,sur,laboral,0
2024-03-04 18:00:00,25.55,53.67,58.04,1.46,11.2,52.8,5.67,norte,laboral,0
2024-03-05 00:00:00,33.99,71.54,41.48,0.51,23.2,61.3,6.13,industrial,laboral,0
2024-03-05 06:00:00,18.54,44.37,43.36,1.42,14.7,55.1,3.38,sur,laboral,1
2024-03-05 12:00:00,19.07,36.33,11.56,1.85,15.8,50.9,0.17,industrial,fin_semana,0
2024-03-05 18:00:00,84.6,186.74,19.66,0.69,7.7,85.9,1.99,sur,laboral,1
2024-03-06 00:00:00,25.81,48.94,62.6,2.76,20.1,63.8,2.95,centro,laboral,0
2024-03-06 06:00:00,20.45,31.85,24.72,1.56,28.9,73.1,2.12,norte,feriado,0
2024-03-06 12:00:00,16.47,31.68,51.09,0.56,15.7,75.4,1.92,industrial,laboral,0
2024-03-06 18:00:00,48.04,96.39,55.06,1.55,10.8,69.7,4.25,sur,laboral,1
2024-03-07 00:00:00,18.02,40.08,28.9,3.03,17.8,98.0,3.27,norte,laboral,1
2024-03-07 06:00:00,11.74,21.77,41.12,1.84,28.6,63.0,5.2,norte,laboral,0
2024-03-07 12:00:00,60.78,103.42,22.94,0.62,1.1,93.5,2.35,industrial,laboral,1
2024-03-07 18:00:00,18.44,42.22,48.45,1.78,15.8,59.3,1.6,industrial,laboral,0
2024-03-08 00:00:00,8.66,18.51,33.99,1.26,10.6,44.4,0.79,industrial,laboral,1
2024-03-08 06:00:00,,39.45,32.93,1.5,16.9,42.2,2.16,centro,laboral,0
2024-03-08 12:00:00,8.54,17.09,49.85,2.26,9.9,47.2,2.72,norte,fin_semana,0
2024-03-08 18:00:00,18.62,34.22,67.72,0.94,10.9,59.3,1.8,centro,laboral,0
2024-03-09 00:00:00,26.29,41.09,27.73,0.66,32.0,60.1,5.56,sur,laboral,0
2024-03-09 06:00:00,20.6,49.67,38.68,0.36,25.4,72.4,3.19,industrial,laboral,0
2024-03-09 12:00:00,21.7,31.65,45.85,1.42,22.1,49.4,3.58,sur,fin_semana,0
2024-03-09 18:00:00,15.36,25.96,16.71,0.67,14.5,77.4,1.36,sur,laboral,0
2024-03-10 00:00:00,23.87,40.53,45.01,1.75,18.5,67.7,8.9,norte,laboral,0
2024-03-10 06:00:00,22.88,47.83,46.61,1.67,13.6,58.4,1.07,industrial,laboral,1
2024-03-10 12:00:00,20.93,30.18,41.03,0.98,8.6,60.3,2.57,industrial,laboral,0
2024-03-10 18:00:00,14.99,25.74,48.64,1.0,4.6,51.0,1.61,norte,laboral,0
2024-03-11 00:00:00,18.09,44.66,20.28,0.96,14.0,82.4,1.53,centro,fin_semana,0
2024-03-11 06:00:00,15.44,25.46,38.0,1.21,8.9,98.0,5.58,norte,laboral,0
2024-03-11 12:00:00,21.57,42.55,20.25,1.67,10.2,50.3,1.46,centro,laboral,0
2024-03-11 18:00:00,25.47,50.15,43.14,0.77,16.7,60.2,11.39,sur,laboral,0
2024-03-12 00:00:00,22.67,48.92,11.97,1.75,24.9,78.7,1.44,centro,laboral,0
2024-03-12 06:00:00,17.66,38.9,37.52,2.13,14.1,98.0,6.25,sur,fin_semana,0
2024-03-12 12:00:00,15.78,24.84,23.34,0.51,15.5,25.0,4.46,centro,laboral,0
2024-03-12 18:00:00,9.62,18.26,18.12,1.29,17.0,63.8,5.95,industrial,laboral,0
2024-03-13 00:00:00,25.68,53.82,20.69,0.87,19.1,75.3,1.69,centro,laboral,1
2024-03-13 06:00:00,10.71,24.5,54.56,1.22,13.9,46.2,2.26,sur,laboral,0
2024-03-13 12:00:00,20.49,40.83,58.59,0.79,7.2,54.8,0.38,industrial,laboral,1
2024-03-13 18:00:00,10.9,26.07,29.14,2.8,24.9,38.1,3.87,norte,fin_semana,0
2024-03-14 00:00:00,30.87,45.64,53.93,1.33,5.0,50.7,0.22,norte,fin_semana,0
2024-03-14 06:00:00,24.97,41.21,23.49,0.86,18.1,89.9,0.34,centro,laboral,0
2024-03-14 12:00:00,21.89,37.96,32.32,0.57,10.2,87.0,3.09,centro,laboral,0
2024-03-14 18:00:00,16.54,26.44,43.21,2.61,5.9,52.6,7.5,norte,fin_semana,0
2024-03-15 00:00:00,18.59,44.02,41.6,1.32,23.0,73.0,3.2,industrial,laboral,1
2024-03-15 06:00:00,8.91,17.78,44.02,0.68,15.9,81.3,0.67,norte,laboral,0
2024-03-15 12:00:00,6.43,14.81,14.72,0.4,9.8,36.1,6.28,sur,fin_semana,0
2024-03-15 18:00:00,40.52,77.25,36.76,1.25,17.1,32.6,2.38,centro,fin_semana,1
2024-03-16 00:00:00,24.88,50.06,29.62,0.69,14.2,44.6,5.48,industrial,laboral,0
2024-03-16 06:00:00,15.26,28.12,19.8,2.16,23.7,37.9,2.06,norte,laboral,0
2024-03-16 12:00:00,33.09,69.57,16.61,1.9,8.8,74.1,2.0,centro,fin_semana,0
2024-03-16 18:00:00,49.44,93.88,36.98,1.19,17.2,63.8,4.65,sur,laboral,1
2024-03-17 00:00:00,23.11,56.68,44.55,0.96,9.0,68.7,2.99,industrial,laboral,1
2024-03-17 06:00:00,35.55,50.41,39.62,1.62,20.8,66.3,5.41,sur,laboral,1
2024-03-17 12:00:00,24.5,47.53,34.27,0.65,16.7,58.5,0.46,centro,laboral,0
2024-03-17 18:00:00,21.06,31.77,21.98,1.31,15.6,27.0,1.04,norte,laboral,0
2024-03-18 00:00:00,25.24,60.0,37.11,2.08,8.8,85.5,1.91,industrial,laboral,1
2024-03-18 06:00:00,44.57,83.85,56.75,2.0,16.7,91.7,6.62,centro,laboral,1
2024-03-18 12:00:00,15.93,25.96,30.4,0.69,15.9,39.7,0.47,sur,fin_semana,0
2024-03-18 18:00:00,21.78,41.37,16.39,0.35,21.7,18.0,4.24,sur,laboral,0
2024-03-19 00:00:00,24.72,34.13,10.77,0.76,15.0,98.0,3.31,sur,fin_semana,0
2024-03-19 06:00:00,18.53,32.33,37.06,0.8,11.2,78.3,1.35,centro,fin_semana,0
2024-03-19 12:00:00,16.67,42.02,32.27,1.05,5.5,86.9,3.8,sur,laboral,0
2024-03-19 18:00:00,23.68,50.71,52.82,1.39,20.1,32.0,2.61,centro,fin_semana,0
2024-03-20 00:00:00,11.95,25.92,36.25,0.66,13.3,62.5,2.29,centro,fin_semana,1
2024-03-20 06:00:00,39.17,81.0,23.9,1.24,14.6,51.1,3.36,centro,laboral,0
2024-03-20 12:00:00,16.93,30.82,30.83,1.71,14.3,80.1,1.56,sur,laboral,0
2024-03-20 18:00:00,22.66,36.9,30.3,1.0,15.8,57.2,4.62,centro,laboral,0
2024-03-21 00:00:00,25.23,53.23,33.86,0.74,15.3,66.9,3.13,centro,laboral,1
2024-03-21 06:00:00,11.65,24.19,35.02,1.39,7.0,72.4,1.36,centro,laboral,0
2024-03-21 12:00:00,40.23,60.1,44.28,1.64,17.8,35.6,0.33,centro,laboral,1
2024-03-21 18:00:00,9.25,19.83,30.38,1.26,4.0,53.1,5.41,sur,laboral,0
2024-03-22 00:00:00,33.56,45.36,22.35,1.03,11.1,26.2,3.67,norte,laboral,0
2024-03-22 06:00:00,44.87,84.53,42.52,0.64,19.1,88.2,2.46,industrial,fin_semana,1
2024-03-22 12:00:00,17.64,30.89,70.45,1.19,6.4,69.9,2.14,industrial,laboral,1
2024-03-22 18:00:00,26.46,50.42,46.02,2.19,10.7,55.3,4.07,sur,laboral,0
2024-03-23 00:00:00,32.97,64.92,26.65,0.63,13.0,98.0,0.49,centro,laboral,1
2024-03-23 06:00:00,18.73,44.83,8.7,0.72,16.9,66.4,2.39,sur,laboral,0
2024-03-23 12:00:00,28.9,55.44,26.83,0.77,16.3,59.1,4.78,sur,fin_semana,1
2024-03-23 18:00:00,6.23,11.81,28.11,3.53,7.1,52.5,5.87,sur,laboral,0
2024-03-24 00:00:00,23.39,32.75,22.47,1.71,14.2,74.3,4.08,industrial,laboral,1
2024-03-24 06:00:00,19.49,35.16,39.24,1.62,12.2,67.8,3.92,industrial,laboral,0
2024-03-24 12:00:00,32.41,64.9,21.41,1.26,17.5,50.6,5.39,norte,laboral,0
2024-03-24 18:00:00,17.93,42.11,37.93,0.55,17.6,67.8,0.94,sur,laboral,0
2024-03-25 00:00:00,27.82,54.11,22.41,0.86,18.3,54.0,0.56,centro,laboral,0
2024-03-25 06:00:00,55.08,38.48,54.93,1.44,15.2,71.4,4.26,norte,laboral,0
2024-03-25 12:00:00,6.23,9.44,20.67,1.17,22.0,79.9,4.6,industrial,laboral,0
2024-03-25 18:00:00,34.16,76.51,51.0,1.31,18.8,53.4,0.66,centro,laboral,0
2024-03-26 00:00:00,29.31,52.18,27.3,1.27,16.2,41.0,4.69,norte,laboral,0
2024-03-26 06:00:00,11.82,23.53,50.31,0.47,23.3,95.7,5.16,norte,fin_semana,0
2024-03-26 12:00:00,37.87,63.91,36.7,1.39,14.6,16.9,3.11,industrial,laboral,1
2024-03-26 18:00:00,30.77,36.91,43.31,0.8,17.7,75.3,1.49,sur,laboral,0
2024-03-27 00:00:00,19.24,43.62,64.18,1.51,10.4,82.8,0.66,norte,laboral,0
2024-03-27 06:00:00,9.84,17.33,51.69,1.06,17.5,61.3,2.69,centro,laboral,0
2024-03-27 12:00:00,22.29,38.24,55.38,0.86,16.0,70.5,5.26,norte,laboral,0
2024-03-27 18:00:00,13.32,26.53,33.08,0.81,16.2,50.6,3.62,industrial,fin_semana,0
2024-03-28 00:00:00,24.4,41.71,13.68,2.03,6.5,67.2,4.28,sur,laboral,0
2024-03-28 06:00:00,10.08,22.62,25.7,2.45,26.8,41.3,3.5,centro,feriado,0
2024-03-28 12:00:00,33.93,74.46,38.93,0.63,13.7,74.3,3.45,norte,laboral,0
2024-03-28 18:00:00,44.05,82.34,41.29,2.1,11.9,56.7,1.07,centro,laboral,1
2024-03-29 00:00:00,43.57,83.31,52.7,0.75,9.2,78.9,2.29,sur,laboral,1
2024-03-29 06:00:00,13.02,23.2,16.16,0.96,17.2,46.6,4.0,centro,laboral,0
2024-03-29 12:00:00,28.5,48.64,32.67,0.67,28.1,66.7,1.44,centro,laboral,1
2024-03-29 18:00:00,39.87,70.53,38.73,1.4,9.3,79.6,1.75,norte,laboral,1
2024-03-30 00:00:00,32.46,57.19,28.51,2.06,6.5,68.8,5.62,norte,fin_semana,0
2024-03-30 06:00:00,10.1,14.29,24.12,0.57,18.2,59.7,6.99,sur,fin_semana,0
2024-03-30 12:00:00,28.72,44.05,53.45,0.56,30.5,98.0,4.02,industrial,fin_semana,0
2024-03-30 18:00:00,11.85,25.98,9.12,2.36,12.6,46.0,1.61,sur,fin_semana,0
2024-03-31 00:00:00,24.97,46.68,13.18,0.47,7.6,76.3,0.21,industrial,laboral,1
2024-03-31 06:00:00,8.38,14.83,59.99,0.96,22.6,15.0,6.07,centro,laboral,0
2024-03-31 12:00:00,26.17,50.32,27.48,1.79,13.0,28.2,8.19,industrial,fin_semana,0
2024-03-31 18:00:00,23.03,39.91,31.86,0.81,4.5,46.8,1.85,sur,laboral,0
2024-04-01 00:00:00,23.64,53.76,19.98,1.07,20.4,55.3,3.21,centro,laboral,0
2024-04-01 06:00:00,40.94,79.86,47.06,2.34,2.4,65.4,1.69,sur,laboral,1
2024-04-01 12:00:00,38.53,87.13,29.39,0.8,16.3,60.5,7.92,sur,fin_semana,0
2024-04-01 18:00:00,9.21,22.73,8.25,0.66,1.6,63.5,6.06,norte,laboral,0
2024-04-02 00:00:00,15.03,35.31,33.86,1.56,23.4,62.1,7.56,sur,laboral,0
2024-04-02 06:00:00,27.33,68.03,13.46,1.16,4.3,67.1,3.2,industrial,laboral,1
2024-04-02 12:00:00,36.53,56.63,32.36,0.79,11.3,53.9,7.43,sur,laboral,0
2024-04-02 18:00:00,18.8,35.74,34.45,0.54,20.9,31.1,1.96,norte,laboral,0
2024-04-03 00:00:00,18.84,35.19,38.56,1.38,13.3,77.1,2.06,norte,laboral,0
2024-04-03 06:00:00,17.32,34.76,39.05,0.92,17.5,77.0,5.13,centro,fin_semana,0
2024-04-03 12:00:00,30.17,66.11,53.99,0.42,14.0,43.6,1.02,norte,fin_semana,1
2024-04-03 18:00:00,23.25,51.49,11.82,1.2,14.7,69.0,4.47,norte,fin_semana,0
2024-04-04 00:00:00,8.22,14.24,50.24,0.47,10.1,44.3,1.69,centro,laboral,0
2024-04-04 06:00:00,8.08,14.51,37.0,1.31,20.0,98.0,3.61,norte,laboral,0
2024-04-04 12:00:00,40.06,78.23,27.47,1.14,20.7,77.2,0.44,norte,fin_semana,1
2024-04-04 18:00:00,22.75,51.88,33.52,0.98,29.5,72.7,5.07,industrial,laboral,0
2024-04-05 00:00:00,20.82,46.0,20.62,1.39,25.5,67.7,4.93,industrial,laboral,0
2024-04-05 06:00:00,10.12,18.68,34.68,2.35,17.9,59.6,3.39,centro,feriado,0
2024-04-05 12:00:00,11.48,23.5,29.26,0.48,18.9,68.8,1.45,sur,laboral,0
2024-04-05 18:00:00,24.2,63.55,22.92,0.71,18.1,51.5,8.04,centro,laboral,0
2024-04-06 00:00:00,15.87,,25.13,1.08,19.5,81.1,1.99,norte,laboral,0
2024-04-06 06:00:00,14.59,29.98,,0.54,19.0,43.0,2.49,norte,laboral,0
2024-04-06 12:00:00,26.98,48.85,49.48,1.17,5.1,54.9,2.96,sur,laboral,1
2024-04-06 18:00:00,5.68,10.8,25.41,2.47,19.6,71.6,1.91,industrial,fin_semana,0
2024-04-07 00:00:00,39.34,83.29,28.81,0.35,16.8,82.9,1.18,sur,laboral,0
2024-04-07 06:00:00,19.64,43.56,9.9,0.64,9.7,86.6,3.53,norte,laboral,0
2024-04-07 12:00:00,35.89,66.73,59.89,2.95,7.5,84.7,5.06,sur,laboral,1
2024-04-07 18:00:00,14.35,26.51,20.26,0.64,26.1,74.7,3.71,norte,laboral,0
2024-04-08 00:00:00,17.18,29.48,27.98,1.27,14.3,72.6,0.31,sur,fin_semana,0
2024-04-08 06:00:00,22.31,52.23,26.01,2.11,15.8,84.8,1.87,sur,fin_semana,1
2024-04-08 12:00:00,34.53,72.0,45.18,0.64,10.3,38.9,4.85,norte,laboral,0
2024-04-08 18:00:00,6.95,14.66,10.87,1.11,21.3,83.9,5.15,sur,laboral,0
2024-04-09 00:00:00,35.05,64.79,19.41,1.45,18.7,73.5,1.95,centro,feriado,0
2024-04-09 06:00:00,21.55,31.28,24.51,0.99,14.3,84.8,1.99,industrial,laboral,0
2024-04-09 12:00:00,45.96,91.9,46.85,0.77,16.6,76.2,1.99,centro,laboral,1
2024-04-09 18:00:00,18.19,45.45,30.68,0.56,-0.2,67.7,0.62,sur,laboral,0
2024-04-10 00:00:00,26.73,43.09,33.04,1.11,20.9,78.3,0.69,industrial,fin_semana,0
2024-04-10 06:00:00,13.92,29.44,55.99,1.02,28.0,50.3,0.67,norte,fin_semana,0
2024-04-10 12:00:00,38.0,71.02,74.81,2.21,13.9,60.0,5.12,centro,laboral,1
2024-04-10 18:00:00,27.32,51.35,21.57,0.44,6.0,84.0,0.62,centro,fin_semana,0
2024-04-11 00:00:00,10.81,17.74,23.36,0.81,12.9,43.1,5.52,industrial,fin_semana,0
2024-04-11 06:00:00,23.42,45.79,24.21,0.62,33.2,58.8,4.6,norte,laboral,1
2024-04-11 12:00:00,26.54,48.62,18.27,2.3,22.9,82.6,1.28,industrial,laboral,0
2024-04-11 18:00:00,26.47,50.02,34.02,1.2,17.2,71.2,3.44,sur,laboral,0
2024-04-12 00:00:00,31.7,63.6,32.8,2.7,12.2,62.0,2.25,norte,laboral,0
2024-04-12 06:00:00,32.78,57.88,9.66,2.12,14.6,42.6,1.77,norte,laboral,0
2024-04-12 12:00:00,9.48,19.33,29.36,2.55,19.7,86.3,6.46,industrial,laboral,0
2024-04-12 18:00:00,11.89,15.03,49.93,3.81,8.4,87.4,1.62,centro,laboral,0
2024-04-13 00:00:00,25.81,58.45,65.67,1.21,17.1,73.3,1.99,industrial,laboral,1
2024-04-13 06:00:00,12.53,22.21,32.23,0.95,21.3,55.6,4.11,centro,laboral,0
2024-04-13 12:00:00,32.08,72.98,27.15,1.46,14.5,37.9,3.11,norte,laboral,0
2024-04-13 18:00:00,8.95,15.77,34.29,0.73,20.5,58.3,1.35,industrial,laboral,0
2024-04-14 00:00:00,19.94,39.12,41.81,0.45,12.0,47.8,4.53,centro,laboral,0
2024-04-14 06:00:00,35.65,51.77,17.04,0.78,10.9,76.2,2.03,norte,fin_semana,0
2024-04-14 12:00:00,12.11,24.46,35.27,0.89,20.2,82.2,5.48,norte,laboral,0
2024-04-14 18:00:00,15.58,28.95,29.97,1.84,23.8,69.8,2.86,industrial,laboral,0
2024-04-15 00:00:00,10.61,15.69,25.32,0.74,16.8,55.5,0.79,sur,laboral,0
2024-04-15 06:00:00,41.38,76.26,5.35,0.54,18.0,56.2,3.88,norte,laboral,1
2024-04-15 12:00:00,15.61,19.64,45.93,0.74,8.7,60.8,2.02,centro,laboral,0
2024-04-15 18:00:00,21.7,40.48,35.04,0.72,8.2,66.0,1.28,centro,laboral,0
2024-04-16 00:00:00,20.71,35.3,33.71,1.03,11.8,48.1,3.14,centro,laboral,1
2024-04-16 06:00:00,7.81,17.26,38.29,1.67,7.0,76.9,3.09,centro,feriado,0
2024-04-16 12:00:00,11.53,29.89,46.15,0.8,3.4,81.1,3.25,centro,fin_semana,0
2024-04-16 18:00:00,16.7,26.16,30.19,1.49,28.1,72.2,3.41,industrial,fin_semana,0
2024-04-17 00:00:00,14.39,27.72,,0.96,11.1,66.9,2.44,centro,laboral,0
2024-04-17 06:00:00,6.45,9.89,34.13,0.88,32.5,58.2,3.01,sur,laboral,0
2024-04-17 12:00:00,9.19,15.5,15.51,1.75,23.7,97.7,7.39,sur,laboral,0
2024-04-17 18:00:00,,18.84,55.46,0.78,19.9,75.0,7.13,centro,fin_semana,0
2024-04-18 00:00:00,14.56,25.57,14.1,3.07,9.1,44.6,2.79,norte,laboral,0
2024-04-18 06:00:00,38.8,57.62,13.64,0.97,14.4,49.4,3.78,sur,fin_semana,0
2024-04-18 12:00:00,33.95,64.92,19.74,1.36,21.2,80.6,1.97,norte,laboral,1
2024-04-18 18:00:00,10.74,18.44,20.54,2.15,16.0,59.7,1.46,norte,fin_semana,0
2024-04-19 00:00:00,17.75,18.46,13.1,1.51,18.1,68.6,2.38,centro,laboral,0
2024-04-19 06:00:00,9.59,18.06,45.51,1.03,19.1,49.1,2.94,centro,laboral,0
2024-04-19 12:00:00,31.95,58.67,33.65,3.36,13.0,70.2,0.48,sur,laboral,1
2024-04-19 18:00:00,24.75,47.53,32.31,0.65,22.9,81.2,4.16,norte,laboral,0
2024-04-20 00:00:00,30.77,54.66,17.57,2.01,21.8,54.1,10.72,centro,laboral,0
2024-04-20 06:00:00,7.29,14.78,,1.2,25.9,64.1,2.01,sur,laboral,0
2024-04-20 12:00:00,11.46,21.7,11.02,2.22,10.0,86.5,0.53,industrial,laboral,1
2024-04-20 18:00:00,20.08,38.18,41.03,3.77,1.8,77.6,3.26,centro,laboral,0
2024-04-21 00:00:00,24.97,37.03,21.49,0.59,14.9,61.3,5.3,industrial,fin_semana,0
2024-04-21 06:00:00,7.91,9.17,27.35,1.15,12.6,35.4,1.57,industrial,fin_semana,1
2024-04-21 12:00:00,16.95,35.61,66.49,1.73,25.0,79.4,1.73,sur,laboral,1
2024-04-21 18:00:00,6.91,14.18,43.81,1.33,20.6,68.3,4.41,norte,laboral,0
2024-04-22 00:00:00,50.46,64.38,38.83,0.92,23.8,19.8,5.23,centro,laboral,0
2024-04-22 06:00:00,29.58,37.71,41.68,0.85,16.6,32.5,1.47,centro,laboral,0
2024-04-22 12:00:00,18.83,27.17,29.03,1.48,20.2,71.9,2.9,centro,feriado,0
2024-04-22 18:00:00,46.31,70.42,75.53,1.01,12.3,58.2,1.85,norte,fin_semana,1
2024-04-23 00:00:00,11.07,16.76,42.04,0.43,22.6,75.8,3.65,industrial,fin_semana,0
2024-04-23 06:00:00,17.04,30.32,34.38,0.38,21.9,38.9,1.82,norte,laboral,0
2024-04-23 12:00:00,18.68,35.03,39.33,0.78,26.4,87.2,1.32,norte,fin_semana,0
2024-04-23 18:00:00,8.13,11.84,25.16,0.56,-2.2,62.6,5.24,industrial,laboral,0
2024-04-24 00:00:00,29.13,55.7,29.75,1.84,20.8,49.4,1.2,sur,laboral,0
2024-04-24 06:00:00,13.06,22.49,38.14,0.4,17.0,73.6,8.9,sur,laboral,0
2024-04-24 12:00:00,8.32,17.53,42.1,1.47,7.2,55.5,1.66,norte,fin_semana,0
2024-04-24 18:00:00,37.09,56.52,39.61,2.02,23.2,53.9,1.87,norte,laboral,0
2024-04-25 00:00:00,25.51,53.8,21.17,1.57,10.4,64.6,0.83,sur,laboral,0
2024-04-25 06:00:00,36.11,67.12,45.31,1.27,19.0,73.6,1.87,norte,fin_semana,0
2024-04-25 12:00:00,21.97,33.46,36.64,0.58,21.4,86.8,0.97,centro,laboral,0
2024-04-25 18:00:00,15.34,33.25,22.8,1.11,12.0,76.1,5.1,industrial,laboral,0
2024-04-26 00:00:00,12.49,21.98,92.44,1.61,17.8,70.0,2.72,industrial,fin_semana,1
2024-04-26 06:00:00,9.6,17.36,14.93,0.62,11.1,71.2,4.2,centro,laboral,0
2024-04-26 12:00:00,8.49,15.49,30.47,2.02,15.3,61.1,1.2,norte,fin_semana,0
2024-04-26 18:00:00,15.86,23.7,34.82,0.53,17.1,56.9,0.73,centro,laboral,0
2024-04-27 00:00:00,49.38,104.54,30.91,1.78,12.6,73.1,1.93,industrial,fin_semana,0
2024-04-27 06:00:00,5.95,,13.26,0.99,2.1,54.9,1.08,industrial,laboral,0
2024-04-27 12:00:00,28.12,46.35,34.28,0.47,7.8,30.9,0.55,norte,laboral,0
2024-04-27 18:00:00,31.16,63.29,25.21,0.67,0.9,50.5,1.53,centro,laboral,0
2024-04-28 00:00:00,46.66,88.26,19.25,0.58,17.9,56.2,6.1,norte,laboral,0
2024-04-28 06:00:00,45.75,57.17,24.46,0.63,17.8,65.3,6.65,centro,laboral,0
2024-04-28 12:00:00,13.01,23.34,33.12,1.48,12.4,58.8,1.33,centro,feriado,0
2024-04-28 18:00:00,16.88,25.12,64.96,0.81,9.1,39.8,5.59,norte,fin_semana,0
2024-04-29 00:00:00,34.47,64.65,42.59,1.4,24.4,85.5,3.05,sur,fin_semana,1
2024-04-29 06:00:00,28.4,52.37,28.45,2.3,20.2,68.2,2.52,centro,fin_semana,0
2024-04-29 12:00:00,30.06,45.84,17.88,1.22,9.8,98.0,3.25,industrial,feriado,0
2024-04-29 18:00:00,22.1,37.93,9.74,1.86,14.5,77.9,2.3,norte,laboral,0
2024-04-30 00:00:00,20.97,39.88,54.41,1.42,14.9,53.6,2.2,sur,fin_semana,0
2024-04-30 06:00:00,35.01,63.97,22.82,0.47,12.4,90.5,6.79,industrial,fin_semana,0
2024-04-30 12:00:00,18.72,32.2,73.83,1.08,19.5,81.3,5.71,industrial,fin_semana,1
2024-04-30 18:00:00,13.64,31.84,16.17,0.8,15.2,75.6,0.85,norte,laboral,0
2024-05-01 00:00:00,19.0,37.83,25.56,0.78,13.9,66.4,1.95,sur,feriado,0
2024-05-01 06:00:00,14.52,31.39,9.29,0.98,8.4,84.1,3.4,industrial,fin_semana,0
2024-05-01 12:00:00,22.21,55.58,40.44,0.54,28.8,72.9,0.1,centro,laboral,1
2024-05-01 18:00:00,36.39,69.18,39.67,2.64,0.8,75.9,0.37,industrial,fin_semana,1
2024-05-02 00:00:00,21.1,33.29,27.8,0.72,12.8,67.5,2.55,industrial,fin_semana,0
2024-05-02 06:00:00,43.54,75.42,26.81,1.47,-0.7,44.6,4.56,sur,laboral,1
2024-05-02 12:00:00,29.37,59.64,27.63,0.77,28.4,48.2,2.04,industrial,laboral,0
2024-05-02 18:00:00,16.39,34.34,29.63,1.92,10.0,74.2,1.49,sur,laboral,0
2024-05-03 00:00:00,21.44,38.91,37.22,2.1,11.5,56.5,3.57,sur,laboral,0
2024-05-03 06:00:00,12.8,24.17,67.44,3.1,5.8,78.2,2.94,centro,fin_semana,0
2024-05-03 12:00:00,21.85,43.15,33.46,2.04,22.7,56.6,2.87,sur,laboral,0
2024-05-03 18:00:00,21.43,45.89,31.06,1.04,17.9,87.7,2.2,industrial,laboral,0
2024-05-04 00:00:00,19.64,34.36,52.57,3.93,16.3,69.4,2.06,industrial,fin_semana,1
2024-05-04 06:00:00,35.16,68.69,11.7,2.74,14.4,50.7,1.13,centro,laboral,0
2024-05-04 12:00:00,43.1,79.85,15.42,0.44,12.1,69.3,4.19,centro,feriado,0
2024-05-04 18:00:00,16.07,33.98,23.68,1.33,17.3,64.6,2.38,sur,laboral,0
2024-05-05 00:00:00,17.61,20.12,14.91,2.75,-3.0,64.7,4.48,centro,laboral,0
2024-05-05 06:00:00,28.54,61.01,31.78,0.31,14.8,25.9,1.98,industrial,laboral,1
2024-05-05 12:00:00,4.75,11.03,36.83,0.8,10.8,84.0,0.67,norte,fin_semana,0
2024-05-05 18:00:00,33.0,58.8,24.96,0.66,31.1,88.2,2.65,sur,laboral,0
2024-05-06 00:00:00,12.21,25.39,45.33,0.82,28.2,68.7,2.2,centro,laboral,0
2024-05-06 06:00:00,18.34,31.31,27.48,0.42,15.0,54.8,4.04,norte,fin_semana,0
2024-05-06 12:00:00,35.97,51.49,22.44,1.8,25.4,92.3,1.81,norte,laboral,0
2024-05-06 18:00:00,30.4,33.42,12.73,1.82,16.6,83.4,3.32,sur,laboral,0
2024-05-07 00:00:00,29.16,64.8,69.97,1.23,13.3,47.4,3.06,industrial,laboral,0
2024-05-07 06:00:00,23.97,44.94,35.88,2.33,8.0,59.9,2.45,industrial,fin_semana,0
2024-05-07 12:00:00,10.41,20.11,23.16,2.28,15.9,46.0,2.74,sur,laboral,0
2024-05-07 18:00:00,14.48,31.57,19.52,1.38,21.9,48.5,1.25,industrial,laboral,0
2024-05-08 00:00:00,7.78,16.95,48.59,0.54,29.4,56.9,2.08,norte,feriado,0
2024-05-08 06:00:00,31.91,56.28,36.03,0.98,14.0,89.2,0.7,norte,laboral,1
2024-05-08 12:00:00,38.85,82.32,29.51,2.2,19.3,65.9,2.32,centro,laboral,1
2024-05-08 18:00:00,4.89,9.32,39.18,0.7,16.7,60.4,6.69,sur,laboral,0
2024-05-09 00:00:00,13.44,32.81,24.78,0.99,5.9,61.6,3.57,sur,laboral,0
2024-05-09 06:00:00,27.7,52.78,41.55,1.67,15.4,69.3,1.74,centro,fin_semana,0
2024-05-09 12:00:00,30.7,31.56,36.95,1.76,26.3,53.6,3.09,industrial,fin_semana,0
2024-05-09 18:00:00,17.61,33.56,30.38,0.88,14.8,66.2,0.7,norte,laboral,0
2024-05-10 00:00:00,19.03,44.73,31.88,0.68,11.4,98.0,1.08,centro,laboral,0
2024-05-10 06:00:00,28.26,61.26,43.37,0.44,18.4,61.4,2.67,centro,laboral,0
2024-05-10 12:00:00,39.25,82.14,,1.46,14.5,88.8,0.13,centro,fin_semana,1
2024-05-10 18:00:00,28.73,41.31,34.99,0.92,20.9,79.1,2.04,centro,fin_semana,0
2024-05-11 00:00:00,33.69,46.86,13.62,0.93,20.1,47.1,6.69,sur,laboral,0
2024-05-11 06:00:00,27.26,58.16,35.96,1.14,9.1,78.9,1.79,centro,laboral,0
2024-05-11 12:00:00,33.35,,14.53,0.57,20.2,49.7,2.05,industrial,fin_semana,0
2024-05-11 18:00:00,5.76,10.69,41.67,1.34,31.6,43.6,1.06,norte,laboral,0
2024-05-12 00:00:00,31.49,63.78,30.54,1.1,22.9,52.7,4.63,norte,fin_semana,0
2024-05-12 06:00:00,17.69,39.03,9.54,2.12,7.4,72.3,2.16,norte,laboral,0
2024-05-12 12:00:00,31.24,63.78,42.34,1.15,14.8,53.1,2.09,centro,fin_semana,0
2024-05-12 18:00:00,15.98,26.49,31.81,1.76,13.8,68.3,2.28,norte,laboral,0
2024-05-13 00:00:00,31.26,59.9,33.23,1.56,15.4,63.6,4.19,industrial,fin_semana,0
2024-05-13 06:00:00,33.04,63.2,26.24,1.17,22.0,63.8,2.51,industrial,fin_semana,1
2024-05-13 12:00:00,13.5,23.12,26.91,1.84,9.1,88.6,6.72,centro,laboral,0
2024-05-13 18:00:00,11.9,28.39,30.46,1.15,24.8,80.5,1.28,industrial,laboral,1
2024-05-14 00:00:00,49.84,92.83,26.36,1.4,18.8,64.7,0.24,industrial,fin_semana,1
2024-05-14 06:00:00,18.32,34.38,70.1,1.09,10.3,69.2,1.54,sur,fin_semana,1
2024-05-14 12:00:00,15.43,33.53,41.41,1.46,24.4,57.8,9.12,sur,fin_semana,0
2024-05-14 18:00:00,11.85,29.61,46.16,1.3,21.6,70.1,0.72,norte,laboral,0
2024-05-15 00:00:00,12.67,23.46,9.47,1.8,11.1,35.6,5.6,sur,fin_semana,0
2024-05-15 06:00:00,27.65,67.19,37.26,1.25,12.5,50.3,0.53,norte,laboral,0
2024-05-15 12:00:00,8.85,12.93,17.15,1.55,21.1,52.0,2.35,centro,fin_semana,0
2024-05-15 18:00:00,35.33,56.32,78.15,0.93,27.3,55.3,5.95,norte,laboral,1
2024-05-16 00:00:00,37.82,53.88,36.46,1.4,17.8,41.6,1.62,norte,laboral,0
2024-05-16 06:00:00,28.15,37.11,37.73,0.76,13.5,76.1,6.98,centro,laboral,0
2024-05-16 12:00:00,42.12,92.07,24.28,1.24,-3.0,52.3,3.03,industrial,laboral,1
2024-05-16 18:00:00,14.21,24.47,37.46,0.72,16.5,45.4,3.82,sur,feriado,0
2024-05-17 00:00:00,49.74,74.16,32.07,0.43,19.8,72.1,2.42,centro,laboral,0
2024-05-17 06:00:00,21.72,52.59,59.68,0.65,17.1,66.3,5.93,sur,laboral,0
2024-05-17 12:00:00,11.64,27.31,24.68,0.58,14.2,98.0,4.98,centro,fin_semana,0
2024-05-17 18:00:00,29.71,,16.71,1.36,10.1,65.8,2.18,sur,laboral,0
2024-05-18 00:00:00,36.92,74.88,44.05,0.75,-1.4,63.8,1.97,norte,laboral,0
2024-05-18 06:00:00,11.41,20.44,21.59,1.74,17.3,63.6,4.8,centro,laboral,0
2024-05-18 12:00:00,5.32,11.07,32.4,1.75,33.5,69.1,3.15,centro,fin_semana,0
2024-05-18 18:00:00,29.36,47.23,25.85,0.89,17.7,48.3,1.2,industrial,feriado,0
2024-05-19 00:00:00,16.08,24.66,28.13,2.39,18.8,57.7,0.69,sur,fin_semana,1
2024-05-19 06:00:00,19.78,25.68,46.35,1.25,-1.0,44.1,8.73,centro,feriado,0
2024-05-19 12:00:00,19.6,36.15,47.99,0.62,2.1,48.2,1.48,industrial,laboral,1
2024-05-19 18:00:00,11.87,27.12,61.1,0.46,21.6,71.3,8.22,norte,laboral,0
2024-05-20 00:00:00,40.03,71.29,11.49,0.69,32.0,56.9,1.0,sur,laboral,1
2024-05-20 06:00:00,34.05,47.67,22.72,0.43,13.6,21.5,7.69,industrial,fin_semana,1
2024-05-20 12:00:00,8.1,18.0,32.13,0.99,18.1,60.1,0.32,industrial,laboral,0
2024-05-20 18:00:00,13.32,28.2,56.66,1.87,18.8,64.7,2.7,norte,laboral,0
2024-05-21 00:00:00,13.66,25.73,20.78,0.97,24.7,69.5,3.45,industrial,fin_semana,0
2024-05-21 06:00:00,43.75,89.9,35.1,1.06,23.7,26.2,2.15,norte,fin_semana,0
2024-05-21 12:00:00,14.03,33.17,35.71,0.56,17.4,52.4,1.53,sur,laboral,0
2024-05-21 18:00:00,21.11,31.2,36.93,2.37,10.7,63.6,2.21,industrial,fin_semana,0
2024-05-22 00:00:00,18.95,41.75,46.97,1.18,14.4,98.0,1.48,sur,fin_semana,1
2024-05-22 06:00:00,19.18,31.36,45.96,0.49,25.6,95.3,4.49,sur,laboral,0
2024-05-22 12:00:00,17.88,36.85,25.31,0.81,3.5,51.8,2.95,centro,laboral,0
2024-05-22 18:00:00,12.08,22.65,23.24,0.8,20.4,50.1,2.89,norte,laboral,0
2024-05-23 00:00:00,22.39,50.82,51.94,2.51,3.0,59.2,5.0,centro,laboral,0
2024-05-23 06:00:00,51.78,116.32,22.04,1.13,26.7,69.7,1.17,centro,laboral,0
2024-05-23 12:00:00,17.76,30.56,16.67,0.46,32.1,55.1,2.77,centro,laboral,0
2024-05-23 18:00:00,9.54,17.45,40.92,1.04,28.9,53.6,3.65,sur,laboral,0
2024-05-24 00:00:00,10.79,25.21,53.24,0.49,14.7,57.6,4.81,sur,fin_semana,0
2024-05-24 06:00:00,9.46,15.84,52.02,0.72,15.7,67.0,0.7,sur,laboral,0
2024-05-24 12:00:00,8.41,16.14,12.78,2.33,19.4,43.9,9.39,centro,laboral,0
2024-05-24 18:00:00,38.49,42.1,30.09,1.09,18.7,62.9,0.79,centro,laboral,1
2024-05-25 00:00:00,25.58,59.55,40.42,1.29,21.5,75.3,4.5,centro,fin_semana,0
2024-05-25 06:00:00,6.94,13.99,50.85,1.07,13.7,47.4,3.03,centro,fin_semana,0
2024-05-25 12:00:00,14.42,,30.11,0.58,17.7,94.0,3.09,sur,laboral,0
2024-05-25 18:00:00,15.45,28.95,22.81,2.32,15.5,41.5,2.4,industrial,laboral,1
2024-05-26 00:00:00,41.83,97.84,48.12,1.15,15.1,64.9,1.36,sur,laboral,1
2024-05-26 06:00:00,24.72,54.16,32.6,0.42,15.1,92.0,6.68,norte,laboral,0
2024-05-26 12:00:00,24.14,46.31,28.55,0.78,13.8,42.5,1.56,sur,fin_semana,0
2024-05-26 18:00:00,25.01,48.61,25.98,1.73,18.6,38.5,2.5,centro,laboral,1
2024-05-27 00:00:00,29.36,61.42,25.53,1.21,7.4,47.3,1.0,norte,laboral,0
2024-05-27 06:00:00,27.03,57.16,21.63,1.84,15.6,51.3,3.97,norte,fin_semana,0
2024-05-27 12:00:00,8.29,17.39,43.26,1.78,16.3,50.3,3.5,norte,laboral,0
2024-05-27 18:00:00,38.15,77.82,35.91,1.13,13.5,55.7,3.64,sur,laboral,0
2024-05-28 00:00:00,19.17,21.73,14.52,1.28,-3.0,77.0,1.42,sur,fin_semana,0
2024-05-28 06:00:00,7.07,10.26,16.53,2.06,17.6,45.8,2.87,centro,laboral,0
2024-05-28 12:00:00,6.4,11.88,12.11,1.18,11.0,98.0,3.64,sur,feriado,0
2024-05-28 18:00:00,31.84,52.29,33.85,2.81,18.1,48.3,0.57,industrial,laboral,1
2024-05-29 00:00:00,12.74,26.81,44.07,1.88,12.0,85.8,3.87,centro,laboral,0
2024-05-29 06:00:00,12.95,29.91,37.37,1.24,12.2,72.4,2.05,centro,laboral,0
2024-05-29 12:00:00,23.7,55.08,32.36,1.13,12.4,40.9,0.9,norte,fin_semana,0
2024-05-29 18:00:00,40.83,69.57,25.99,1.84,3.3,48.9,3.21,industrial,laboral,1
2024-05-30 00:00:00,10.84,19.15,36.22,0.99,14.0,54.0,3.64,sur,fin_semana,0
2024-05-30 06:00:00,35.25,42.9,24.5,0.88,14.1,68.6,1.13,industrial,laboral,1
2024-05-30 12:00:00,30.66,53.79,38.02,0.53,6.8,37.1,0.56,industrial,fin_semana,0
2024-05-30 18:00:00,30.21,57.22,26.67,1.37,16.5,83.5,3.93,sur,laboral,0
2024-05-31 00:00:00,20.99,37.16,22.76,1.92,6.9,68.1,1.28,sur,laboral,0
2024-05-31 06:00:00,28.26,48.96,31.03,1.75,7.0,67.1,2.19,industrial,fin_semana,0
2024-05-31 12:00:00,41.31,56.04,52.14,1.22,9.4,32.3,3.52,centro,laboral,1
2024-05-31 18:00:00,23.76,46.11,13.42,1.15,13.6,53.0,3.94,sur,laboral,0
2024-06-01 00:00:00,14.83,34.68,78.72,1.37,17.7,40.8,11.19,industrial,laboral,0
2024-06-01 06:00:00,38.07,78.57,27.98,1.31,3.2,75.7,1.73,centro,laboral,0
2024-06-01 12:00:00,10.5,23.23,20.24,1.0,23.3,49.4,3.71,sur,laboral,0
2024-06-01 18:00:00,15.53,23.21,19.44,0.82,15.9,80.1,2.04,industrial,laboral,0
2024-06-02 00:00:00,4.74,8.21,75.99,2.16,9.7,53.9,1.36,norte,laboral,1
2024-06-02 06:00:00,50.18,89.21,23.47,1.12,10.8,80.2,1.82,industrial,fin_semana,1
2024-06-02 12:00:00,23.66,36.8,17.7,1.86,6.7,61.1,10.92,norte,laboral,0
2024-06-02 18:00:00,63.14,102.96,21.41,0.74,21.3,40.6,3.16,sur,fin_semana,0
2024-06-03 00:00:00,26.65,57.33,28.88,1.11,12.4,78.5,1.79,industrial,fin_semana,0
2024-06-03 06:00:00,20.23,34.04,75.64,0.69,14.6,45.1,1.29,sur,fin_semana,1
2024-06-03 12:00:00,31.35,45.73,20.03,0.5,8.0,65.3,5.45,norte,feriado,0
2024-06-03 18:00:00,14.07,30.3,37.37,1.15,28.5,67.0,2.14,industrial,feriado,0
2024-06-04 00:00:00,18.26,29.49,16.83,0.59,24.4,58.1,2.31,centro,fin_semana,0
2024-06-04 06:00:00,29.89,45.04,53.9,0.69,16.1,49.2,1.22,industrial,laboral,1
2024-06-04 12:00:00,43.62,63.74,19.16,0.81,32.3,54.2,0.45,centro,fin_semana,0
2024-06-04 18:00:00,14.57,32.99,39.9,2.53,18.1,98.0,0.17,centro,laboral,1
2024-06-05 00:00:00,39.49,63.91,32.18,1.64,15.5,78.7,3.12,norte,laboral,0
2024-06-05 06:00:00,24.52,51.77,44.12,0.69,17.1,51.2,0.28,centro,laboral,1
2024-06-05 12:00:00,17.73,41.6,31.29,1.21,19.8,55.1,5.62,norte,fin_semana,0
2024-06-05 18:00:00,20.75,36.04,14.37,0.77,9.7,68.2,2.53,centro,fin_semana,0
2024-06-06 00:00:00,23.0,60.16,42.26,0.75,15.3,80.3,2.78,centro,laboral,0
2024-06-06 06:00:00,10.72,17.46,,1.77,29.8,80.2,4.89,norte,laboral,0
2024-06-06 12:00:00,18.29,32.56,32.95,0.35,11.3,73.7,0.44,industrial,laboral,0
2024-06-06 18:00:00,33.43,62.25,22.55,4.81,32.8,71.0,2.36,industrial,laboral,0
2024-06-07 00:00:00,51.1,91.97,55.46,1.78,14.6,76.2,3.71,sur,feriado,1
2024-06-07 06:00:00,15.79,28.14,20.16,0.98,25.4,36.3,5.29,sur,laboral,0
2024-06-07 12:00:00,9.86,15.91,24.23,0.31,12.5,43.9,3.52,sur,laboral,0
2024-06-07 18:00:00,42.11,76.66,38.34,1.16,16.2,62.2,1.78,sur,feriado,0
2024-06-08 00:00:00,16.59,26.28,13.13,1.29,7.3,59.8,1.58,centro,fin_semana,0
2024-06-08 06:00:00,15.07,18.32,68.84,0.28,30.0,82.3,7.96,centro,fin_semana,0
2024-06-08 12:00:00,41.99,88.32,13.8,2.64,12.1,87.4,3.75,centro,laboral,1
2024-06-08 18:00:00,24.64,47.75,37.72,0.81,34.1,70.8,3.26,norte,laboral,0
2024-06-09 00:00:00,19.49,35.3,24.96,2.32,14.3,72.0,4.55,sur,laboral,0
2024-06-09 06:00:00,35.16,73.32,32.89,1.31,6.4,57.0,2.17,sur,laboral,0
2024-06-09 12:00:00,24.05,36.9,18.92,0.32,15.4,66.5,0.76,sur,laboral,0
2024-06-09 18:00:00,10.25,17.17,32.1,0.57,18.6,40.3,1.94,industrial,feriado,0
2024-06-10 00:00:00,24.26,51.86,36.51,0.42,8.7,50.5,9.11,centro,laboral,0
2024-06-10 06:00:00,37.54,56.99,47.18,1.67,25.0,29.0,6.6,centro,laboral,0
2024-06-10 12:00:00,38.01,56.09,17.08,1.47,16.5,61.0,2.52,centro,fin_semana,0
2024-06-10 18:00:00,25.0,45.64,48.02,1.4,21.8,77.1,2.63,sur,fin_semana,0
2024-06-11 00:00:00,20.49,38.94,48.22,0.48,20.1,45.1,8.22,centro,fin_semana,0
2024-06-11 06:00:00,19.06,,25.89,1.18,14.4,60.4,1.6,sur,laboral,0
2024-06-11 12:00:00,19.98,34.37,29.77,1.76,16.7,75.0,4.45,sur,feriado,1
2024-06-11 18:00:00,15.99,29.14,22.95,1.08,5.1,68.1,5.02,sur,laboral,0
2024-06-12 00:00:00,16.79,27.46,29.95,0.71,11.8,51.0,0.84,centro,fin_semana,0
2024-06-12 06:00:00,13.96,21.92,54.53,0.84,21.1,77.6,2.62,centro,laboral,0
2024-06-12 12:00:00,6.61,8.25,26.45,0.77,32.6,34.0,2.99,norte,laboral,0
2024-06-12 18:00:00,25.21,55.29,26.39,0.51,31.5,91.6,2.33,norte,fin_semana,0
2024-06-13 00:00:00,28.39,42.65,18.73,0.64,18.0,55.7,1.37,centro,laboral,0
2024-06-13 06:00:00,36.01,64.28,28.34,0.91,18.0,46.6,5.41,centro,laboral,0
2024-06-13 12:00:00,16.79,39.02,15.8,3.74,13.6,51.4,3.69,sur,laboral,0
2024-06-13 18:00:00,13.75,27.12,31.65,2.13,9.9,75.6,0.24,industrial,laboral,0
2024-06-14 00:00:00,19.85,51.87,35.65,1.18,6.5,44.5,3.53,sur,laboral,0
2024-06-14 06:00:00,24.96,45.91,25.93,1.73,19.3,93.3,5.6,centro,fin_semana,0
2024-06-14 12:00:00,19.88,33.71,71.42,0.57,27.7,85.2,12.0,norte,laboral,0
2024-06-14 18:00:00,18.17,37.22,27.14,0.36,21.9,74.7,8.55,sur,laboral,0
2024-06-15 00:00:00,10.01,16.25,12.57,0.7,20.4,62.7,0.88,industrial,laboral,0
2024-06-15 06:00:00,27.96,56.31,36.08,0.88,12.5,54.4,2.17,sur,laboral,0
2024-06-15 12:00:00,24.23,42.75,32.56,2.29,0.6,98.0,1.91,centro,laboral,0
2024-06-15 18:00:00,11.18,21.69,39.54,0.55,18.7,71.7,4.23,sur,laboral,0
2024-06-16 00:00:00,11.12,23.13,47.14,1.38,25.2,60.4,1.21,centro,laboral,0
2024-06-16 06:00:00,23.33,48.4,33.36,1.07,27.0,53.2,7.54,sur,feriado,0
2024-06-16 12:00:00,49.85,101.36,39.54,1.99,4.9,69.2,1.47,sur,laboral,1
2024-06-16 18:00:00,,26.15,55.89,5.18,19.2,33.5,4.96,centro,laboral,1
2024-06-17 00:00:00,21.47,33.4,13.6,2.42,16.1,43.0,8.52,centro,fin_semana,0
2024-06-17 06:00:00,17.62,34.66,56.97,1.34,27.6,74.5,2.77,centro,laboral,0
2024-06-17 12:00:00,28.64,43.37,35.84,1.73,22.0,37.0,2.57,norte,feriado,0
2024-06-17 18:00:00,27.36,56.55,44.77,0.96,8.1,50.0,3.31,norte,laboral,1
2024-06-18 00:00:00,12.35,25.45,49.13,1.34,7.3,65.9,0.29,sur,laboral,0
2024-06-18 06:00:00,17.66,39.91,35.25,1.51,22.2,70.9,7.58,norte,laboral,0
2024-06-18 12:00:00,21.16,39.37,57.99,4.88,16.6,50.2,4.9,norte,fin_semana,0
2024-06-18 18:00:00,10.17,20.57,20.29,1.05,21.7,81.4,0.79,centro,fin_semana,0
2024-06-19 00:00:00,38.27,81.16,28.71,0.84,18.7,89.9,5.54,sur,laboral,0
2024-06-19 06:00:00,10.35,20.75,46.17,1.44,17.3,80.5,1.31,sur,fin_semana,0
2024-06-19 12:00:00,16.12,22.86,92.03,0.97,12.2,24.5,2.71,centro,laboral,1
2024-06-19 18:00:00,23.83,31.07,34.74,2.43,16.5,98.0,2.52,industrial,laboral,0
2024-06-20 00:00:00,34.43,44.94,24.95,1.29,14.4,72.0,5.61,centro,laboral,0
2024-06-20 06:00:00,21.18,43.5,50.54,1.24,19.3,68.2,2.44,norte,laboral,0
2024-06-20 12:00:00,22.84,41.84,22.39,1.03,17.2,65.4,8.74,sur,laboral,0
2024-06-20 18:00:00,43.28,92.47,11.12,1.16,21.2,83.1,0.7,centro,laboral,1
2024-06-21 00:00:00,18.82,38.58,35.75,0.59,9.0,61.8,3.58,sur,laboral,0
2024-06-21 06:00:00,20.66,34.0,22.28,1.0,15.6,98.0,2.14,centro,laboral,0
2024-06-21 12:00:00,16.2,28.54,45.31,1.07,7.7,61.3,1.97,norte,laboral,0
2024-06-21 18:00:00,15.77,35.59,34.87,0.75,16.5,65.9,3.66,industrial,laboral,0
2024-06-22 00:00:00,30.35,49.56,36.19,0.76,25.2,45.3,8.01,centro,laboral,0
2024-06-22 06:00:00,19.18,37.11,51.92,1.24,13.5,79.7,9.99,norte,laboral,0
2024-06-22 12:00:00,47.47,87.98,27.82,1.9,10.1,67.0,0.89,industrial,laboral,1
2024-06-22 18:00:00,6.49,14.02,29.05,1.83,22.2,75.9,0.81,industrial,laboral,0
2024-06-23 00:00:00,29.34,44.86,17.04,1.17,26.2,65.8,2.12,industrial,feriado,1
2024-06-23 06:00:00,13.78,17.74,42.72,0.96,18.0,61.9,2.21,industrial,fin_semana,0
2024-06-23 12:00:00,14.13,20.89,47.32,1.06,21.2,55.0,3.45,norte,fin_semana,0
2024-06-23 18:00:00,27.77,60.52,41.51,0.44,26.3,53.8,3.59,centro,fin_semana,0
2024-06-24 00:00:00,23.48,49.32,67.77,0.76,10.8,52.7,2.53,centro,fin_semana,0
2024-06-24 06:00:00,62.11,114.29,13.3,1.32,15.1,44.4,0.49,centro,laboral,1
2024-06-24 12:00:00,18.45,41.51,34.52,0.69,14.9,51.3,2.25,centro,laboral,1
2024-06-24 18:00:00,11.13,24.36,40.14,1.07,5.8,59.3,3.99,sur,fin_semana,0
2024-06-25 00:00:00,20.02,30.21,40.23,2.22,17.6,57.7,0.1,centro,laboral,0
2024-06-25 06:00:00,27.53,53.57,34.41,1.54,10.4,43.4,0.95,sur,laboral,0
2024-06-25 12:00:00,13.09,25.54,25.37,2.47,11.6,69.6,1.02,centro,laboral,0
2024-06-25 18:00:00,43.8,75.65,39.2,1.07,21.1,94.8,0.78,norte,fin_semana,1
2024-06-26 00:00:00,13.28,35.42,14.39,0.66,22.5,64.3,3.29,centro,laboral,0
2024-06-26 06:00:00,,6.69,12.91,0.99,9.9,57.6,2.95,sur,fin_semana,0
2024-06-26 12:00:00,29.31,54.62,40.18,1.81,17.7,56.9,2.79,norte,laboral,0
2024-06-26 18:00:00,5.59,15.02,76.85,8.0,20.9,64.6,2.16,norte,feriado,1
2024-06-27 00:00:00,22.33,39.41,17.58,0.71,14.5,54.5,9.26,sur,fin_semana,0
2024-06-27 06:00:00,31.79,64.12,36.21,0.89,5.6,70.9,0.1,centro,laboral,0
2024-06-27 12:00:00,25.94,56.97,20.64,0.49,16.1,62.9,0.21,sur,laboral,1
2024-06-27 18:00:00,22.58,44.71,28.85,1.66,18.0,52.8,7.07,norte,fin_semana,0
2024-06-28 00:00:00,13.55,25.73,46.23,1.74,16.4,74.5,0.25,sur,laboral,1
2024-06-28 06:00:00,20.52,44.26,53.23,0.82,12.0,66.0,2.36,norte,fin_semana,0
2024-06-28 12:00:00,13.71,29.91,48.35,2.69,15.8,41.1,2.78,norte,laboral,0
2024-06-28 18:00:00,54.63,88.88,30.24,0.98,22.3,74.6,5.39,centro,laboral,0
2024-06-29 00:00:00,42.98,91.53,39.99,0.85,26.5,71.1,4.78,sur,fin_semana,0
2024-06-29 06:00:00,31.43,78.38,78.31,1.98,0.6,61.0,2.13,norte,laboral,0
2024-06-29 12:00:00,16.4,24.03,19.03,0.52,15.8,73.4,1.58,centro,feriado,0
2024-06-29 18:00:00,,48.4,24.88,0.78,10.1,34.8,1.61,centro,laboral,0
2024-06-30 00:00:00,28.42,54.89,23.35,1.98,19.7,65.0,2.58,industrial,fin_semana,1
2024-06-30 06:00:00,17.14,35.35,30.91,1.52,16.3,53.4,0.54,centro,laboral,0
2024-06-30 12:00:00,24.56,49.91,34.35,0.52,32.4,39.0,5.36,centro,laboral,0
2024-06-30 18:00:00,6.93,12.52,50.2,0.93,17.4,40.2,8.12,sur,feriado,0
2024-07-01 00:00:00,25.95,50.0,54.62,4.01,16.2,52.8,4.1,centro,laboral,1
2024-07-01 06:00:00,19.62,31.52,47.25,1.73,16.1,83.5,3.81,norte,laboral,0
2024-07-01 12:00:00,27.83,41.63,10.55,1.63,1.6,90.2,4.7,industrial,laboral,0
2024-07-01 18:00:00,27.59,60.68,30.05,0.44,13.3,68.1,1.07,industrial,fin_semana,0
2024-07-02 00:00:00,22.89,35.35,19.08,0.78,22.6,73.6,8.33,centro,laboral,0
2024-07-02 06:00:00,15.63,25.96,40.99,2.11,16.1,76.7,0.91,industrial,laboral,1
2024-07-02 12:00:00,29.74,60.17,58.1,0.8,22.0,37.6,1.89,norte,fin_semana,1
2024-07-02 18:00:00,23.03,41.3,73.55,1.62,1.4,39.0,0.21,industrial,fin_semana,1
2024-07-03 00:00:00,17.16,31.94,33.22,1.32,6.4,82.8,1.48,norte,laboral,0
2024-07-03 06:00:00,19.18,38.72,25.92,0.48,19.4,76.2,2.77,centro,laboral,0
2024-07-03 12:00:00,59.0,125.82,31.78,1.16,13.4,56.5,6.29,industrial,laboral,1
2024-07-03 18:00:00,19.99,26.88,22.13,0.59,30.9,64.5,2.16,centro,laboral,0
2024-07-04 00:00:00,20.64,46.93,31.69,1.34,16.6,52.9,4.01,norte,fin_semana,0
2024-07-04 06:00:00,14.1,26.64,33.4,1.81,17.8,49.5,1.88,sur,laboral,0
2024-07-04 12:00:00,13.95,30.9,25.83,0.92,14.1,58.5,3.6,industrial,laboral,0
2024-07-04 18:00:00,15.09,27.3,42.65,0.96,12.6,45.6,4.1,centro,laboral,1
2024-07-05 00:00:00,23.33,40.88,66.46,1.02,16.5,34.1,4.22,centro,laboral,0
2024-07-05 06:00:00,16.92,35.05,28.43,0.73,27.1,91.9,2.27,centro,laboral,0
2024-07-05 12:00:00,33.04,47.75,36.33,1.1,12.1,56.3,1.37,norte,fin_semana,0
2024-07-05 18:00:00,13.2,20.21,42.73,0.38,19.3,98.0,0.66,norte,laboral,0
2024-07-06 00:00:00,38.79,59.47,37.1,2.28,16.9,60.6,0.48,norte,laboral,1
2024-07-06 06:00:00,21.28,54.56,36.25,0.57,23.2,73.4,7.49,sur,laboral,0
2024-07-06 12:00:00,65.07,132.8,27.39,1.27,14.6,78.4,11.12,industrial,laboral,1
2024-07-06 18:00:00,30.31,52.27,24.75,1.76,23.9,53.6,5.73,centro,laboral,0
2024-07-07 00:00:00,12.68,21.86,36.74,1.84,5.8,27.3,1.12,sur,fin_semana,0
2024-07-07 06:00:00,25.33,51.12,14.1,0.56,6.1,57.1,0.91,centro,laboral,0
2024-07-07 12:00:00,24.8,58.02,39.5,1.43,26.9,65.2,1.99,industrial,laboral,1
2024-07-07 18:00:00,15.73,20.6,28.75,2.07,12.0,49.8,0.86,industrial,fin_semana,1
2024-07-08 00:00:00,31.51,54.31,34.03,1.14,13.7,36.1,4.33,industrial,laboral,0
2024-07-08 06:00:00,16.92,29.83,44.41,0.49,27.0,43.6,2.61,centro,laboral,0
2024-07-08 12:00:00,39.41,70.1,13.24,0.71,15.2,44.8,0.78,norte,laboral,0
2024-07-08 18:00:00,23.25,34.33,30.73,1.18,18.6,61.5,5.68,centro,laboral,0
2024-07-09 00:00:00,13.2,22.2,21.21,0.93,22.6,66.8,4.91,sur,laboral,0
2024-07-09 06:00:00,39.09,78.12,29.32,1.87,19.4,75.5,1.06,norte,fin_semana,1
2024-07-09 12:00:00,20.35,45.26,45.31,1.65,20.8,61.8,3.83,sur,laboral,0
2024-07-09 18:00:00,14.07,40.39,38.9,1.78,25.5,71.5,3.81,centro,laboral,0
2024-07-10 00:00:00,23.8,44.15,35.02,1.21,19.7,79.3,1.86,industrial,laboral,1
2024-07-10 06:00:00,34.42,63.99,10.38,0.66,7.8,76.2,4.02,sur,fin_semana,0
2024-07-10 12:00:00,37.91,79.63,20.14,1.49,4.3,42.4,6.81,sur,fin_semana,0
2024-07-10 18:00:00,24.41,44.82,46.7,0.56,13.4,72.1,2.23,norte,fin_semana,0
2024-07-11 00:00:00,13.65,25.34,18.07,0.73,19.6,55.0,1.31,centro,laboral,0
2024-07-11 06:00:00,28.79,49.94,42.78,1.66,25.0,92.3,1.08,industrial,laboral,1
2024-07-11 12:00:00,20.47,35.29,22.69,0.95,22.3,67.0,1.82,centro,laboral,0
2024-07-11 18:00:00,29.17,46.83,35.66,2.64,11.4,97.7,1.85,sur,laboral,1
2024-07-12 00:00:00,22.79,44.2,62.27,3.71,19.0,56.8,5.58,centro,fin_semana,0
2024-07-12 06:00:00,50.25,118.5,31.22,0.7,18.1,44.1,4.39,norte,laboral,0
2024-07-12 12:00:00,30.01,49.21,57.36,2.4,4.8,74.7,7.44,sur,laboral,0
2024-07-12 18:00:00,16.34,26.4,46.62,0.59,14.2,44.9,2.78,norte,fin_semana,1
2024-07-13 00:00:00,20.89,43.22,52.73,0.89,13.3,65.7,4.44,sur,fin_semana,0
2024-07-13 06:00:00,19.89,41.73,29.93,1.71,3.8,44.6,0.94,centro,fin_semana,0
2024-07-13 12:00:00,36.79,58.84,31.73,0.31,12.5,66.0,1.34,sur,laboral,0
2024-07-13 18:00:00,41.43,61.32,31.45,1.93,15.9,75.2,5.29,centro,feriado,0
2024-07-14 00:00:00,26.8,47.06,21.55,0.46,31.0,81.7,9.39,centro,laboral,0
2024-07-14 06:00:00,20.19,43.01,17.17,1.09,11.0,83.4,1.69,sur,laboral,1
2024-07-14 12:00:00,9.51,16.52,10.87,1.3,27.2,85.3,10.44,norte,fin_semana,0
2024-07-14 18:00:00,49.92,58.01,40.24,1.64,16.0,66.7,1.21,norte,laboral,0
2024-07-15 00:00:00,36.06,82.93,20.84,1.6,3.0,83.9,3.57,industrial,feriado,1
2024-07-15 06:00:00,12.8,31.07,40.36,0.58,12.1,75.2,1.67,industrial,laboral,0
2024-07-15 12:00:00,20.1,38.0,34.55,2.2,18.4,45.0,6.4,centro,laboral,0
2024-07-15 18:00:00,26.49,53.17,32.16,0.99,17.4,75.6,2.81,sur,laboral,0
2024-07-16 00:00:00,39.17,44.43,21.44,1.9,22.7,79.9,2.26,industrial,laboral,1
2024-07-16 06:00:00,37.78,72.57,26.09,1.72,30.7,76.5,4.72,norte,laboral,0
2024-07-16 12:00:00,16.71,23.68,49.83,0.91,5.6,40.9,2.98,centro,laboral,0
2024-07-16 18:00:00,23.66,35.77,39.66,0.66,14.7,51.7,1.68,industrial,laboral,0
2024-07-17 00:00:00,21.87,34.64,48.54,1.0,19.4,72.6,1.92,centro,laboral,0
2024-07-17 06:00:00,22.69,45.08,32.66,0.59,20.6,45.3,2.16,sur,fin_semana,1
2024-07-17 12:00:00,18.86,38.66,34.06,0.56,16.5,86.6,2.66,sur,laboral,0
2024-07-17 18:00:00,46.36,93.92,29.08,1.37,3.7,59.7,2.25,sur,laboral,0
2024-07-18 00:00:00,17.06,37.17,21.94,2.09,13.9,76.7,2.85,norte,laboral,0
2024-07-18 06:00:00,22.52,50.46,26.55,4.0,16.6,36.6,4.41,norte,feriado,0
2024-07-18 12:00:00,30.25,48.71,30.25,0.48,9.2,70.0,1.85,centro,laboral,0
2024-07-18 18:00:00,33.97,43.23,40.22,1.68,17.4,73.5,4.39,industrial,fin_semana,0
2024-07-19 00:00:00,28.34,48.47,22.51,0.97,17.5,98.0,0.68,industrial,laboral,1
2024-07-19 06:00:00,6.46,12.44,28.95,0.42,8.1,53.9,2.28,centro,laboral,0
2024-07-19 12:00:00,18.96,32.41,20.32,1.39,14.5,63.1,4.04,centro,laboral,0
2024-07-19 18:00:00,17.43,42.96,37.95,1.5,9.6,54.5,10.46,sur,laboral,0
2024-07-20 00:00:00,14.54,22.44,31.91,0.97,8.2,61.2,3.65,sur,laboral,0
2024-07-20 06:00:00,11.02,15.37,39.71,1.62,24.2,50.3,3.26,centro,laboral,0
2024-07-20 12:00:00,22.2,31.99,52.99,1.66,3.8,69.9,0.61,sur,feriado,0
2024-07-20 18:00:00,18.68,20.95,24.62,2.41,20.0,83.1,5.71,sur,laboral,0
2024-07-21 00:00:00,38.02,78.3,39.53,1.34,18.6,67.5,2.06,sur,laboral,1
2024-07-21 06:00:00,30.69,48.5,37.71,0.59,17.1,54.4,2.38,centro,laboral,1
2024-07-21 12:00:00,35.5,74.32,49.1,2.47,12.0,69.3,1.03,industrial,laboral,1
2024-07-21 18:00:00,24.97,46.48,33.84,0.88,23.0,43.9,1.92,industrial,feriado,0
2024-07-22 00:00:00,40.22,76.2,33.7,0.82,21.4,74.6,2.74,centro,laboral,0
2024-07-22 06:00:00,14.76,26.28,36.73,0.59,17.2,56.3,5.19,norte,laboral,0
2024-07-22 12:00:00,15.9,36.38,24.87,0.95,19.3,49.8,2.52,centro,laboral,0
2024-07-22 18:00:00,14.39,26.3,34.45,1.71,22.1,97.7,3.65,sur,laboral,0
2024-07-23 00:00:00,24.4,47.88,41.62,1.08,13.1,41.5,4.42,centro,fin_semana,0
2024-07-23 06:00:00,5.97,13.38,17.63,0.7,2.8,81.8,2.51,norte,laboral,0
2024-07-23 12:00:00,34.85,53.55,,0.59,-3.0,40.0,0.76,industrial,laboral,0
2024-07-23 18:00:00,23.91,51.77,30.85,1.19,13.8,38.7,1.06,centro,feriado,0
2024-07-24 00:00:00,21.3,39.38,33.77,1.29,10.0,43.2,4.57,norte,laboral,0
2024-07-24 06:00:00,32.08,78.47,33.25,1.39,20.1,52.9,1.18,sur,laboral,1
2024-07-24 12:00:00,32.36,50.89,24.97,0.87,27.9,70.2,5.56,industrial,fin_semana,0
2024-07-24 18:00:00,11.1,23.11,46.13,0.85,12.2,24.9,1.01,centro,fin_semana,0
2024-07-25 00:00:00,29.8,71.3,43.38,3.42,25.5,56.1,3.9,sur,fin_semana,1
2024-07-25 06:00:00,25.05,49.22,19.83,0.66,22.2,76.2,9.71,sur,laboral,0
2024-07-25 12:00:00,24.24,48.2,18.44,0.72,18.7,62.9,3.99,centro,laboral,0
2024-07-25 18:00:00,35.7,79.11,23.49,1.08,16.5,32.1,3.73,centro,laboral,0
2024-07-26 00:00:00,72.63,158.9,20.48,2.29,15.0,54.8,7.63,norte,feriado,0
2024-07-26 06:00:00,36.66,69.62,48.07,3.17,13.6,51.6,5.91,norte,laboral,1
2024-07-26 12:00:00,13.9,30.49,94.4,1.48,21.9,24.9,1.64,centro,laboral,0
2024-07-26 18:00:00,11.53,23.59,45.02,1.73,19.9,67.7,2.5,centro,feriado,0
2024-07-27 00:00:00,35.73,57.35,28.0,1.49,18.1,48.9,2.96,norte,laboral,0
2024-07-27 06:00:00,34.45,81.0,17.62,3.27,10.7,42.2,3.04,industrial,fin_semana,1
2024-07-27 12:00:00,36.13,76.63,36.44,0.27,20.8,44.9,5.93,sur,laboral,0
2024-07-27 18:00:00,37.02,66.27,,1.27,22.5,64.0,2.47,centro,laboral,1
2024-07-28 00:00:00,28.55,57.38,27.67,1.1,27.7,54.9,4.75,industrial,laboral,0
2024-07-28 06:00:00,23.09,54.54,30.61,0.77,11.8,68.2,2.48,sur,fin_semana,1
2024-07-28 12:00:00,18.72,28.6,68.75,1.57,25.1,68.5,1.77,sur,laboral,0
2024-07-28 18:00:00,25.21,48.25,29.79,0.7,17.3,43.8,1.92,sur,laboral,0
2024-07-29 00:00:00,42.25,67.51,40.95,0.58,11.8,59.6,4.81,norte,laboral,0
2024-07-29 06:00:00,10.4,16.4,28.6,0.86,24.8,74.8,0.67,industrial,laboral,0
2024-07-29 12:00:00,21.36,39.22,22.77,0.62,5.6,29.4,2.07,norte,laboral,0
2024-07-29 18:00:00,39.66,61.37,18.3,0.49,31.7,61.0,1.92,industrial,laboral,0
2024-07-30 00:00:00,22.58,44.27,18.08,0.98,12.8,68.1,1.73,sur,feriado,0
2024-07-30 06:00:00,12.47,,24.0,0.56,16.2,55.2,0.97,centro,laboral,0
2024-07-30 12:00:00,12.02,22.63,40.67,2.37,27.6,26.0,1.49,industrial,laboral,0
2024-07-30 18:00:00,22.44,35.99,33.22,1.03,12.7,89.6,1.7,norte,laboral,1
2024-07-31 00:00:00,13.13,16.95,11.98,1.08,21.8,71.3,0.43,sur,fin_semana,0
2024-07-31 06:00:00,15.63,25.28,65.81,0.48,13.1,41.2,1.13,norte,laboral,0
2024-07-31 12:00:00,30.23,59.43,37.42,1.55,19.4,72.2,0.71,norte,laboral,0
2024-07-31 18:00:00,29.73,63.83,27.93,1.74,17.9,19.5,1.37,sur,fin_semana,0
2024-08-01 00:00:00,25.61,63.65,22.27,0.86,10.4,66.9,2.46,industrial,laboral,0
2024-08-01 06:00:00,18.45,38.87,25.98,1.33,6.6,51.7,5.58,norte,feriado,0
2024-08-01 12:00:00,33.96,85.11,24.19,1.53,15.8,35.4,8.48,norte,fin_semana,0
2024-08-01 18:00:00,29.78,56.32,33.1,3.15,11.2,69.9,5.08,industrial,fin_semana,1
2024-08-02 00:00:00,22.41,40.53,45.43,2.29,23.8,76.5,2.76,sur,fin_semana,0
2024-08-02 06:00:00,11.42,25.16,24.79,2.16,2.7,44.5,3.0,sur,fin_semana,0
2024-08-02 12:00:00,16.17,33.78,30.41,1.29,15.5,65.5,3.5,centro,laboral,0
2024-08-02 18:00:00,15.91,36.84,31.46,1.0,12.1,41.3,2.32,industrial,laboral,1
2024-08-03 00:00:00,8.29,15.86,41.94,0.61,13.3,56.3,0.88,centro,laboral,0
2024-08-03 06:00:00,16.33,28.44,5.28,0.51,18.1,63.9,4.31,industrial,fin_semana,0
2024-08-03 12:00:00,17.69,23.82,55.04,0.7,5.9,75.7,2.48,sur,laboral,0
2024-08-03 18:00:00,31.68,59.51,16.96,0.73,19.0,80.9,4.27,industrial,laboral,0
2024-08-04 00:00:00,13.01,25.4,35.17,1.07,12.1,59.8,0.64,sur,laboral,0
2024-08-04 06:00:00,25.28,62.6,52.34,1.19,13.2,84.1,3.69,norte,laboral,0
2024-08-04 12:00:00,28.41,41.8,33.3,0.87,23.6,57.6,2.45,norte,fin_semana,0
2024-08-04 18:00:00,30.5,44.24,31.88,2.12,8.3,70.5,2.98,industrial,laboral,1
2024-08-05 00:00:00,8.82,17.03,38.34,0.99,18.9,54.3,1.43,norte,laboral,0
2024-08-05 06:00:00,29.39,72.34,9.44,1.13,9.9,55.1,5.14,norte,laboral,0
2024-08-05 12:00:00,24.83,56.46,30.29,0.6,8.5,78.6,0.19,centro,laboral,1
2024-08-05 18:00:00,16.63,26.26,26.1,0.52,17.7,41.9,7.24,sur,fin_semana,0
2024-08-06 00:00:00,35.83,49.59,32.54,1.55,13.7,70.4,2.49,industrial,fin_semana,1
2024-08-06 06:00:00,24.02,47.97,24.21,2.08,3.4,47.4,2.8,sur,laboral,0
2024-08-06 12:00:00,22.67,51.26,30.67,2.16,17.6,60.2,2.22,industrial,laboral,1
2024-08-06 18:00:00,13.14,32.22,30.59,0.76,20.2,70.9,3.3,norte,laboral,0
2024-08-07 00:00:00,36.37,61.04,50.52,0.86,14.7,74.0,1.82,norte,laboral,1
2024-08-07 06:00:00,57.16,91.82,29.81,1.54,10.4,31.7,1.64,centro,laboral,1
2024-08-07 12:00:00,32.58,64.78,15.73,1.17,12.9,51.6,1.98,sur,laboral,0
2024-08-07 18:00:00,30.57,50.93,42.02,0.56,8.5,84.6,7.39,centro,laboral,0
2024-08-08 00:00:00,7.27,16.63,28.18,0.6,8.9,68.9,0.35,norte,laboral,0
2024-08-08 06:00:00,17.7,42.61,45.03,0.81,30.1,66.0,0.58,centro,fin_semana,1
2024-08-08 12:00:00,18.77,26.71,51.58,0.87,19.4,61.3,8.84,norte,laboral,0
2024-08-08 18:00:00,,56.43,28.77,3.06,16.4,94.2,2.72,centro,laboral,1
2024-08-09 00:00:00,26.76,60.26,26.22,2.09,12.8,98.0,4.74,norte,laboral,0
2024-08-09 06:00:00,11.34,19.29,33.04,0.81,29.1,39.3,2.57,sur,laboral,0
2024-08-09 12:00:00,22.21,43.14,33.85,1.64,26.2,28.1,0.51,sur,laboral,0
2024-08-09 18:00:00,38.52,65.49,56.36,2.01,13.3,80.1,2.29,industrial,fin_semana,1
2024-08-10 00:00:00,24.97,49.62,44.77,1.23,5.7,66.6,3.87,sur,fin_semana,0
2024-08-10 06:00:00,32.37,70.41,47.68,0.72,30.8,52.5,1.13,sur,laboral,1
2024-08-10 12:00:00,25.13,28.48,41.74,0.86,18.6,46.5,3.46,industrial,laboral,0
2024-08-10 18:00:00,22.3,53.27,34.15,2.8,19.6,73.6,3.44,centro,feriado,0
2024-08-11 00:00:00,28.24,65.3,15.4,0.76,18.8,35.5,1.1,sur,fin_semana,0
2024-08-11 06:00:00,37.39,49.2,83.15,1.11,11.8,73.0,0.36,industrial,laboral,1
2024-08-11 12:00:00,19.38,35.44,32.88,1.74,19.0,83.7,3.79,sur,laboral,0
2024-08-11 18:00:00,21.12,57.49,21.61,1.3,20.8,51.9,3.51,centro,fin_semana,0
2024-08-12 00:00:00,9.88,23.13,25.24,0.98,20.4,56.8,8.24,sur,laboral,0
2024-08-12 06:00:00,16.98,30.46,22.87,1.15,24.0,78.3,11.74,centro,laboral,0
2024-08-12 12:00:00,41.82,83.08,22.79,0.69,18.5,76.1,0.35,industrial,laboral,0
2024-08-12 18:00:00,3.4,5.8,16.03,0.49,10.0,42.5,0.4,centro,laboral,0
2024-08-13 00:00:00,20.11,48.65,48.83,0.69,18.3,62.7,1.05,centro,laboral,0
2024-08-13 06:00:00,6.45,10.74,61.26,1.46,16.8,68.1,2.04,centro,laboral,0
2024-08-13 12:00:00,23.71,38.94,55.43,0.46,23.4,32.1,0.52,sur,laboral,0
2024-08-13 18:00:00,8.4,17.55,15.14,0.48,5.0,52.1,3.9,norte,laboral,0
2024-08-14 00:00:00,25.97,51.32,7.34,1.12,12.9,69.4,4.08,norte,laboral,0
2024-08-14 06:00:00,11.75,26.36,27.25,1.99,21.3,21.4,6.61,industrial,laboral,0
2024-08-14 12:00:00,28.7,55.38,18.61,0.61,31.0,66.8,0.57,industrial,laboral,1
2024-08-14 18:00:00,9.12,16.67,42.7,0.7,14.3,49.6,4.12,norte,laboral,0
2024-08-15 00:00:00,19.42,43.15,18.39,2.37,19.2,83.0,3.29,sur,laboral,0
2024-08-15 06:00:00,14.56,28.52,43.96,0.4,8.7,68.7,2.81,sur,laboral,0
2024-08-15 12:00:00,25.74,58.04,25.52,1.42,21.7,66.4,0.19,centro,feriado,1
2024-08-15 18:00:00,21.41,49.87,32.79,1.03,17.3,38.8,12.0,sur,laboral,0
2024-08-16 00:00:00,12.59,19.29,37.93,1.8,19.0,58.1,1.63,centro,laboral,0
2024-08-16 06:00:00,43.37,76.87,27.92,1.46,22.8,53.8,3.48,centro,laboral,0
2024-08-16 12:00:00,25.23,35.36,25.97,1.29,16.1,71.8,1.94,centro,laboral,0
2024-08-16 18:00:00,15.39,35.49,25.8,0.89,12.9,37.8,2.15,industrial,laboral,0
2024-08-17 00:00:00,17.73,35.99,22.68,1.16,13.7,59.9,4.39,industrial,laboral,0
2024-08-17 06:00:00,10.79,21.3,31.71,1.26,20.4,62.3,2.57,industrial,laboral,0
2024-08-17 12:00:00,16.87,26.5,24.32,1.19,13.7,43.0,6.7,centro,fin_semana,0
2024-08-17 18:00:00,24.37,33.43,22.33,0.71,23.4,68.9,2.71,centro,laboral,0
2024-08-18 00:00:00,11.66,24.58,13.73,1.35,18.3,48.8,1.96,norte,laboral,0
2024-08-18 06:00:00,32.79,57.7,13.37,1.09,21.1,68.3,7.48,sur,laboral,0
2024-08-18 12:00:00,29.5,68.18,43.62,1.79,16.2,66.1,5.7,norte,laboral,0
2024-08-18 18:00:00,23.73,53.89,59.0,0.51,15.5,49.2,1.6,centro,feriado,0
2024-08-19 00:00:00,17.48,39.55,77.62,1.62,-0.8,50.8,1.43,norte,fin_semana,1
2024-08-19 06:00:00,22.76,56.56,46.2,0.35,14.5,94.4,6.58,centro,laboral,0
2024-08-19 12:00:00,7.7,13.3,20.92,1.61,20.9,77.8,0.65,norte,fin_semana,0
2024-08-19 18:00:00,44.75,83.91,27.16,1.2,17.8,62.9,4.0,norte,fin_semana,0
2024-08-20 00:00:00,52.78,103.66,34.52,1.93,4.9,59.6,7.46,centro,laboral,0
2024-08-20 06:00:00,30.17,46.63,21.17,0.7,20.6,69.2,5.65,centro,laboral,0
2024-08-20 12:00:00,41.03,87.26,35.03,2.56,19.6,98.0,3.37,industrial,laboral,1
2024-08-20 18:00:00,47.19,86.08,46.94,1.03,6.0,92.3,1.57,centro,laboral,1
2024-08-21 00:00:00,19.71,45.76,28.11,0.78,15.3,35.5,1.46,sur,laboral,0
2024-08-21 06:00:00,49.11,82.16,32.2,0.53,12.1,36.2,2.82,centro,laboral,0
2024-08-21 12:00:00,6.83,17.55,31.62,0.77,20.4,62.6,3.53,sur,laboral,0
2024-08-21 18:00:00,20.96,32.56,37.06,1.5,16.8,94.7,8.25,sur,laboral,0
2024-08-22 00:00:00,42.95,108.26,7.06,0.76,9.0,55.0,2.85,centro,laboral,1
2024-08-22 06:00:00,37.04,60.24,22.27,2.87,17.2,90.8,0.89,sur,feriado,1
2024-08-22 12:00:00,18.73,30.78,36.19,2.31,19.0,66.6,2.09,norte,laboral,0
2024-08-22 18:00:00,13.5,25.46,41.38,1.09,16.0,77.0,3.46,centro,laboral,0
2024-08-23 00:00:00,22.05,41.96,43.95,1.39,12.8,59.4,3.87,industrial,laboral,0
2024-08-23 06:00:00,18.26,32.46,14.98,1.49,22.9,70.2,7.4,industrial,fin_semana,0
2024-08-23 12:00:00,10.2,21.46,20.31,1.0,26.7,80.6,1.84,centro,laboral,0
2024-08-23 18:00:00,20.13,47.0,59.16,0.59,22.0,69.0,2.4,sur,laboral,0
2024-08-24 00:00:00,33.51,49.27,47.04,1.15,24.7,56.5,1.07,norte,laboral,0
2024-08-24 06:00:00,9.98,18.11,49.07,1.85,14.2,90.9,3.58,norte,feriado,0
2024-08-24 12:00:00,21.08,38.1,49.91,0.42,16.2,50.3,9.19,industrial,laboral,0
2024-08-24 18:00:00,24.48,45.9,12.15,1.08,22.6,94.8,3.5,industrial,laboral,0
2024-08-25 00:00:00,9.87,10.69,67.73,2.51,13.2,64.1,2.74,sur,laboral,0
2024-08-25 06:00:00,19.57,26.5,26.73,0.67,11.2,62.0,3.3,centro,laboral,0
2024-08-25 12:00:00,28.04,45.31,70.06,1.15,10.1,53.7,4.01,sur,fin_semana,0
2024-08-25 18:00:00,12.45,25.45,45.91,0.3,20.5,64.9,1.01,sur,laboral,0
2024-08-26 00:00:00,16.13,34.71,65.68,1.52,23.4,66.5,3.09,norte,fin_semana,0
2024-08-26 06:00:00,10.43,15.82,18.85,0.64,11.4,63.3,2.04,norte,laboral,0
2024-08-26 12:00:00,17.8,35.37,36.97,2.62,29.1,84.7,3.18,centro,laboral,0
2024-08-26 18:00:00,11.38,18.61,18.97,0.62,21.1,61.7,4.6,industrial,fin_semana,0
2024-08-27 00:00:00,29.62,35.9,15.43,1.1,20.9,69.1,0.45,centro,laboral,0
2024-08-27 06:00:00,24.82,44.89,43.89,0.48,19.3,48.4,0.68,sur,laboral,0
2024-08-27 12:00:00,15.91,29.19,50.23,0.52,8.1,98.0,0.96,industrial,laboral,0
2024-08-27 18:00:00,31.14,42.96,61.56,1.78,9.3,93.4,3.73,industrial,fin_semana,0
2024-08-28 00:00:00,18.05,43.65,33.33,0.86,20.7,36.3,1.16,industrial,feriado,0
2024-08-28 06:00:00,15.11,33.87,40.11,0.93,16.7,56.9,4.05,centro,fin_semana,0
2024-08-28 12:00:00,12.67,21.83,38.26,1.61,13.3,74.9,5.44,norte,laboral,0
2024-08-28 18:00:00,29.3,50.65,30.9,3.05,7.4,35.9,3.02,centro,laboral,0
2024-08-29 00:00:00,11.29,21.12,21.57,0.54,14.2,45.9,0.71,sur,laboral,0
2024-08-29 06:00:00,12.0,23.93,16.37,0.42,25.0,76.2,0.17,industrial,laboral,0
2024-08-29 12:00:00,20.31,37.2,71.14,0.5,19.1,41.3,2.58,sur,fin_semana,0
2024-08-29 18:00:00,29.87,51.82,18.61,1.42,12.7,76.2,1.19,sur,feriado,0
2024-08-30 00:00:00,6.52,13.29,37.54,3.43,14.6,49.0,0.95,industrial,laboral,1
2024-08-30 06:00:00,25.78,43.73,9.45,3.01,24.1,46.3,2.76,centro,laboral,1
2024-08-30 12:00:00,17.83,35.2,20.08,0.82,12.0,68.4,2.9,sur,laboral,0
2024-08-30 18:00:00,10.23,19.5,33.36,2.92,22.3,71.1,1.23,sur,laboral,0
2024-08-31 00:00:00,51.95,90.96,14.54,1.99,13.3,57.1,5.35,norte,laboral,1
2024-08-31 06:00:00,47.27,110.13,34.55,1.4,8.7,78.4,5.53,norte,laboral,0
2024-08-31 12:00:00,30.2,56.18,31.59,1.54,9.1,59.7,1.1,industrial,laboral,1
2024-08-31 18:00:00,32.88,61.52,55.43,1.74,10.2,70.2,1.92,industrial,laboral,1
2024-09-01 00:00:00,34.97,65.42,20.04,1.5,12.5,38.3,0.42,centro,laboral,1
2024-09-01 06:00:00,12.3,21.47,57.74,1.07,18.2,73.2,2.18,centro,laboral,1
2024-09-01 12:00:00,32.11,61.32,53.43,2.43,26.2,63.6,12.0,industrial,laboral,0
2024-09-01 18:00:00,14.65,20.47,23.45,1.97,9.6,59.2,2.53,industrial,laboral,1
2024-09-02 00:00:00,38.94,60.88,41.27,2.28,14.5,66.0,2.59,norte,laboral,1
2024-09-02 06:00:00,42.22,62.87,38.19,0.56,20.7,66.8,3.15,sur,laboral,0
2024-09-02 12:00:00,11.11,18.32,55.42,0.94,14.5,69.3,3.6,sur,laboral,0
2024-09-02 18:00:00,26.51,63.58,33.1,0.58,17.7,74.4,2.78,sur,laboral,1
2024-09-03 00:00:00,10.36,21.05,44.94,0.81,21.3,95.3,2.37,sur,laboral,0
2024-09-03 06:00:00,59.38,105.92,58.78,1.36,3.8,70.5,1.58,norte,laboral,1
2024-09-03 12:00:00,10.37,16.77,16.47,0.76,9.1,87.9,6.05,sur,laboral,0
2024-09-03 18:00:00,34.02,68.52,101.18,1.2,25.3,69.9,0.24,norte,laboral,1
2024-09-04 00:00:00,11.97,27.86,10.81,0.86,5.3,73.6,0.34,norte,fin_semana,0
2024-09-04 06:00:00,26.5,52.04,15.32,0.59,22.3,36.5,7.06,centro,laboral,0
2024-09-04 12:00:00,29.45,67.09,31.58,0.8,12.4,71.1,6.19,norte,fin_semana,0
2024-09-04 18:00:00,35.87,85.25,23.32,1.85,16.5,53.9,0.76,centro,fin_semana,0
2024-09-05 00:00:00,25.32,42.26,40.47,3.33,17.8,70.2,2.99,centro,laboral,0
2024-09-05 06:00:00,32.26,63.63,29.12,3.16,18.2,88.1,4.71,industrial,laboral,1
2024-09-05 12:00:00,11.57,22.07,41.38,1.34,3.8,55.6,3.82,centro,fin_semana,0
2024-09-05 18:00:00,32.93,67.87,49.06,1.05,17.9,54.8,1.36,industrial,laboral,1
2024-09-06 00:00:00,13.92,26.51,33.47,0.77,10.8,47.0,4.83,sur,fin_semana,0
2024-09-06 06:00:00,33.09,76.14,62.47,0.61,15.6,60.5,3.82,centro,laboral,0
2024-09-06 12:00:00,19.45,39.76,28.69,1.14,10.2,63.5,2.2,centro,laboral,0
2024-09-06 18:00:00,29.25,50.48,20.42,0.81,27.3,77.3,9.95,norte,fin_semana,0
2024-09-07 00:00:00,24.41,47.28,26.47,0.16,19.3,74.4,2.21,sur,laboral,0
2024-09-07 06:00:00,16.23,31.6,19.48,1.1,17.9,73.0,2.21,sur,laboral,0
2024-09-07 12:00:00,17.71,33.66,45.31,1.23,26.2,46.2,2.51,sur,fin_semana,0
2024-09-07 18:00:00,24.06,40.77,33.3,0.96,19.6,37.1,3.32,centro,fin_semana,0
2024-09-08 00:00:00,8.18,18.42,25.36,2.26,18.1,64.5,3.69,centro,fin_semana,0
2024-09-08 06:00:00,13.1,26.71,38.12,3.33,19.5,59.6,2.92,norte,laboral,0
2024-09-08 12:00:00,31.29,63.14,8.76,2.09,15.0,65.1,2.03,industrial,laboral,1
2024-09-08 18:00:00,26.58,40.37,49.8,1.27,18.0,29.2,7.27,industrial,laboral,0
2024-09-09 00:00:00,40.64,73.62,34.41,0.64,23.0,33.0,4.67,centro,laboral,0
2024-09-09 06:00:00,21.6,48.54,12.2,1.0,16.5,42.2,1.71,sur,laboral,0
2024-09-09 12:00:00,22.41,51.43,34.86,1.86,19.0,80.2,2.37,centro,laboral,0
2024-09-09 18:00:00,10.35,24.3,20.86,1.83,27.1,60.9,2.37,centro,laboral,0
2024-09-10 00:00:00,11.8,16.45,43.7,1.61,10.6,81.1,0.87,industrial,laboral,0
2024-09-10 06:00:00,71.46,113.57,22.68,2.11,9.2,33.4,3.79,industrial,feriado,1
2024-09-10 12:00:00,24.45,44.79,11.82,2.82,23.6,98.0,1.73,norte,laboral,0
2024-09-10 18:00:00,12.56,29.74,29.02,0.98,22.3,65.7,0.88,sur,fin_semana,0
2024-09-11 00:00:00,13.4,22.85,21.97,2.14,22.4,54.0,0.73,norte,fin_semana,0
2024-09-11 06:00:00,23.91,38.1,30.0,0.86,22.9,73.0,1.71,sur,laboral,0
2024-09-11 12:00:00,17.26,27.59,23.41,2.67,21.4,81.2,3.19,centro,fin_semana,0
2024-09-11 18:00:00,27.52,55.73,17.09,4.39,25.6,45.1,1.1,centro,fin_semana,0
2024-09-12 00:00:00,30.85,65.34,34.68,3.01,10.4,56.0,3.34,sur,laboral,1
2024-09-12 06:00:00,33.18,69.66,51.76,1.08,19.1,51.3,1.29,centro,laboral,0
2024-09-12 12:00:00,19.99,32.71,54.18,0.27,14.8,79.1,5.37,industrial,laboral,1
2024-09-12 18:00:00,33.24,60.68,10.69,0.89,16.7,42.1,0.3,industrial,fin_semana,1
2024-09-13 00:00:00,40.05,98.39,61.92,0.31,22.6,68.5,4.81,centro,laboral,0
2024-09-13 06:00:00,17.03,33.35,34.02,2.1,6.3,56.7,4.1,norte,laboral,0
2024-09-13 12:00:00,27.05,42.25,39.11,0.37,20.8,88.5,5.17,norte,laboral,0
2024-09-13 18:00:00,29.51,47.19,32.4,1.53,25.1,77.5,2.85,industrial,laboral,1
2024-09-14 00:00:00,46.79,86.94,15.07,1.55,7.7,35.7,2.46,centro,feriado,1
2024-09-14 06:00:00,24.25,39.13,34.4,0.74,16.8,62.1,7.53,sur,fin_semana,0
2024-09-14 12:00:00,11.01,22.42,18.44,2.01,22.6,50.9,5.15,sur,laboral,0
2024-09-14 18:00:00,21.13,37.73,24.31,1.04,14.7,15.9,8.05,norte,feriado,0
2024-09-15 00:00:00,34.55,63.43,41.26,2.6,7.9,47.4,3.28,sur,laboral,0
2024-09-15 06:00:00,13.11,17.03,36.69,1.55,7.0,72.7,1.36,centro,laboral,0
2024-09-15 12:00:00,32.09,27.28,37.78,2.95,17.5,89.2,3.78,industrial,laboral,1
2024-09-15 18:00:00,43.13,66.84,47.67,1.3,18.8,68.3,0.84,industrial,laboral,1
2024-09-16 00:00:00,39.76,118.34,34.57,1.48,10.9,64.2,5.35,centro,fin_semana,1
2024-09-16 06:00:00,52.21,111.25,43.36,1.21,22.1,54.3,8.21,centro,laboral,0
2024-09-16 12:00:00,36.04,60.67,27.51,0.57,30.7,74.9,0.83,industrial,laboral,1
2024-09-16 18:00:00,23.6,36.43,38.87,0.77,25.4,98.0,6.83,norte,fin_semana,0
2024-09-17 00:00:00,38.87,86.42,22.49,1.42,23.2,94.6,2.98,industrial,laboral,1
2024-09-17 06:00:00,51.24,103.19,47.08,1.03,20.7,45.6,2.08,sur,laboral,1
2024-09-17 12:00:00,16.88,23.47,45.67,0.82,23.6,52.0,9.52,centro,fin_semana,0
2024-09-17 18:00:00,13.68,20.81,27.74,0.54,18.3,53.5,5.72,centro,laboral,0
2024-09-18 00:00:00,30.79,58.22,56.93,1.31,21.1,35.4,2.21,norte,fin_semana,0
2024-09-18 06:00:00,21.68,47.82,20.29,1.12,3.6,70.4,7.88,norte,laboral,0
2024-09-18 12:00:00,21.11,42.58,47.96,1.02,15.0,56.0,3.12,centro,feriado,0
2024-09-18 18:00:00,41.71,86.07,33.72,1.76,17.0,43.1,3.67,centro,laboral,0
2024-09-19 00:00:00,18.03,33.84,29.71,0.99,18.6,60.4,1.25,sur,fin_semana,0
2024-09-19 06:00:00,25.43,49.28,21.93,0.99,9.6,72.4,2.27,sur,laboral,0
2024-09-19 12:00:00,10.88,21.38,40.33,1.1,20.9,61.7,8.4,industrial,laboral,0
2024-09-19 18:00:00,14.3,36.85,27.7,0.78,29.8,66.0,0.66,centro,laboral,0
2024-09-20 00:00:00,47.08,98.5,38.19,2.06,8.9,51.0,5.03,sur,laboral,1
2024-09-20 06:00:00,20.53,38.92,32.23,0.85,14.3,55.9,3.32,sur,fin_semana,0
2024-09-20 12:00:00,8.36,12.59,49.88,1.9,17.2,59.4,1.44,centro,laboral,0
2024-09-20 18:00:00,12.64,22.61,67.06,1.15,14.0,53.2,6.05,norte,laboral,0
2024-09-21 00:00:00,13.83,29.5,26.66,0.79,10.5,63.5,3.7,sur,laboral,0
2024-09-21 06:00:00,33.55,61.36,34.19,1.99,10.3,80.2,1.19,industrial,laboral,1
2024-09-21 12:00:00,22.67,,38.49,0.89,12.2,69.6,2.11,norte,fin_semana,0
2024-09-21 18:00:00,15.93,26.31,27.19,0.65,31.0,48.9,2.45,industrial,laboral,0
2024-09-22 00:00:00,15.57,34.59,40.07,0.77,14.2,36.5,1.85,sur,laboral,0
2024-09-22 06:00:00,18.68,36.09,34.39,1.27,16.9,40.1,0.86,norte,laboral,0
2024-09-22 12:00:00,21.04,36.46,32.21,3.22,16.1,98.0,0.69,norte,laboral,0
2024-09-22 18:00:00,22.93,47.36,31.43,1.65,28.0,73.6,1.33,industrial,feriado,0
2024-09-23 00:00:00,26.12,47.65,47.92,0.63,18.9,62.9,1.71,centro,fin_semana,0
2024-09-23 06:00:00,22.98,40.0,13.54,1.52,22.2,29.9,2.39,centro,laboral,0
2024-09-23 12:00:00,21.86,43.45,55.55,1.76,25.7,58.1,2.65,industrial,laboral,0
2024-09-23 18:00:00,2.97,5.93,19.05,1.41,13.2,75.3,4.33,norte,laboral,0
2024-09-24 00:00:00,15.65,36.77,43.2,1.51,8.6,36.4,9.14,centro,laboral,0
2024-09-24 06:00:00,33.31,48.98,24.45,2.47,14.1,48.7,1.46,sur,fin_semana,1
2024-09-24 12:00:00,,32.66,21.61,0.84,8.8,53.1,3.44,norte,laboral,0
2024-09-24 18:00:00,24.44,49.56,35.37,1.16,4.5,67.2,4.82,sur,feriado,0
2024-09-25 00:00:00,18.47,28.51,22.16,1.56,5.5,78.4,2.2,centro,fin_semana,1
2024-09-25 06:00:00,20.1,28.94,33.69,0.82,17.0,49.4,3.96,sur,laboral,0
2024-09-25 12:00:00,13.09,17.81,24.55,1.33,1.7,54.3,2.62,industrial,fin_semana,0
2024-09-25 18:00:00,12.77,15.64,14.71,1.79,23.2,33.5,2.13,sur,feriado,0
2024-09-26 00:00:00,15.17,29.75,39.23,0.56,22.7,52.3,1.9,centro,laboral,0
2024-09-26 06:00:00,34.5,63.98,29.82,5.02,15.7,79.2,5.34,centro,laboral,0
2024-09-26 12:00:00,20.45,44.44,29.57,2.27,22.5,45.4,1.99,industrial,fin_semana,0
2024-09-26 18:00:00,10.67,21.5,15.35,2.14,11.4,73.1,2.22,centro,laboral,0
2024-09-27 00:00:00,10.13,21.23,42.26,0.47,7.4,63.8,4.06,centro,fin_semana,0
2024-09-27 06:00:00,44.02,91.93,26.54,0.64,15.7,38.8,0.4,sur,laboral,1
2024-09-27 12:00:00,20.51,41.3,26.83,1.47,13.3,85.2,1.32,sur,laboral,0
2024-09-27 18:00:00,29.18,51.93,45.57,1.31,18.8,41.6,2.2,norte,laboral,0
2024-09-28 00:00:00,13.94,25.45,26.73,0.68,19.0,57.4,5.61,sur,fin_semana,0
2024-09-28 06:00:00,17.73,39.18,30.02,1.06,25.7,97.0,2.96,centro,laboral,0
2024-09-28 12:00:00,20.49,48.2,25.99,1.2,5.8,52.2,5.05,norte,laboral,0
2024-09-28 18:00:00,33.83,61.12,48.31,1.51,15.1,83.7,3.55,sur,fin_semana,0
2024-09-29 00:00:00,58.64,118.29,50.61,0.81,9.3,67.7,0.68,sur,laboral,1
2024-09-29 06:00:00,23.61,43.94,10.89,0.61,12.5,56.3,3.36,centro,fin_semana,0
2024-09-29 12:00:00,15.1,34.27,35.37,1.35,10.4,59.5,3.49,sur,fin_semana,0
2024-09-29 18:00:00,18.61,41.38,41.18,1.86,17.7,44.8,7.66,norte,laboral,0
2024-09-30 00:00:00,3.62,5.0,47.31,3.21,20.1,66.2,5.73,sur,fin_semana,0
2024-09-30 06:00:00,19.44,51.99,35.12,1.28,0.1,75.1,1.61,norte,laboral,0
2024-09-30 12:00:00,13.74,26.1,43.86,0.33,15.9,76.8,2.53,sur,laboral,0
2024-09-30 18:00:00,22.23,47.35,35.06,0.4,11.2,73.8,3.45,norte,laboral,0
2024-10-01 00:00:00,23.1,56.94,75.8,0.63,12.3,60.5,2.4,norte,fin_semana,0
2024-10-01 06:00:00,,46.23,32.75,1.33,29.3,78.4,0.66,sur,laboral,1
2024-10-01 12:00:00,20.99,45.62,47.08,1.1,16.4,79.5,5.69,centro,laboral,0
2024-10-01 18:00:00,4.24,8.08,29.02,1.9,10.2,52.2,5.63,norte,laboral,0
2024-10-02 00:00:00,39.15,76.33,39.78,1.19,26.9,57.3,2.07,norte,laboral,0
2024-10-02 06:00:00,58.8,118.13,47.21,2.77,29.6,63.0,5.12,sur,laboral,1
2024-10-02 12:00:00,32.97,68.79,45.68,0.92,19.8,47.3,1.0,norte,fin_semana,0
2024-10-02 18:00:00,19.61,43.04,35.42,0.94,21.3,62.4,0.89,industrial,laboral,0
2024-10-03 00:00:00,32.42,75.12,40.88,1.73,12.9,22.4,5.85,sur,fin_semana,0
2024-10-03 06:00:00,9.46,15.77,19.25,1.33,15.9,90.9,2.44,norte,fin_semana,0
2024-10-03 12:00:00,33.41,75.5,34.48,0.72,10.7,61.0,8.0,centro,laboral,0
2024-10-03 18:00:00,27.05,49.1,33.95,1.58,19.2,76.0,5.71,sur,laboral,0
2024-10-04 00:00:00,12.7,27.16,26.52,0.64,10.8,15.0,2.87,centro,laboral,0
2024-10-04 06:00:00,30.46,60.01,35.61,2.17,9.9,80.1,3.67,centro,laboral,0
2024-10-04 12:00:00,23.16,40.81,12.37,1.33,18.7,34.2,1.48,sur,laboral,0
2024-10-04 18:00:00,11.71,24.75,16.9,2.26,15.9,62.9,2.23,sur,fin_semana,0
2024-10-05 00:00:00,43.57,72.09,54.39,3.77,18.7,63.5,1.94,industrial,laboral,1
2024-10-05 06:00:00,17.13,36.41,20.37,0.49,8.0,74.6,1.35,industrial,laboral,0
2024-10-05 12:00:00,27.21,60.3,31.49,1.31,20.2,83.7,1.6,sur,laboral,0
2024-10-05 18:00:00,22.7,26.15,24.13,1.26,3.0,64.7,0.61,sur,laboral,0
2024-10-06 00:00:00,33.58,72.27,25.77,2.01,10.7,66.4,1.48,norte,fin_semana,0
2024-10-06 06:00:00,16.87,31.6,30.86,5.54,23.9,39.3,7.69,centro,laboral,1
2024-10-06 12:00:00,31.88,50.39,42.4,0.99,26.1,28.0,4.15,industrial,laboral,0
2024-10-06 18:00:00,31.35,46.93,53.94,2.84,23.3,51.4,2.35,sur,laboral,0
2024-10-07 00:00:00,18.94,29.44,38.04,1.15,19.5,69.0,0.52,centro,feriado,1
2024-10-07 06:00:00,,49.53,21.82,0.79,15.6,78.3,1.71,norte,fin_semana,0
2024-10-07 12:00:00,9.85,19.84,19.87,0.28,12.8,63.6,2.66,norte,laboral,0
2024-10-07 18:00:00,21.7,37.28,26.87,0.79,17.9,72.8,0.68,norte,laboral,0
2024-10-08 00:00:00,25.82,43.61,21.94,0.97,25.5,56.4,1.61,industrial,laboral,0
2024-10-08 06:00:00,8.23,12.92,47.4,4.48,21.3,62.9,6.39,sur,fin_semana,0
2024-10-08 12:00:00,21.46,29.67,73.13,0.59,21.1,98.0,1.22,norte,laboral,1
2024-10-08 18:00:00,22.42,45.74,36.54,1.62,29.5,66.2,5.97,norte,laboral,0
2024-10-09 00:00:00,11.13,23.82,15.12,1.0,30.0,41.0,3.79,sur,laboral,0
2024-10-09 06:00:00,10.53,21.99,32.84,1.55,22.2,98.0,1.72,centro,laboral,0
2024-10-09 12:00:00,17.84,37.65,15.59,1.26,17.9,38.5,0.85,centro,feriado,0
2024-10-09 18:00:00,15.27,28.59,104.38,1.73,24.7,46.3,0.95,centro,laboral,1
2024-10-10 00:00:00,31.91,53.62,30.5,2.43,20.2,65.1,4.41,norte,feriado,0
2024-10-10 06:00:00,26.4,65.03,28.75,0.79,12.0,64.9,5.44,centro,fin_semana,0
2024-10-10 12:00:00,21.78,36.14,18.0,0.42,16.3,65.3,7.57,norte,laboral,0
2024-10-10 18:00:00,27.03,,14.83,1.48,15.1,32.8,2.15,centro,laboral,0
2024-10-11 00:00:00,21.39,40.78,17.32,2.18,13.8,41.0,1.68,norte,laboral,0
2024-10-11 06:00:00,13.1,22.2,56.63,2.16,23.2,41.1,1.08,sur,laboral,0
2024-10-11 12:00:00,12.7,18.85,42.42,2.16,20.2,45.7,2.01,norte,laboral,0
2024-10-11 18:00:00,36.36,74.1,39.77,0.6,15.1,62.8,4.86,centro,feriado,0
2024-10-12 00:00:00,29.93,57.28,15.27,3.36,12.3,20.6,3.71,industrial,laboral,1
2024-10-12 06:00:00,26.65,60.89,37.09,0.47,21.1,65.4,0.74,industrial,laboral,0
2024-10-12 12:00:00,14.01,29.07,41.37,1.57,24.3,56.5,5.41,centro,laboral,0
2024-10-12 18:00:00,40.04,78.99,40.74,0.69,22.4,46.4,0.83,centro,laboral,0
2024-10-13 00:00:00,36.24,75.61,,1.0,9.8,58.6,1.65,norte,laboral,1
2024-10-13 06:00:00,23.33,62.43,40.15,0.9,23.8,15.5,4.87,sur,laboral,0
2024-10-13 12:00:00,20.38,38.57,18.94,1.24,18.0,75.9,1.63,centro,laboral,0
2024-10-13 18:00:00,16.58,23.81,19.02,0.82,16.4,34.0,1.61,norte,laboral,0
2024-10-14 00:00:00,19.26,38.61,38.48,0.93,13.8,75.2,2.02,centro,laboral,0
2024-10-14 06:00:00,29.06,60.09,19.54,1.53,15.8,80.2,4.22,sur,fin_semana,0
2024-10-14 12:00:00,8.28,15.93,10.73,1.95,9.6,82.4,2.07,sur,laboral,0
2024-10-14 18:00:00,11.89,23.08,45.03,1.62,13.7,67.0,5.25,centro,laboral,0
2024-10-15 00:00:00,20.29,48.33,41.9,0.83,30.3,68.8,3.22,centro,laboral,0
2024-10-15 06:00:00,14.92,28.36,64.27,1.58,9.8,58.7,1.79,sur,laboral,0
2024-10-15 12:00:00,26.94,49.41,29.56,0.92,17.9,63.7,5.52,industrial,fin_semana,0
2024-10-15 18:00:00,40.84,76.53,26.22,2.46,12.5,46.0,0.92,centro,laboral,1
2024-10-16 00:00:00,20.92,53.38,35.22,0.54,13.8,43.0,4.07,centro,laboral,0
2024-10-16 06:00:00,28.3,70.84,65.69,0.83,23.9,60.3,4.01,centro,laboral,0
2024-10-16 12:00:00,52.96,93.91,18.03,0.55,19.8,51.9,0.21,sur,fin_semana,0
2024-10-16 18:00:00,34.69,62.84,31.41,0.79,12.8,52.0,5.78,centro,laboral,0
2024-10-17 00:00:00,12.92,28.66,46.24,1.22,14.1,92.8,0.52,norte,feriado,0
2024-10-17 06:00:00,61.25,115.75,29.16,1.13,17.6,56.6,2.78,sur,fin_semana,0
2024-10-17 12:00:00,8.43,15.1,14.61,0.62,20.2,66.7,0.78,centro,laboral,0
2024-10-17 18:00:00,10.8,25.76,56.67,1.31,21.9,70.7,5.87,industrial,fin_semana,0
2024-10-18 00:00:00,36.01,64.64,36.81,0.78,17.0,84.6,3.32,norte,laboral,0
2024-10-18 06:00:00,26.1,54.04,67.23,0.75,18.1,90.9,4.63,sur,laboral,0
2024-10-18 12:00:00,11.84,19.58,70.17,0.91,17.5,58.6,4.09,centro,laboral,0
2024-10-18 18:00:00,38.63,43.52,35.48,0.92,14.9,56.4,0.12,industrial,laboral,1
2024-10-19 00:00:00,18.91,29.36,28.67,1.03,22.4,69.8,1.22,norte,feriado,0
2024-10-19 06:00:00,7.57,17.02,15.79,3.03,7.7,70.6,4.47,centro,laboral,0
2024-10-19 12:00:00,17.01,36.95,28.96,1.38,14.8,58.0,0.72,norte,laboral,0
2024-10-19 18:00:00,22.05,40.47,45.28,1.94,1.6,81.1,2.72,sur,fin_semana,0
2024-10-20 00:00:00,24.1,48.32,33.77,0.82,10.9,41.9,5.61,norte,laboral,0
2024-10-20 06:00:00,16.9,29.97,,1.09,11.3,67.2,3.08,centro,laboral,0
2024-10-20 12:00:00,42.08,83.58,33.03,1.44,15.2,60.5,5.8,industrial,laboral,1
2024-10-20 18:00:00,23.27,45.19,36.37,1.0,14.6,48.3,4.27,sur,laboral,0
2024-10-21 00:00:00,41.31,80.24,42.17,2.05,9.8,63.4,2.93,norte,fin_semana,1
2024-10-21 06:00:00,26.53,58.25,,2.17,18.7,90.6,1.05,norte,laboral,0
2024-10-21 12:00:00,20.73,40.55,20.41,2.32,13.9,73.6,1.02,norte,feriado,0
2024-10-21 18:00:00,34.14,89.96,54.34,1.11,17.1,74.5,1.39,centro,laboral,0
2024-10-22 00:00:00,12.15,34.7,20.85,0.35,23.2,37.7,0.93,norte,fin_semana,0
2024-10-22 06:00:00,34.23,52.63,24.8,0.96,23.9,43.3,4.37,centro,laboral,0
2024-10-22 12:00:00,26.95,43.02,42.05,2.53,24.3,90.2,3.15,norte,laboral,0
2024-10-22 18:00:00,8.0,17.9,42.59,0.52,7.8,60.9,5.74,sur,laboral,0
2024-10-23 00:00:00,19.45,33.58,26.79,0.65,1.2,70.9,4.28,norte,laboral,0
2024-10-23 06:00:00,25.18,35.02,16.69,1.04,9.5,91.1,1.08,centro,laboral,0
2024-10-23 12:00:00,33.83,66.72,61.06,1.05,11.3,35.4,2.28,sur,fin_semana,0
2024-10-23 18:00:00,30.84,59.48,16.89,0.98,17.5,49.9,1.49,industrial,laboral,1
2024-10-24 00:00:00,26.28,48.84,13.61,1.9,19.9,59.2,5.67,centro,laboral,0
2024-10-24 06:00:00,27.49,42.15,35.62,1.63,17.8,84.5,1.25,sur,fin_semana,0
2024-10-24 12:00:00,15.97,26.84,33.18,1.0,17.4,66.9,3.58,centro,laboral,0
2024-10-24 18:00:00,12.32,21.19,57.04,1.97,15.6,67.7,5.69,centro,laboral,0
2024-10-25 00:00:00,34.31,60.65,61.12,1.34,14.3,57.2,3.1,industrial,laboral,1
2024-10-25 06:00:00,37.17,49.04,28.22,1.98,8.3,72.5,2.13,sur,laboral,0
2024-10-25 12:00:00,44.55,82.7,45.58,1.4,14.4,70.9,3.74,norte,laboral,0
2024-10-25 18:00:00,31.68,85.69,29.69,1.21,15.3,70.6,0.73,norte,laboral,0
2024-10-26 00:00:00,15.03,22.58,48.46,1.11,13.1,36.9,1.84,sur,laboral,0
2024-10-26 06:00:00,15.09,24.84,13.66,0.91,10.8,80.7,1.99,centro,fin_semana,0
2024-10-26 12:00:00,35.75,72.36,35.27,1.67,26.1,75.3,1.48,sur,laboral,1
2024-10-26 18:00:00,13.18,11.96,43.99,1.12,18.8,52.1,1.91,centro,laboral,0
2024-10-27 00:00:00,49.56,109.96,44.59,0.67,11.8,32.5,1.43,centro,laboral,1
2024-10-27 06:00:00,19.83,35.14,5.37,0.74,3.7,34.4,1.68,centro,laboral,0
2024-10-27 12:00:00,14.91,25.86,36.09,1.57,13.1,79.5,0.47,norte,laboral,0
2024-10-27 18:00:00,36.94,59.7,44.38,2.59,19.8,48.8,1.55,norte,fin_semana,0
2024-10-28 00:00:00,32.9,50.01,27.74,0.72,2.6,67.9,4.59,norte,fin_semana,0
2024-10-28 06:00:00,31.95,53.15,57.01,1.88,9.4,57.0,2.42,industrial,fin_semana,1
2024-10-28 12:00:00,13.92,23.58,29.19,0.81,2.1,32.1,3.89,centro,fin_semana,0
2024-10-28 18:00:00,15.12,34.31,,0.6,11.8,62.5,0.7,centro,laboral,0
2024-10-29 00:00:00,7.91,16.49,21.77,0.83,15.3,79.8,0.31,norte,laboral,0
2024-10-29 06:00:00,19.75,36.91,53.11,0.71,18.4,98.0,1.77,centro,laboral,0
2024-10-29 12:00:00,19.11,,21.78,1.52,26.4,83.1,2.44,centro,fin_semana,0
2024-10-29 18:00:00,11.91,23.1,51.49,0.4,15.9,67.2,1.67,sur,laboral,0
2024-10-30 00:00:00,37.27,62.05,33.29,1.82,16.8,59.6,5.67,norte,laboral,0
2024-10-30 06:00:00,5.88,10.46,47.71,1.29,21.6,63.1,1.37,sur,laboral,0
2024-10-30 12:00:00,60.88,110.74,17.58,0.98,15.7,76.8,2.16,industrial,fin_semana,1
2024-10-30 18:00:00,9.19,11.49,24.05,1.17,14.6,53.3,1.36,norte,laboral,0
2024-10-31 00:00:00,15.08,22.07,22.11,1.67,18.8,85.8,2.94,industrial,laboral,0
2024-10-31 06:00:00,11.99,20.38,14.5,2.21,6.0,59.0,1.51,sur,laboral,0
2024-10-31 12:00:00,16.52,34.96,43.27,0.78,5.8,56.7,1.9,norte,fin_semana,0
2024-10-31 18:00:00,35.28,63.68,34.23,1.98,16.8,35.9,0.78,sur,laboral,0
2024-11-01 00:00:00,21.31,40.18,31.0,3.77,22.1,57.4,1.91,industrial,laboral,0
2024-11-01 06:00:00,21.81,47.25,51.15,1.97,17.8,45.4,1.49,norte,laboral,0
2024-11-01 12:00:00,12.01,25.33,34.82,1.87,18.9,51.3,4.37,industrial,laboral,0
2024-11-01 18:00:00,13.98,20.41,33.43,1.82,16.9,64.9,0.9,norte,fin_semana,0
2024-11-02 00:00:00,,16.97,35.39,0.7,-3.0,67.0,5.0,norte,feriado,0
2024-11-02 06:00:00,13.29,26.59,26.19,1.49,14.1,81.8,4.29,industrial,laboral,0
2024-11-02 12:00:00,14.23,28.41,25.89,0.73,17.3,82.7,2.51,sur,laboral,0
2024-11-02 18:00:00,20.17,38.14,21.52,0.84,9.7,54.6,1.19,centro,fin_semana,1
2024-11-03 00:00:00,21.88,36.35,25.84,0.62,9.1,85.8,2.97,norte,fin_semana,0
2024-11-03 06:00:00,19.05,35.42,29.42,2.87,11.3,74.2,0.35,centro,laboral,0
2024-11-03 12:00:00,16.77,34.64,21.46,0.89,14.5,47.7,2.78,industrial,laboral,0
2024-11-03 18:00:00,24.17,36.64,25.62,0.87,10.4,42.7,2.62,norte,laboral,0
2024-11-04 00:00:00,16.55,35.75,52.61,1.0,1.4,49.1,1.72,norte,laboral,1
2024-11-04 06:00:00,26.6,62.5,23.84,1.84,9.4,59.1,6.04,norte,laboral,0
2024-11-04 12:00:00,20.25,,53.53,0.97,20.7,49.8,5.67,norte,laboral,1
2024-11-04 18:00:00,39.01,86.23,52.73,1.92,9.7,65.4,6.56,norte,laboral,0
2024-11-05 00:00:00,35.83,69.48,24.93,1.29,17.9,63.2,2.74,norte,laboral,0
2024-11-05 06:00:00,18.0,32.47,13.82,0.88,12.0,42.7,1.34,sur,fin_semana,0
2024-11-05 12:00:00,16.25,40.64,48.69,1.77,20.7,71.5,2.47,sur,laboral,0
2024-11-05 18:00:00,42.68,80.85,22.9,0.34,14.5,60.1,2.79,norte,laboral,0
2024-11-06 00:00:00,23.25,45.82,36.62,0.83,9.4,91.1,4.54,industrial,laboral,0
2024-11-06 06:00:00,9.75,21.77,18.5,0.32,11.0,74.2,4.9,centro,laboral,0
2024-11-06 12:00:00,28.32,34.29,43.52,0.44,18.4,98.0,3.55,industrial,laboral,0
2024-11-06 18:00:00,22.29,51.01,28.02,0.61,8.2,84.5,0.48,industrial,laboral,1
2024-11-07 00:00:00,23.41,47.49,15.03,1.03,16.3,35.4,3.57,centro,laboral,0
2024-11-07 06:00:00,13.93,31.24,25.8,1.38,12.3,28.1,1.3,centro,laboral,0
2024-11-07 12:00:00,23.93,44.92,65.17,1.84,22.4,41.2,6.48,norte,fin_semana,0
2024-11-07 18:00:00,5.79,14.03,39.04,1.76,18.9,44.5,5.97,centro,laboral,0
2024-11-08 00:00:00,10.82,18.77,12.36,0.61,8.5,52.7,4.08,sur,fin_semana,0
2024-11-08 06:00:00,34.17,88.57,24.74,2.25,19.5,96.2,2.91,norte,feriado,0
2024-11-08 12:00:00,54.37,106.45,45.65,0.78,12.4,81.4,4.73,centro,laboral,1
2024-11-08 18:00:00,31.16,67.11,38.74,1.61,15.6,63.2,1.29,sur,laboral,1
2024-11-09 00:00:00,31.42,52.41,50.46,0.82,15.6,65.0,3.61,centro,fin_semana,0
2024-11-09 06:00:00,19.69,30.63,42.47,1.02,12.0,64.4,5.0,norte,laboral,0
2024-11-09 12:00:00,20.81,44.79,19.12,1.83,28.0,76.1,0.71,centro,laboral,0
2024-11-09 18:00:00,32.35,,24.25,2.93,19.1,79.8,1.51,sur,feriado,0
2024-11-10 00:00:00,25.49,62.39,33.2,1.95,24.8,68.1,3.34,industrial,laboral,0
2024-11-10 06:00:00,27.86,54.18,24.89,1.29,9.7,57.0,1.81,centro,laboral,1
2024-11-10 12:00:00,18.71,36.17,28.18,1.32,11.7,38.2,1.97,sur,laboral,0
2024-11-10 18:00:00,14.1,31.29,35.99,0.38,0.4,98.0,4.53,centro,feriado,0
2024-11-11 00:00:00,33.5,35.03,18.93,0.41,4.4,73.1,2.35,sur,laboral,0
2024-11-11 06:00:00,23.83,58.33,16.17,0.33,20.0,71.6,3.82,industrial,laboral,0
2024-11-11 12:00:00,26.22,52.96,33.42,1.8,13.3,42.2,2.99,industrial,fin_semana,0
2024-11-11 18:00:00,14.6,14.36,26.95,0.98,16.0,68.4,7.29,industrial,laboral,0
2024-11-12 00:00:00,15.8,25.37,39.61,1.22,23.0,33.6,0.6,centro,laboral,1
2024-11-12 06:00:00,18.44,23.68,33.37,0.84,15.3,74.4,1.2,sur,fin_semana,0
2024-11-12 12:00:00,30.59,60.38,27.62,2.13,15.8,67.1,0.59,norte,laboral,1
2024-11-12 18:00:00,27.97,56.07,,1.08,12.6,46.1,5.52,sur,laboral,0
2024-11-13 00:00:00,13.97,20.41,18.82,0.97,4.2,55.0,2.3,centro,laboral,0
2024-11-13 06:00:00,55.16,87.76,61.51,1.31,22.2,73.0,2.12,centro,laboral,1
2024-11-13 12:00:00,16.3,33.14,18.22,0.93,20.5,72.4,2.16,sur,fin_semana,0
2024-11-13 18:00:00,11.82,25.1,55.14,0.9,9.0,53.3,1.96,centro,fin_semana,0
2024-11-14 00:00:00,9.88,20.98,14.76,0.77,17.7,45.0,1.94,sur,fin_semana,0
2024-11-14 06:00:00,12.92,25.35,25.77,3.16,14.0,15.0,3.66,industrial,laboral,1
2024-11-14 12:00:00,15.25,34.52,34.89,2.67,14.2,67.5,2.57,industrial,laboral,1
2024-11-14 18:00:00,15.12,24.01,12.62,0.88,15.0,69.9,2.2,sur,laboral,0
2024-11-15 00:00:00,36.51,74.51,22.57,0.95,6.8,70.4,3.64,sur,fin_semana,1
2024-11-15 06:00:00,12.41,27.17,31.15,1.13,31.4,48.1,3.19,centro,laboral,0
2024-11-15 12:00:00,38.58,51.1,10.92,1.64,16.7,59.1,1.48,sur,laboral,0
2024-11-15 18:00:00,48.49,78.59,75.26,0.47,15.5,47.2,1.59,sur,laboral,1
2024-11-16 00:00:00,17.59,36.82,81.81,0.39,21.3,42.3,4.42,industrial,laboral,0
2024-11-16 06:00:00,22.0,39.5,22.73,0.85,6.7,79.3,1.83,sur,laboral,0
2024-11-16 12:00:00,13.06,20.07,30.83,0.78,20.9,69.4,7.57,centro,laboral,0
2024-11-16 18:00:00,32.09,65.92,26.63,1.02,8.0,84.3,0.27,sur,laboral,0
2024-11-17 00:00:00,52.36,99.53,25.94,2.74,10.9,53.4,0.84,centro,laboral,1
2024-11-17 06:00:00,65.52,144.76,40.99,3.41,29.9,65.3,4.33,norte,laboral,1
2024-11-17 12:00:00,75.91,153.37,54.36,1.88,26.4,75.5,1.22,norte,laboral,1
2024-11-17 18:00:00,21.36,42.06,34.43,1.09,15.7,64.2,6.89,centro,laboral,0
2024-11-18 00:00:00,40.07,89.85,20.26,1.01,12.8,59.7,4.03,norte,laboral,0
2024-11-18 06:00:00,23.82,54.33,22.98,0.89,18.1,79.0,6.94,norte,laboral,0
2024-11-18 12:00:00,21.24,42.3,24.86,1.48,20.4,62.3,5.18,norte,fin_semana,0
2024-11-18 18:00:00,20.37,42.9,40.41,0.82,-0.3,95.0,1.71,norte,laboral,0
2024-11-19 00:00:00,14.36,25.11,72.4,0.47,12.5,64.7,1.7,centro,laboral,0
2024-11-19 06:00:00,11.97,19.78,27.52,1.24,9.2,43.8,1.28,sur,fin_semana,0
2024-11-19 12:00:00,16.44,37.14,21.11,1.21,19.6,71.1,0.18,norte,laboral,1
2024-11-19 18:00:00,21.45,35.69,30.46,0.88,21.8,68.9,8.95,industrial,fin_semana,0
2024-11-20 00:00:00,34.98,64.66,37.9,1.26,21.5,56.2,1.77,norte,laboral,0
2024-11-20 06:00:00,20.49,27.9,34.96,0.91,1.8,62.5,0.5,norte,laboral,0
2024-11-20 12:00:00,42.23,77.96,25.61,0.8,14.9,75.6,0.78,centro,laboral,0
2024-11-20 18:00:00,35.74,74.07,20.91,0.86,21.6,63.8,2.9,norte,fin_semana,0
2024-11-21 00:00:00,19.58,39.49,31.43,1.41,29.6,68.2,6.67,centro,laboral,0
2024-11-21 06:00:00,49.75,92.91,11.48,2.14,6.1,25.5,3.02,centro,laboral,0
2024-11-21 12:00:00,25.4,48.2,18.69,0.8,19.0,81.4,2.81,centro,laboral,0
2024-11-21 18:00:00,13.97,24.3,27.85,0.9,25.6,67.0,5.7,norte,laboral,0
2024-11-22 00:00:00,19.28,39.54,55.02,0.52,22.0,46.6,7.68,industrial,fin_semana,0
2024-11-22 06:00:00,18.5,47.61,27.22,0.74,17.1,47.4,5.97,centro,fin_semana,0
2024-11-22 12:00:00,20.99,48.5,72.42,4.51,19.4,65.0,3.02,norte,laboral,1
2024-11-22 18:00:00,13.84,24.28,47.95,1.19,15.4,51.4,1.98,norte,laboral,0
2024-11-23 00:00:00,16.85,34.48,60.32,0.38,19.3,73.7,5.17,industrial,laboral,0
2024-11-23 06:00:00,31.11,49.02,84.88,0.82,19.1,55.6,1.13,norte,laboral,1
2024-11-23 12:00:00,31.1,85.05,17.19,1.17,16.9,96.6,0.98,centro,fin_semana,0
2024-11-23 18:00:00,4.11,7.84,48.32,1.24,21.4,72.3,2.61,sur,laboral,0
2024-11-24 00:00:00,28.21,61.54,34.48,0.99,16.7,78.7,4.11,norte,laboral,0
2024-11-24 06:00:00,25.29,53.13,21.4,3.89,20.6,64.1,3.02,industrial,laboral,1
2024-11-24 12:00:00,35.63,100.01,22.89,2.78,13.5,98.0,0.38,centro,laboral,0
2024-11-24 18:00:00,18.97,42.6,25.86,0.77,16.0,51.0,0.82,sur,fin_semana,0
2024-11-25 00:00:00,30.03,37.69,46.54,0.51,18.1,51.8,3.01,sur,laboral,0
2024-11-25 06:00:00,9.46,28.36,24.27,0.54,17.3,54.7,4.96,centro,laboral,0
2024-11-25 12:00:00,34.59,64.28,28.28,0.91,9.2,46.7,3.45,sur,feriado,0
2024-11-25 18:00:00,22.29,43.86,16.17,1.46,4.1,69.3,5.75,centro,laboral,0
2024-11-26 00:00:00,9.07,20.75,25.64,1.8,17.2,75.5,5.85,centro,laboral,0
2024-11-26 06:00:00,11.74,23.59,12.13,2.47,11.6,56.4,0.43,sur,laboral,0
2024-11-26 12:00:00,43.49,75.79,26.22,1.39,18.6,55.6,2.93,norte,feriado,1
2024-11-26 18:00:00,30.56,63.97,30.49,1.26,26.3,46.5,2.11,sur,laboral,0
2024-11-27 00:00:00,27.91,51.43,48.01,0.79,27.5,81.3,4.44,centro,laboral,0
2024-11-27 06:00:00,12.65,21.18,23.43,0.59,12.7,43.2,0.19,sur,laboral,0
2024-11-27 12:00:00,21.54,48.08,42.42,0.52,17.2,92.2,4.84,centro,fin_semana,0
2024-11-27 18:00:00,21.69,54.19,54.72,0.77,14.4,70.7,1.07,centro,fin_semana,0
2024-11-28 00:00:00,15.51,34.13,43.21,0.66,11.6,75.4,1.5,norte,fin_semana,0
2024-11-28 06:00:00,42.41,88.01,58.5,0.87,20.5,71.2,2.54,centro,laboral,0
2024-11-28 12:00:00,29.41,60.08,8.02,1.63,23.1,75.8,1.96,centro,laboral,1
2024-11-28 18:00:00,40.4,79.93,33.46,0.69,9.6,52.0,1.54,centro,laboral,0
2024-11-29 00:00:00,28.72,68.16,24.79,0.38,23.4,43.8,2.71,sur,laboral,0
2024-11-29 06:00:00,12.63,24.17,17.08,0.67,21.7,98.0,3.81,industrial,fin_semana,0
2024-11-29 12:00:00,45.97,92.79,46.48,0.69,14.5,64.2,0.46,industrial,laboral,1
2024-11-29 18:00:00,14.87,25.92,23.3,0.78,30.2,53.1,4.21,centro,laboral,0
2024-11-30 00:00:00,,13.4,45.33,0.79,19.9,54.6,2.11,norte,fin_semana,0
2024-11-30 06:00:00,36.1,100.68,27.45,0.95,16.0,35.4,1.5,norte,laboral,1
2024-11-30 12:00:00,19.59,43.73,21.37,1.73,6.7,57.0,1.57,norte,fin_semana,0
2024-11-30 18:00:00,22.31,39.81,43.6,0.85,-3.0,59.8,0.7,sur,laboral,0
2024-12-01 00:00:00,35.31,63.32,36.24,0.49,2.2,64.6,1.14,sur,fin_semana,1
2024-12-01 06:00:00,33.76,71.95,25.85,1.08,-0.1,94.4,1.11,industrial,feriado,1
2024-12-01 12:00:00,16.35,27.94,18.84,0.58,7.9,58.3,5.61,norte,laboral,0
2024-12-01 18:00:00,23.92,37.18,24.26,1.06,14.5,94.8,3.7,norte,laboral,1
2024-12-02 00:00:00,31.79,72.38,27.7,0.84,13.1,85.2,1.01,sur,fin_semana,0
2024-12-02 06:00:00,17.23,26.95,31.15,2.29,17.3,98.0,5.01,centro,fin_semana,0
2024-12-02 12:00:00,37.56,66.78,27.38,1.17,19.5,98.0,2.88,industrial,laboral,1
2024-12-02 18:00:00,20.22,30.57,45.87,0.46,20.3,25.7,0.54,norte,laboral,0
2024-12-03 00:00:00,47.78,102.28,21.47,0.68,11.0,72.3,2.93,centro,fin_semana,0
2024-12-03 06:00:00,19.09,35.42,54.45,1.29,24.3,50.8,7.51,sur,laboral,0
2024-12-03 12:00:00,19.44,36.52,44.3,1.9,17.0,38.5,3.58,industrial,laboral,1
2024-12-03 18:00:00,16.55,29.33,21.74,0.82,12.9,72.6,0.43,centro,laboral,1
2024-12-04 00:00:00,34.22,50.08,32.02,0.95,11.6,37.8,0.53,industrial,fin_semana,0
2024-12-04 06:00:00,18.69,25.12,,1.58,12.1,46.6,2.48,centro,laboral,0
2024-12-04 12:00:00,17.23,31.65,30.69,0.87,27.0,57.8,1.3,centro,laboral,1
2024-12-04 18:00:00,6.44,11.61,31.61,1.58,16.3,37.9,1.5,industrial,laboral,0
2024-12-05 00:00:00,27.29,52.82,65.07,1.47,20.4,38.9,0.93,industrial,fin_semana,1
2024-12-05 06:00:00,59.2,72.26,19.32,1.15,9.4,62.3,0.47,industrial,laboral,1
2024-12-05 12:00:00,10.07,21.84,30.25,1.07,9.3,89.1,0.25,industrial,laboral,0
2024-12-05 18:00:00,14.15,27.07,67.5,2.54,16.8,53.9,0.73,industrial,laboral,1
2024-12-06 00:00:00,24.28,44.62,29.35,0.66,20.3,54.6,2.37,norte,laboral,0
2024-12-06 06:00:00,12.71,25.03,26.13,1.2,11.5,50.0,1.52,industrial,laboral,0
2024-12-06 12:00:00,30.61,73.06,11.19,0.9,7.2,31.3,2.97,centro,laboral,0
2024-12-06 18:00:00,9.23,14.11,28.02,1.34,20.0,42.9,5.06,centro,fin_semana,0
2024-12-07 00:00:00,3.55,7.5,50.74,0.59,19.1,60.3,1.79,centro,laboral,0
2024-12-07 06:00:00,19.71,36.71,40.91,0.41,19.9,64.6,4.62,sur,laboral,0
2024-12-07 12:00:00,23.47,42.94,34.67,2.65,12.2,87.3,1.2,centro,laboral,0
2024-12-07 18:00:00,,76.2,38.79,0.95,20.8,43.6,3.06,norte,laboral,1
2024-12-08 00:00:00,12.59,23.78,41.76,0.89,10.5,57.6,1.35,norte,fin_semana,0
2024-12-08 06:00:00,13.14,29.57,54.79,1.2,21.8,31.5,1.65,sur,laboral,0
2024-12-08 12:00:00,15.3,26.03,39.89,1.29,10.3,66.6,2.37,centro,laboral,0
2024-12-08 18:00:00,5.83,10.83,36.73,1.7,14.7,93.5,2.86,centro,laboral,0
2024-12-09 00:00:00,21.87,34.47,36.99,4.59,10.5,64.4,5.21,industrial,fin_semana,0
2024-12-09 06:00:00,33.32,60.53,49.01,1.15,9.3,71.1,5.36,sur,fin_semana,0
2024-12-09 12:00:00,27.69,53.34,78.03,0.83,26.3,63.6,1.3,industrial,laboral,1
2024-12-09 18:00:00,8.53,15.23,16.03,0.59,29.5,86.3,4.77,centro,laboral,0
2024-12-10 00:00:00,22.25,35.73,28.22,1.0,22.1,40.8,2.29,industrial,laboral,1
2024-12-10 06:00:00,42.47,86.94,,1.61,10.9,75.4,2.52,sur,fin_semana,0
2024-12-10 12:00:00,45.29,94.15,8.57,0.45,10.9,68.9,2.1,centro,laboral,1
2024-12-10 18:00:00,72.32,109.71,15.65,1.49,16.6,62.8,0.77,sur,laboral,1
2024-12-11 00:00:00,8.84,13.58,14.5,0.85,26.5,72.0,2.0,sur,laboral,0
2024-12-11 06:00:00,32.35,67.7,49.69,1.37,26.4,52.4,1.08,norte,laboral,0
2024-12-11 12:00:00,18.88,51.23,46.3,1.33,0.1,38.7,0.35,industrial,laboral,0
2024-12-11 18:00:00,17.18,30.87,23.29,1.01,20.5,73.8,1.48,sur,laboral,0
2024-12-12 00:00:00,17.92,37.36,19.78,1.95,14.1,19.6,1.31,norte,laboral,0
2024-12-12 06:00:00,21.99,42.63,43.1,1.65,18.8,65.7,7.44,norte,laboral,0
2024-12-12 12:00:00,41.51,97.1,22.47,1.31,21.0,79.0,1.37,industrial,laboral,1
2024-12-12 18:00:00,17.73,18.19,73.37,1.32,12.2,62.8,5.03,industrial,feriado,1
2024-12-13 00:00:00,23.48,60.03,27.01,0.57,10.1,79.1,2.03,centro,fin_semana,0
2024-12-13 06:00:00,19.4,37.9,18.52,0.91,12.8,21.9,2.62,norte,laboral,0
2024-12-13 12:00:00,19.44,33.79,29.75,0.72,20.0,47.6,2.12,centro,laboral,0
2024-12-13 18:00:00,39.83,83.55,34.51,1.42,24.0,67.1,2.48,norte,laboral,0
2024-12-14 00:00:00,38.22,61.98,25.93,1.28,27.4,38.3,7.22,sur,laboral,0
2024-12-14 06:00:00,22.73,47.02,19.25,1.86,19.2,27.0,2.36,norte,fin_semana,0
2024-12-14 12:00:00,16.14,27.42,51.92,2.67,26.4,80.3,1.47,norte,laboral,0
2024-12-14 18:00:00,33.12,79.67,30.81,1.18,10.8,62.4,2.42,industrial,laboral,1
2024-12-15 00:00:00,32.61,56.69,7.25,1.76,11.8,59.1,1.09,norte,fin_semana,0
2024-12-15 06:00:00,9.52,20.84,49.77,2.25,18.2,49.7,2.8,centro,laboral,0
2024-12-15 12:00:00,26.1,55.08,39.92,0.88,15.8,69.0,0.61,industrial,fin_semana,0
2024-12-15 18:00:00,63.08,157.36,49.67,1.0,23.0,68.5,1.33,centro,laboral,1
2024-12-16 00:00:00,33.88,55.62,12.94,1.08,19.5,69.1,0.87,industrial,laboral,1
2024-12-16 06:00:00,51.54,94.67,30.19,1.32,9.5,95.6,1.64,industrial,fin_semana,1
2024-12-16 12:00:00,34.0,51.81,19.13,1.07,11.7,76.7,3.65,industrial,laboral,0
2024-12-16 18:00:00,21.26,43.5,60.72,1.36,14.4,65.7,0.34,norte,fin_semana,0
2024-12-17 00:00:00,27.22,45.84,36.61,2.06,25.4,54.2,1.77,centro,feriado,0
2024-12-17 06:00:00,16.11,26.37,48.22,1.2,8.4,60.9,4.83,centro,feriado,0
2024-12-17 12:00:00,22.88,47.37,58.29,0.46,12.6,88.2,0.29,sur,fin_semana,0
2024-12-17 18:00:00,24.45,45.16,41.6,1.89,29.4,79.3,4.21,centro,feriado,0
2024-12-18 00:00:00,25.04,50.59,49.39,0.4,2.7,54.4,1.55,sur,feriado,0
2024-12-18 06:00:00,30.52,60.12,14.79,2.53,16.7,55.8,3.38,sur,laboral,0
2024-12-18 12:00:00,40.16,65.26,11.58,1.58,25.2,33.1,2.28,industrial,laboral,0
2024-12-18 18:00:00,10.82,19.08,44.67,0.73,19.3,51.9,1.66,centro,laboral,0
2024-12-19 00:00:00,11.15,21.3,38.69,0.65,15.3,76.0,4.05,sur,laboral,0
2024-12-19 06:00:00,48.42,99.28,17.9,0.76,15.4,79.6,2.03,centro,laboral,0
2024-12-19 12:00:00,19.06,20.07,55.09,0.72,19.9,98.0,1.19,centro,laboral,1
2024-12-19 18:00:00,41.79,69.22,18.0,0.5,17.6,63.3,1.41,norte,laboral,0
2024-12-20 00:00:00,33.99,,19.12,0.54,18.8,98.0,3.75,sur,laboral,0
2024-12-20 06:00:00,16.09,38.11,50.7,2.53,18.3,79.9,2.92,norte,fin_semana,1
2024-12-20 12:00:00,10.34,22.93,40.58,0.43,18.2,43.4,0.22,sur,fin_semana,0
2024-12-20 18:00:00,26.56,55.62,41.64,1.92,18.4,87.4,1.93,centro,laboral,1
2024-12-21 00:00:00,17.44,21.46,37.31,1.26,19.0,46.5,0.32,industrial,laboral,0
2024-12-21 06:00:00,12.36,26.17,28.49,0.49,12.3,57.0,4.24,industrial,feriado,0
2024-12-21 12:00:00,18.0,36.67,39.22,1.65,14.3,49.3,2.36,industrial,laboral,0
2024-12-21 18:00:00,17.33,32.35,25.06,0.91,16.5,61.1,4.28,sur,fin_semana,0
2024-12-22 00:00:00,46.21,87.37,29.11,1.02,3.4,46.6,1.87,sur,fin_semana,1
2024-12-22 06:00:00,29.57,55.3,48.04,1.48,21.8,67.2,2.08,centro,fin_semana,0
2024-12-22 12:00:00,24.45,31.18,39.62,1.0,9.9,72.4,4.26,industrial,laboral,0
2024-12-22 18:00:00,17.67,32.2,21.54,0.67,23.3,45.8,3.22,centro,fin_semana,1
2024-12-23 00:00:00,4.74,8.58,42.44,1.25,19.4,86.3,4.92,sur,laboral,0
2024-12-23 06:00:00,46.83,75.29,51.48,0.68,16.6,55.5,2.99,centro,laboral,0
2024-12-23 12:00:00,2.11,5.0,12.25,1.96,16.3,54.8,1.2,centro,fin_semana,0
2024-12-23 18:00:00,31.61,46.11,34.78,2.05,21.6,41.3,3.95,norte,laboral,1
2024-12-24 00:00:00,10.15,19.58,36.74,1.04,6.7,62.9,0.84,sur,laboral,0
2024-12-24 06:00:00,32.08,55.15,23.48,0.7,21.1,69.1,1.91,sur,fin_semana,0
2024-12-24 12:00:00,71.33,91.5,39.66,1.28,14.5,44.0,0.59,centro,fin_semana,1
2024-12-24 18:00:00,25.29,53.72,28.53,2.37,2.1,92.9,2.24,norte,laboral,0
2024-12-25 00:00:00,19.43,34.71,26.01,1.14,16.0,64.7,4.46,centro,fin_semana,0
2024-12-25 06:00:00,15.7,34.58,26.94,0.92,22.2,70.8,1.54,sur,fin_semana,0
2024-12-25 12:00:00,30.01,55.81,48.82,2.08,9.9,34.5,4.8,sur,laboral,1
2024-12-25 18:00:00,31.35,60.3,33.85,0.46,24.9,39.4,3.84,norte,fin_semana,0
2024-12-26 00:00:00,14.82,31.83,52.3,0.68,20.5,71.3,1.01,norte,laboral,0
2024-12-26 06:00:00,38.27,71.95,58.29,0.85,13.8,74.2,4.83,sur,fin_semana,0
2024-12-26 12:00:00,49.33,88.97,26.1,0.54,26.5,65.2,0.37,centro,fin_semana,0
2024-12-26 18:00:00,63.56,,44.91,0.61,19.7,55.5,1.66,industrial,fin_semana,1
2024-12-27 00:00:00,18.03,31.31,43.91,3.41,13.1,63.7,3.05,norte,feriado,0
2024-12-27 06:00:00,9.28,14.64,44.05,1.38,6.0,64.0,1.55,centro,laboral,0
2024-12-27 12:00:00,37.56,54.44,20.07,0.64,15.6,55.1,4.57,centro,laboral,0
2024-12-27 18:00:00,9.84,16.92,44.24,1.02,11.6,75.0,2.0,sur,laboral,0
2024-12-28 00:00:00,34.39,66.2,8.81,0.51,24.0,40.1,4.16,sur,laboral,0
2024-12-28 06:00:00,14.47,27.92,32.43,0.82,14.1,85.6,4.68,industrial,laboral,0
2024-12-28 12:00:00,9.65,19.0,41.8,2.68,15.1,72.6,1.5,sur,laboral,0
2024-12-28 18:00:00,17.45,23.9,39.1,1.31,18.9,89.8,1.97,industrial,fin_semana,0
2024-12-29 00:00:00,36.83,73.18,38.37,0.91,25.7,50.9,1.19,industrial,laboral,1
2024-12-29 06:00:00,33.15,68.89,24.39,0.55,20.2,77.4,4.08,centro,laboral,0
2024-12-29 12:00:00,10.87,15.31,15.96,1.57,24.0,58.9,5.97,centro,laboral,0
2024-12-29 18:00:00,32.22,54.33,37.57,1.5,19.6,74.5,3.38,centro,laboral,0
2024-12-30 00:00:00,23.05,52.99,23.5,1.82,18.4,44.7,2.25,centro,fin_semana,0
2024-12-30 06:00:00,58.88,95.07,19.64,1.98,22.8,68.8,2.98,norte,laboral,0
2024-12-30 12:00:00,10.69,24.31,57.16,0.44,25.7,98.0,1.41,norte,laboral,0
2024-12-30 18:00:00,26.68,48.68,48.85,1.75,17.0,68.5,1.54,centro,fin_semana,1
2024-12-31 00:00:00,47.82,80.18,27.01,1.53,21.1,71.7,2.69,centro,laboral,0
2024-12-31 06:00:00,25.33,52.13,26.38,0.85,21.3,55.4,1.51,norte,laboral,0
2024-12-31 12:00:00,18.19,40.79,40.87,1.46,27.2,63.2,5.81,centro,laboral,0
2024-12-31 18:00:00,33.42,71.02,42.52,0.66,20.1,74.9,0.53,sur,laboral,0
2025-01-01 00:00:00,51.44,103.05,14.28,3.5,12.6,52.9,3.45,centro,laboral,1
2025-01-01 06:00:00,13.71,24.89,65.99,1.63,29.1,79.5,1.29,centro,fin_semana,0
2025-01-01 12:00:00,26.53,57.8,25.8,0.39,15.4,94.4,2.39,norte,fin_semana,0
2025-01-01 18:00:00,19.8,32.86,21.4,0.78,16.9,96.0,0.82,centro,laboral,1
2025-01-02 00:00:00,12.52,24.95,14.19,0.76,11.0,62.9,8.64,centro,fin_semana,0
2025-01-02 06:00:00,36.53,60.06,36.11,1.1,12.3,56.2,0.84,norte,laboral,1
2025-01-02 12:00:00,18.19,37.89,10.1,1.58,11.3,65.2,0.97,sur,laboral,0
2025-01-02 18:00:00,14.29,33.47,34.36,1.26,24.0,42.8,0.86,norte,laboral,0
2025-01-03 00:00:00,14.08,25.76,51.87,0.7,16.9,43.9,2.34,sur,fin_semana,0
2025-01-03 06:00:00,14.88,21.53,40.71,0.74,12.9,44.9,1.89,centro,laboral,0
2025-01-03 12:00:00,22.29,50.2,29.23,1.6,12.0,87.5,5.6,sur,laboral,0
2025-01-03 18:00:00,34.21,60.35,34.13,0.98,22.7,44.8,0.59,sur,laboral,1
2025-01-04 00:00:00,20.53,37.97,24.32,3.79,25.4,85.2,1.94,centro,feriado,0
2025-01-04 06:00:00,20.09,32.79,,0.91,5.4,79.9,3.21,centro,fin_semana,0
2025-01-04 12:00:00,28.33,57.54,39.32,1.71,16.5,42.4,1.2,sur,laboral,0
2025-01-04 18:00:00,19.93,30.32,24.21,0.51,15.5,98.0,1.33,norte,laboral,0
2025-01-05 00:00:00,19.27,25.05,22.91,0.41,22.0,54.4,1.75,centro,laboral,0
2025-01-05 06:00:00,23.68,45.51,65.67,0.74,25.2,88.7,5.26,centro,laboral,0
2025-01-05 12:00:00,18.77,38.87,32.3,1.2,5.4,18.0,0.51,industrial,feriado,0
2025-01-05 18:00:00,47.71,107.02,69.53,0.69,17.1,48.4,1.54,centro,fin_semana,1
2025-01-06 00:00:00,13.52,27.59,13.81,0.78,6.8,68.7,1.17,sur,laboral,0
2025-01-06 06:00:00,19.97,34.24,36.9,0.62,19.8,46.1,3.99,centro,laboral,0
2025-01-06 12:00:00,58.28,133.33,38.22,0.93,3.5,80.7,5.84,norte,laboral,0
2025-01-06 18:00:00,33.51,53.81,,0.81,5.4,59.6,5.38,sur,laboral,0
2025-01-07 00:00:00,27.56,47.7,25.08,0.68,25.3,56.2,0.44,sur,fin_semana,0
2025-01-07 06:00:00,17.8,34.86,29.29,1.02,25.1,83.2,3.36,norte,feriado,0
2025-01-07 12:00:00,27.55,68.46,28.75,0.64,17.7,70.2,0.92,industrial,laboral,0
2025-01-07 18:00:00,22.97,43.63,32.57,0.76,21.4,20.6,1.77,industrial,laboral,0
2025-01-08 00:00:00,18.71,38.7,56.48,1.6,7.2,50.0,2.06,centro,laboral,1
2025-01-08 06:00:00,27.76,35.46,39.24,1.44,20.7,87.0,3.05,sur,laboral,0
2025-01-08 12:00:00,17.17,16.46,32.1,2.43,4.4,54.3,1.86,industrial,laboral,1
2025-01-08 18:00:00,25.69,49.19,32.82,1.4,3.9,53.1,1.8,norte,laboral,0
2025-01-09 00:00:00,15.18,26.42,41.69,0.78,18.0,67.7,2.03,industrial,laboral,1
2025-01-09 06:00:00,13.11,27.35,43.97,0.81,6.4,94.4,2.1,centro,laboral,0
2025-01-09 12:00:00,19.45,41.45,39.15,0.63,20.0,57.3,1.82,norte,laboral,0
2025-01-09 18:00:00,9.08,21.69,36.35,1.48,15.6,47.2,4.36,industrial,laboral,0
2025-01-10 00:00:00,17.76,38.63,28.95,1.41,21.6,71.0,0.75,sur,laboral,0
2025-01-10 06:00:00,21.09,42.69,43.6,1.32,3.9,57.8,3.37,norte,fin_semana,0
2025-01-10 12:00:00,22.98,56.42,35.27,1.51,14.7,37.2,1.1,norte,laboral,1
2025-01-10 18:00:00,9.4,16.91,24.61,0.78,17.5,71.3,2.08,sur,laboral,0
2025-01-11 00:00:00,12.92,19.35,33.47,0.56,25.2,83.3,6.68,industrial,laboral,0
2025-01-11 06:00:00,29.29,59.11,33.86,0.8,24.4,55.0,1.81,centro,feriado,0
2025-01-11 12:00:00,16.46,29.49,38.84,1.21,12.2,74.5,1.91,sur,laboral,0
2025-01-11 18:00:00,3.38,8.41,34.27,0.79,21.4,76.1,2.21,centro,laboral,0
2025-01-12 00:00:00,17.27,35.07,29.01,1.87,18.7,52.9,2.79,centro,laboral,0
2025-01-12 06:00:00,24.69,46.68,12.01,1.82,12.2,62.0,4.64,centro,laboral,0
2025-01-12 12:00:00,52.88,104.14,37.3,0.45,32.7,43.2,1.28,sur,laboral,1
2025-01-12 18:00:00,35.62,59.05,42.13,0.33,10.0,61.8,2.36,industrial,laboral,0
2025-01-13 00:00:00,15.95,35.22,49.62,1.03,25.1,62.1,2.95,norte,laboral,0
2025-01-13 06:00:00,28.99,56.54,46.43,0.72,15.0,58.4,4.12,sur,laboral,0
2025-01-13 12:00:00,7.14,13.11,30.59,1.12,17.7,62.1,3.65,centro,fin_semana,0
2025-01-13 18:00:00,52.09,58.53,22.98,2.42,12.4,64.9,3.71,norte,laboral,1
2025-01-14 00:00:00,5.42,12.24,26.26,1.5,25.8,64.1,1.51,industrial,laboral,0
2025-01-14 06:00:00,10.04,20.23,44.27,0.74,13.3,54.0,10.16,sur,laboral,0
2025-01-14 12:00:00,17.56,37.96,56.5,0.25,19.3,56.9,3.55,centro,laboral,1
2025-01-14 18:00:00,,43.16,19.9,1.26,21.1,40.8,1.69,industrial,laboral,0
2025-01-15 00:00:00,14.59,33.57,29.03,2.17,24.9,63.8,1.31,centro,laboral,0
2025-01-15 06:00:00,21.45,40.08,9.83,0.86,17.6,95.1,3.47,industrial,laboral,0
2025-01-15 12:00:00,24.08,50.1,62.38,0.63,11.0,68.0,0.43,industrial,laboral,1
2025-01-15 18:00:00,12.18,20.26,23.72,0.62,23.2,58.4,2.39,sur,laboral,0
2025-01-16 00:00:00,15.21,27.11,76.22,0.36,19.0,83.5,0.52,sur,laboral,1
2025-01-16 06:00:00,7.62,13.83,17.83,0.59,18.6,49.0,2.55,industrial,laboral,0
2025-01-16 12:00:00,10.8,20.72,26.87,1.31,28.3,55.6,1.71,centro,laboral,0
2025-01-16 18:00:00,28.46,44.96,24.0,1.13,20.2,15.0,3.8,centro,feriado,0
2025-01-17 00:00:00,28.76,45.78,17.97,0.51,13.1,66.3,1.13,industrial,laboral,0
2025-01-17 06:00:00,,32.48,62.69,0.81,18.2,59.1,2.31,centro,laboral,0
2025-01-17 12:00:00,31.35,67.65,30.84,0.54,10.4,64.1,0.92,norte,laboral,0
2025-01-17 18:00:00,16.0,34.08,26.77,0.84,17.0,67.7,1.69,sur,laboral,0
2025-01-18 00:00:00,15.31,29.72,42.51,0.79,-1.1,53.7,0.71,sur,fin_semana,0
2025-01-18 06:00:00,14.49,38.0,21.12,2.14,20.4,52.5,2.44,sur,fin_semana,0
2025-01-18 12:00:00,13.51,28.08,17.81,1.4,21.8,62.2,4.14,norte,laboral,0
2025-01-18 18:00:00,11.63,,48.32,0.46,9.2,76.0,0.75,industrial,laboral,1
2025-01-19 00:00:00,13.59,26.72,34.43,0.49,18.9,69.4,6.03,sur,fin_semana,0
2025-01-19 06:00:00,17.38,32.09,20.82,1.24,16.2,62.2,1.96,norte,laboral,0
2025-01-19 12:00:00,20.42,28.84,62.98,1.1,18.9,32.3,12.0,sur,laboral,0
2025-01-19 18:00:00,15.46,25.82,48.69,1.22,6.8,48.2,4.57,industrial,laboral,0
2025-01-20 00:00:00,37.18,75.91,43.78,1.1,29.1,82.5,0.5,industrial,laboral,1
2025-01-20 06:00:00,9.98,24.29,31.32,0.56,16.5,54.4,1.67,centro,fin_semana,0
2025-01-20 12:00:00,25.75,45.86,50.69,1.05,15.3,77.1,3.12,sur,laboral,1
2025-01-20 18:00:00,,,10.12,0.9,15.3,80.0,5.07,sur,feriado,0
2025-01-21 00:00:00,29.11,69.59,27.79,0.63,17.4,65.8,3.55,industrial,fin_semana,0
2025-01-21 06:00:00,26.14,58.82,23.11,0.77,14.6,55.4,3.26,sur,laboral,0
2025-01-21 12:00:00,27.09,53.05,62.74,1.24,5.5,72.5,4.9,centro,laboral,1
2025-01-21 18:00:00,43.31,78.42,52.28,1.0,19.9,40.7,1.64,sur,fin_semana,0
2025-01-22 00:00:00,,59.55,37.98,1.29,19.4,41.4,9.7,norte,fin_semana,0
2025-01-22 06:00:00,23.05,62.23,12.77,0.48,20.6,94.1,2.62,sur,laboral,0
2025-01-22 12:00:00,20.77,38.74,56.89,0.56,5.2,48.3,2.22,sur,laboral,0
2025-01-22 18:00:00,18.6,35.02,19.26,2.99,14.0,63.4,2.8,norte,fin_semana,1
2025-01-23 00:00:00,22.13,38.48,50.66,2.48,8.9,78.5,2.07,sur,laboral,0
2025-01-23 06:00:00,19.28,38.03,56.9,0.93,15.8,60.3,4.06,centro,laboral,0
2025-01-23 12:00:00,28.41,67.8,35.3,0.94,8.2,51.5,4.34,sur,laboral,0
2025-01-23 18:00:00,37.69,73.12,72.14,0.45,10.9,51.6,2.71,centro,fin_semana,1
2025-01-24 00:00:00,18.86,23.85,27.1,8.0,18.7,49.1,0.25,centro,feriado,1
2025-01-24 06:00:00,42.9,104.63,34.72,1.14,22.7,63.8,3.22,industrial,laboral,1
2025-01-24 12:00:00,24.35,49.3,56.29,0.7,8.1,44.9,2.53,industrial,laboral,0
2025-01-24 18:00:00,24.74,38.09,26.01,0.7,15.7,72.1,1.26,norte,laboral,0
2025-01-25 00:00:00,8.41,17.5,29.39,0.96,18.4,53.7,9.1,centro,laboral,0
2025-01-25 06:00:00,8.39,16.03,30.68,1.73,27.7,60.8,3.63,norte,fin_semana,0
2025-01-25 12:00:00,19.19,36.3,30.03,1.27,13.3,32.6,2.39,centro,laboral,0
2025-01-25 18:00:00,12.42,25.31,25.46,1.35,21.5,76.2,0.84,sur,laboral,0
2025-01-26 00:00:00,44.59,106.77,36.31,2.5,8.3,68.8,3.9,sur,laboral,0
2025-01-26 06:00:00,18.63,38.32,34.52,0.8,17.3,67.0,4.08,centro,laboral,0
2025-01-26 12:00:00,33.14,57.55,41.4,0.57,12.9,32.6,6.66,centro,fin_semana,0
2025-01-26 18:00:00,25.43,53.66,52.22,1.08,14.8,53.3,3.96,norte,laboral,1
2025-01-27 00:00:00,12.83,19.57,28.66,0.7,25.6,53.4,2.19,industrial,laboral,0
2025-01-27 06:00:00,27.93,42.48,34.47,1.51,17.3,32.2,1.16,centro,fin_semana,0
2025-01-27 12:00:00,27.85,66.42,19.49,1.25,12.5,67.8,2.21,centro,fin_semana,0
2025-01-27 18:00:00,24.43,54.81,28.78,1.43,17.7,29.9,3.28,industrial,laboral,1
2025-01-28 00:00:00,24.97,45.01,11.35,1.47,26.8,84.1,2.5,centro,laboral,0
2025-01-28 06:00:00,36.09,80.25,25.76,1.33,21.4,32.1,1.55,norte,fin_semana,1
2025-01-28 12:00:00,20.13,38.46,62.49,0.76,29.8,78.1,2.78,sur,laboral,0
2025-01-28 18:00:00,19.85,45.55,41.7,0.4,21.1,78.3,1.27,centro,fin_semana,0
2025-01-29 00:00:00,10.66,17.11,26.87,0.87,13.8,55.7,5.61,sur,fin_semana,0
2025-01-29 06:00:00,26.4,35.45,102.97,0.35,15.5,67.6,1.91,sur,laboral,1
2025-01-29 12:00:00,16.1,31.98,16.32,2.08,13.3,57.0,3.96,sur,fin_semana,0
2025-01-29 18:00:00,19.58,28.73,30.43,0.68,7.4,58.8,3.85,centro,laboral,0
2025-01-30 00:00:00,29.94,78.17,44.5,0.58,16.7,82.5,9.16,norte,laboral,0
2025-01-30 06:00:00,14.98,26.83,47.09,0.68,6.5,83.9,1.04,sur,fin_semana,0
2025-01-30 12:00:00,14.33,23.86,37.12,1.15,13.4,63.0,10.09,norte,laboral,0
2025-01-30 18:00:00,18.58,40.74,72.0,1.05,22.2,32.8,5.25,centro,laboral,0
2025-01-31 00:00:00,9.38,19.02,11.83,1.17,27.4,83.8,5.06,norte,laboral,0
2025-01-31 06:00:00,35.44,66.38,36.71,0.9,26.2,74.2,9.47,norte,feriado,0
2025-01-31 12:00:00,24.29,49.43,18.88,1.58,21.4,66.1,1.6,centro,laboral,1
2025-01-31 18:00:00,28.2,59.08,13.15,0.56,13.5,79.0,4.37,sur,fin_semana,0
2025-02-01 00:00:00,16.79,31.39,39.35,1.28,23.7,60.4,1.04,norte,laboral,0
2025-02-01 06:00:00,12.54,21.33,18.29,1.12,16.3,47.8,1.45,centro,laboral,0
2025-02-01 12:00:00,74.51,130.11,29.89,0.32,9.4,38.1,3.67,centro,laboral,0
2025-02-01 18:00:00,41.15,62.44,12.68,1.52,15.1,41.3,1.4,centro,laboral,0
2025-02-02 00:00:00,18.05,38.92,21.46,1.8,13.5,91.0,1.8,centro,laboral,0
2025-02-02 06:00:00,8.47,13.22,33.0,2.47,16.6,36.2,2.03,industrial,laboral,0
2025-02-02 12:00:00,14.01,26.57,26.5,1.47,8.7,56.8,2.82,norte,laboral,1
2025-02-02 18:00:00,21.35,44.65,26.38,2.05,7.0,40.2,7.1,industrial,fin_semana,0
2025-02-03 00:00:00,8.01,16.2,14.97,2.51,6.9,39.3,1.83,sur,fin_semana,0
2025-02-03 06:00:00,32.78,64.85,22.62,1.01,7.9,55.6,2.63,sur,feriado,1
2025-02-03 12:00:00,15.02,38.28,28.97,1.43,20.1,78.6,0.85,sur,laboral,0
2025-02-03 18:00:00,33.1,59.75,38.71,1.34,23.7,52.2,1.68,norte,laboral,1
