customer_id,tenure_months,monthly_spend,support_tickets,late_payments,num_logins_30d,satisfaction_score,streaming_hours_week,contract_type,payment_method,region,uses_mobile_app,uses_addon_security,churn
ALT-0001,65,100.85,3,2,21,5.2,4.8,quarterly,card,metro,1,0,0
ALT-0002,38,96.56,3,3,20,6.3,9.3,monthly,digital_wallet,metro,1,0,1
ALT-0003,66,132.71,6,0,27,6.5,11.0,monthly,digital_wallet,south,1,0,0
ALT-0004,47,91.1,2,0,15,6.1,11.3,monthly,card,metro,1,0,0
ALT-0005,14,84.39,5,1,29,9.8,12.1,monthly,bank_transfer,north,0,1,0
ALT-0006,62,98.68,4,0,29,5.6,6.4,quarterly,cash,center,1,1,0
ALT-0007,60,105.43,3,2,18,7.5,9.6,annual,digital_wallet,metro,1,1,0
ALT-0008,59,98.25,4,1,11,10.0,4.1,monthly,card,metro,1,1,0
ALT-0009,25,76.0,3,2,3,4.5,11.8,quarterly,bank_transfer,center,1,1,0
ALT-0010,72,87.42,1,0,21,9.4,4.4,annual,bank_transfer,center,1,0,0
ALT-0011,53,102.95,2,2,27,2.6,7.4,monthly,digital_wallet,center,1,1,0
ALT-0012,72,133.52,3,0,27,6.5,8.2,monthly,card,south,0,0,0
ALT-0013,49,70.64,2,1,16,6.7,3.7,annual,card,metro,1,0,0
ALT-0014,59,95.83,4,0,12,3.8,7.3,monthly,bank_transfer,metro,1,1,0
ALT-0015,33,74.35,5,0,16,9.7,10.2,quarterly,card,center,1,0,0
ALT-0016,35,77.85,0,1,21,7.2,10.7,quarterly,card,south,1,1,0
ALT-0017,44,76.25,2,1,34,10.0,8.0,annual,cash,south,1,0,0
ALT-0018,19,60.73,3,1,30,2.2,6.7,monthly,card,metro,1,1,0
ALT-0019,45,107.57,4,1,13,6.3,15.0,quarterly,card,metro,0,0,0
ALT-0020,34,71.4,1,2,23,7.3,0.6,monthly,card,north,0,0,0
ALT-0021,42,82.73,0,0,14,9.1,12.4,monthly,bank_transfer,south,1,0,0
ALT-0022,60,95.69,4,1,37,6.1,1.7,monthly,card,metro,0,1,0
ALT-0023,37,107.97,3,0,15,7.2,10.4,monthly,bank_transfer,south,1,1,0
ALT-0024,33,83.08,2,0,17,7.0,8.2,monthly,card,metro,1,1,0
ALT-0025,63,118.34,3,1,16,5.6,10.5,monthly,card,metro,0,1,0
ALT-0026,13,49.34,0,0,16,8.9,4.0,monthly,digital_wallet,metro,1,0,0
ALT-0027,37,83.04,2,0,16,7.6,9.3,monthly,card,center,1,1,0
ALT-0028,24,66.83,0,0,14,5.3,11.1,quarterly,cash,metro,0,0,0
ALT-0029,22,47.43,3,3,9,7.4,2.1,annual,digital_wallet,metro,1,0,1
ALT-0030,40,77.12,1,2,12,7.2,11.1,quarterly,bank_transfer,metro,1,0,0
ALT-0031,7,49.5,2,1,32,8.0,6.1,annual,cash,metro,1,0,0
ALT-0032,10,53.26,1,1,15,7.4,10.0,annual,bank_transfer,south,1,0,0
ALT-0033,69,111.92,3,0,17,6.1,6.2,monthly,card,center,0,1,0
ALT-0034,59,92.84,4,0,23,6.3,0.8,annual,bank_transfer,center,1,1,0
ALT-0035,33,70.06,4,1,11,7.5,7.3,quarterly,card,metro,1,0,0
ALT-0036,48,103.04,1,1,21,7.2,10.6,monthly,card,center,1,0,0
ALT-0037,57,104.77,1,1,24,4.9,8.3,quarterly,card,metro,1,0,0
ALT-0038,25,55.09,1,0,18,8.6,8.9,annual,bank_transfer,center,1,0,0
ALT-0039,25,83.84,2,1,24,5.6,8.6,monthly,card,north,1,0,0
ALT-0040,33,102.54,2,2,7,6.3,12.6,monthly,card,center,1,0,1
ALT-0041,38,116.06,3,3,15,4.1,15.5,monthly,card,metro,1,1,1
ALT-0042,1,32.87,0,0,17,4.6,5.5,monthly,card,center,1,0,0
ALT-0043,70,112.28,2,0,18,6.7,8.4,monthly,card,metro,0,0,0
ALT-0044,14,64.07,2,0,18,5.6,12.3,quarterly,card,center,1,0,0
ALT-0045,44,109.66,3,2,29,3.7,12.7,monthly,card,north,1,0,0
ALT-0046,8,53.48,3,0,20,4.5,4.5,monthly,bank_transfer,metro,0,0,1
ALT-0047,68,122.33,3,0,16,5.5,9.7,monthly,bank_transfer,metro,0,1,0
ALT-0048,49,83.71,3,1,17,10.0,6.8,monthly,bank_transfer,center,1,0,0
ALT-0049,36,108.66,2,3,28,5.0,12.6,monthly,cash,metro,1,1,0
ALT-0050,57,110.08,3,0,20,5.0,13.8,monthly,card,south,0,0,0
ALT-0051,32,89.9,5,1,20,8.8,8.4,monthly,digital_wallet,center,0,0,0
ALT-0052,17,86.22,4,1,10,3.9,13.9,monthly,card,south,1,0,1
ALT-0053,55,89.85,2,1,19,7.7,4.6,monthly,card,center,1,1,0
ALT-0054,49,97.56,1,0,28,5.9,5.3,monthly,cash,metro,0,1,0
ALT-0055,19,73.66,1,0,19,6.1,5.1,monthly,cash,center,1,1,0
ALT-0056,4,54.37,0,0,16,6.4,3.3,monthly,cash,metro,0,0,0
ALT-0057,44,69.2,0,0,27,6.9,10.6,annual,bank_transfer,metro,1,1,0
ALT-0058,55,99.61,3,1,12,4.7,7.5,monthly,card,metro,1,1,0
ALT-0059,3,55.47,1,2,21,9.5,2.4,monthly,bank_transfer,center,1,1,0
ALT-0060,66,111.34,1,1,14,7.1,10.0,quarterly,bank_transfer,center,0,1,0
ALT-0061,58,104.72,1,2,16,5.3,8.1,monthly,card,south,0,1,0
ALT-0062,28,61.19,3,2,19,6.7,2.3,quarterly,cash,south,1,0,0
ALT-0063,3,66.69,3,1,28,4.3,11.8,monthly,bank_transfer,south,1,1,0
ALT-0064,14,76.26,1,0,21,6.5,7.2,monthly,card,metro,1,1,0
ALT-0065,5,57.73,1,1,19,6.4,7.7,monthly,digital_wallet,north,0,1,0
ALT-0066,62,87.2,0,0,30,7.6,8.7,monthly,card,south,1,0,0
ALT-0067,1,51.34,4,1,14,6.3,5.7,monthly,card,center,1,1,1
ALT-0068,54,98.03,3,0,21,8.1,13.1,quarterly,digital_wallet,north,1,1,0
ALT-0069,53,94.69,4,0,9,8.8,9.2,annual,cash,north,1,0,0
ALT-0070,58,92.61,3,1,18,5.4,5.5,monthly,bank_transfer,center,0,1,0
ALT-0071,2,59.54,0,0,22,5.9,12.1,monthly,bank_transfer,metro,1,1,0
ALT-0072,50,109.36,2,1,18,5.9,15.5,monthly,card,metro,1,0,0
ALT-0073,65,98.04,3,1,18,8.3,1.6,monthly,bank_transfer,north,1,1,0
ALT-0074,1,62.66,1,1,23,8.0,10.2,monthly,digital_wallet,center,1,0,0
ALT-0075,56,95.67,4,2,29,5.4,3.2,monthly,card,center,1,1,0
ALT-0076,52,117.51,1,3,16,7.1,5.7,monthly,card,south,1,0,0
ALT-0077,32,85.47,0,1,14,7.7,4.3,monthly,cash,north,1,0,0
ALT-0078,36,80.21,0,1,23,3.8,9.8,quarterly,bank_transfer,north,1,0,0
ALT-0079,2,63.68,1,3,23,6.4,12.0,monthly,card,south,0,0,1
ALT-0080,43,97.28,1,1,14,6.9,12.1,monthly,bank_transfer,center,1,1,0
ALT-0081,56,94.68,4,0,24,4.4,0.0,monthly,cash,metro,1,1,0
ALT-0082,52,99.4,2,0,23,7.8,9.5,quarterly,card,south,1,1,0
ALT-0083,1,69.68,3,0,20,8.1,14.5,monthly,card,metro,0,0,0
ALT-0084,5,46.82,2,1,12,7.2,2.2,monthly,card,metro,0,0,1
ALT-0085,2,30.9,1,0,16,7.6,3.5,monthly,bank_transfer,metro,1,1,0
ALT-0086,63,105.87,1,2,18,8.8,11.7,annual,bank_transfer,north,1,0,0
ALT-0087,21,72.3,2,0,16,8.3,14.0,annual,bank_transfer,metro,1,0,0
ALT-0088,52,111.74,5,2,13,8.4,6.4,monthly,card,metro,0,0,1
ALT-0089,43,73.06,2,1,25,8.2,0.0,annual,bank_transfer,north,1,1,0
ALT-0090,62,96.92,2,1,23,5.4,0.0,monthly,card,south,0,0,0
ALT-0091,53,91.78,0,1,27,3.9,6.2,quarterly,card,metro,1,0,0
ALT-0092,66,116.94,1,5,18,5.2,10.7,quarterly,bank_transfer,metro,0,0,0
ALT-0093,62,88.29,1,0,24,9.1,6.6,quarterly,card,metro,1,0,0
ALT-0094,57,101.24,2,1,16,9.1,4.8,monthly,card,center,0,1,0
ALT-0095,49,111.53,2,1,19,3.9,20.8,monthly,card,center,1,0,0
ALT-0096,70,110.71,1,1,20,7.1,5.4,monthly,card,metro,0,0,0
ALT-0097,61,105.39,4,1,13,5.1,5.2,monthly,card,north,0,1,0
ALT-0098,21,48.54,3,0,30,6.6,5.7,annual,digital_wallet,center,0,0,0
ALT-0099,62,106.01,3,1,23,9.3,13.9,monthly,bank_transfer,south,1,1,0
ALT-0100,66,125.06,2,0,1,6.5,13.7,monthly,bank_transfer,center,0,0,0
ALT-0101,23,88.07,2,3,15,7.7,9.4,monthly,card,center,0,0,1
ALT-0102,31,84.72,1,1,22,5.1,7.8,monthly,card,center,0,0,0
ALT-0103,27,50.02,1,1,13,9.2,8.9,annual,card,metro,0,1,0
ALT-0104,44,84.3,1,0,22,4.3,4.2,monthly,card,metro,0,1,0
ALT-0105,9,38.01,3,2,22,5.6,6.4,monthly,bank_transfer,metro,1,1,0
ALT-0106,59,117.27,3,2,28,6.0,11.5,quarterly,bank_transfer,metro,1,0,0
ALT-0107,48,63.59,3,0,21,7.6,0.4,annual,card,south,1,1,0
ALT-0108,39,73.35,2,1,18,6.7,2.4,monthly,bank_transfer,metro,0,1,0
ALT-0109,62,92.57,3,0,20,7.1,5.8,quarterly,card,north,1,0,0
ALT-0110,6,65.15,1,3,6,7.4,7.6,monthly,card,north,1,0,1
ALT-0111,28,70.14,1,1,18,6.1,9.3,quarterly,card,center,0,0,0
ALT-0112,63,115.92,4,0,36,7.1,3.8,monthly,digital_wallet,center,0,1,0
ALT-0113,40,89.09,3,2,22,2.9,2.4,monthly,card,south,1,1,0
ALT-0114,32,75.06,1,0,23,3.9,4.9,monthly,digital_wallet,north,0,0,0
ALT-0115,69,99.59,4,1,10,8.3,0.8,monthly,bank_transfer,center,1,1,0
ALT-0116,49,81.15,1,0,21,6.8,3.1,monthly,bank_transfer,metro,1,1,0
ALT-0117,22,78.31,2,3,14,8.6,5.0,monthly,bank_transfer,center,1,0,1
ALT-0118,12,60.28,2,2,12,6.8,4.1,monthly,bank_transfer,metro,1,0,1
ALT-0119,18,63.19,3,1,15,5.7,4.9,quarterly,card,center,1,0,0
ALT-0120,61,115.53,5,0,20,7.2,9.2,monthly,card,south,1,0,0
ALT-0121,33,78.69,2,1,27,10.0,8.1,annual,card,south,0,0,0
ALT-0122,2,74.22,0,2,26,4.8,6.3,monthly,cash,south,0,1,0
ALT-0123,69,103.24,3,0,15,5.7,9.8,quarterly,card,center,0,1,0
ALT-0124,55,112.64,3,1,8,1.9,7.7,quarterly,cash,metro,1,0,0
ALT-0125,67,127.03,2,1,1,6.6,12.3,monthly,card,north,1,1,0
ALT-0126,61,96.6,3,1,24,7.3,7.0,monthly,card,metro,0,1,0
ALT-0127,18,73.33,1,2,12,8.0,12.8,monthly,bank_transfer,metro,1,0,0
ALT-0128,29,78.18,1,0,25,7.0,12.2,monthly,digital_wallet,center,1,0,0
ALT-0129,41,104.52,2,0,25,7.1,13.9,monthly,cash,south,1,0,0
ALT-0130,56,106.98,2,0,23,6.2,5.6,monthly,card,north,1,1,0
ALT-0131,29,99.93,5,1,30,5.3,12.4,monthly,digital_wallet,metro,1,0,0
ALT-0132,1,47.41,0,0,16,6.9,6.0,quarterly,cash,center,0,0,0
ALT-0133,32,90.05,2,1,19,4.7,5.5,monthly,card,north,0,1,0
ALT-0134,61,105.75,3,1,19,7.7,6.0,monthly,bank_transfer,south,1,0,0
ALT-0135,5,38.54,2,2,26,8.5,13.0,annual,bank_transfer,south,1,0,0
ALT-0136,9,45.78,0,1,17,3.2,3.8,quarterly,bank_transfer,center,1,1,0
ALT-0137,61,112.74,4,0,12,7.5,3.9,monthly,digital_wallet,metro,1,0,0
ALT-0138,34,50.74,2,1,26,5.3,0.0,annual,card,north,1,0,0
ALT-0139,11,69.3,2,0,26,6.5,11.7,monthly,card,south,1,1,0
ALT-0140,13,56.42,5,2,4,8.8,7.6,monthly,digital_wallet,metro,1,1,1
ALT-0141,55,86.02,4,2,19,3.8,7.4,annual,digital_wallet,south,1,1,0
ALT-0142,66,95.56,0,2,20,6.1,0.0,monthly,digital_wallet,metro,1,1,0
ALT-0143,41,85.95,2,2,8,9.5,6.4,annual,card,center,0,0,0
ALT-0144,1,60.29,1,0,21,5.4,12.7,monthly,cash,north,1,0,0
ALT-0145,15,59.8,4,1,19,4.3,8.3,monthly,card,metro,1,1,0
ALT-0146,22,66.75,1,2,19,8.9,7.2,quarterly,digital_wallet,metro,0,0,0
ALT-0147,66,76.06,6,0,4,4.3,4.3,annual,bank_transfer,center,1,0,0
ALT-0148,35,82.33,2,1,22,4.3,6.4,monthly,cash,metro,0,0,0
ALT-0149,34,89.06,3,0,10,5.5,9.4,monthly,bank_transfer,center,1,0,0
ALT-0150,12,65.8,4,0,19,4.8,5.1,monthly,card,north,0,0,1
ALT-0151,66,114.66,4,2,17,4.5,1.2,monthly,card,south,1,0,0
ALT-0152,10,49.8,5,0,19,4.9,1.4,monthly,bank_transfer,metro,1,0,1
ALT-0153,30,86.62,3,1,26,5.7,3.9,quarterly,card,metro,1,0,0
ALT-0154,10,63.65,2,0,23,3.7,14.3,monthly,bank_transfer,metro,1,0,0
ALT-0155,38,106.13,2,1,26,8.1,10.1,quarterly,bank_transfer,metro,1,1,0
ALT-0156,19,41.84,2,2,27,5.0,0.9,annual,card,metro,1,0,0
ALT-0157,70,126.19,3,0,4,5.1,16.5,monthly,digital_wallet,south,0,1,0
ALT-0158,67,128.14,3,2,17,9.2,7.7,monthly,digital_wallet,metro,0,0,0
ALT-0159,55,69.56,3,0,30,6.7,4.8,annual,bank_transfer,south,1,1,0
ALT-0160,45,67.49,1,0,23,5.9,10.6,annual,digital_wallet,center,0,1,0
ALT-0161,22,71.49,2,1,18,9.4,8.3,monthly,card,north,0,0,0
ALT-0162,12,42.91,2,3,16,7.1,6.1,annual,digital_wallet,south,1,1,0
ALT-0163,38,94.55,3,1,4,8.7,5.0,monthly,card,center,1,0,0
ALT-0164,42,101.53,2,2,26,6.0,11.6,monthly,bank_transfer,metro,1,1,0
ALT-0165,28,57.53,2,1,15,8.6,0.4,monthly,cash,north,1,1,0
ALT-0166,45,77.2,1,1,21,3.1,4.0,quarterly,card,metro,0,1,0
ALT-0167,60,89.07,1,1,18,3.3,9.8,monthly,bank_transfer,south,0,0,0
ALT-0168,17,42.77,1,0,10,7.7,4.4,quarterly,card,metro,1,1,0
ALT-0169,15,46.57,1,1,11,9.6,3.4,monthly,bank_transfer,center,0,1,0
ALT-0170,59,105.43,0,2,21,8.2,12.4,monthly,bank_transfer,north,1,0,0
ALT-0171,20,75.53,1,1,32,6.0,8.1,monthly,card,metro,1,1,0
ALT-0172,30,74.35,2,1,2,6.8,9.2,quarterly,bank_transfer,metro,0,0,0
ALT-0173,30,81.96,3,1,16,9.4,10.2,monthly,card,metro,1,0,0
ALT-0174,38,92.74,6,1,6,6.9,9.8,monthly,card,metro,0,1,1
ALT-0175,17,71.89,2,1,20,5.6,11.7,quarterly,card,metro,1,1,0
ALT-0176,29,74.69,2,1,9,5.4,11.7,monthly,bank_transfer,north,1,1,0
ALT-0177,57,108.59,3,0,19,8.2,10.6,quarterly,card,south,1,0,0
ALT-0178,65,93.39,4,2,31,5.2,0.0,quarterly,bank_transfer,center,1,1,0
ALT-0179,64,116.02,2,2,29,1.9,3.4,monthly,digital_wallet,center,1,0,0
ALT-0180,14,49.51,1,2,15,7.8,8.0,annual,digital_wallet,center,0,0,0
ALT-0181,62,116.69,4,0,13,8.4,8.8,monthly,digital_wallet,north,0,1,0
ALT-0182,48,91.38,2,0,24,5.9,4.5,monthly,bank_transfer,north,0,1,0
ALT-0183,23,68.37,4,3,21,6.0,1.4,monthly,card,metro,1,1,1
ALT-0184,27,76.39,0,0,12,7.6,10.8,monthly,cash,metro,1,0,0
ALT-0185,44,106.11,3,0,12,6.9,7.5,monthly,bank_transfer,center,1,0,0
ALT-0186,24,59.44,3,0,15,4.9,5.6,quarterly,bank_transfer,north,1,1,0
ALT-0187,2,38.28,0,0,1,7.0,4.3,monthly,card,metro,0,1,0
ALT-0188,56,131.67,5,2,13,8.4,16.7,monthly,bank_transfer,south,1,1,0
ALT-0189,33,32.33,3,0,21,8.0,0.0,annual,card,metro,1,0,0
ALT-0190,36,70.87,2,3,19,7.0,5.9,monthly,bank_transfer,center,1,1,0
ALT-0191,13,83.26,5,0,16,8.1,8.6,monthly,card,metro,1,0,1
ALT-0192,7,52.03,1,4,19,8.7,4.1,annual,card,center,1,1,0
ALT-0193,57,96.6,1,0,21,3.0,8.8,quarterly,card,north,1,1,0
ALT-0194,28,47.1,2,1,14,4.9,7.6,annual,bank_transfer,center,1,0,0
ALT-0195,5,67.94,2,2,20,5.7,12.0,monthly,card,metro,1,0,1
ALT-0196,64,125.03,0,3,23,5.8,9.4,monthly,bank_transfer,north,1,0,0
ALT-0197,39,89.76,2,0,15,8.7,9.5,monthly,card,center,1,0,0
ALT-0198,51,111.67,2,1,27,5.7,9.7,monthly,cash,metro,1,0,0
ALT-0199,43,104.27,4,0,19,5.7,9.8,monthly,cash,metro,1,0,0
ALT-0200,5,58.55,1,2,12,6.5,13.0,monthly,bank_transfer,south,1,1,0
ALT-0201,3,33.11,0,0,12,9.1,2.3,quarterly,cash,metro,0,1,0
ALT-0202,29,65.1,2,0,16,6.3,8.6,monthly,bank_transfer,metro,1,0,0
ALT-0203,18,61.07,3,0,20,8.2,8.9,monthly,card,south,0,1,0
ALT-0204,19,65.87,4,1,6,2.1,7.2,monthly,card,metro,1,0,1
ALT-0205,49,78.76,3,0,12,7.6,5.5,monthly,card,south,0,0,0
ALT-0206,17,70.84,3,1,18,4.9,13.3,monthly,digital_wallet,south,0,0,1
ALT-0207,64,105.93,2,3,23,4.4,11.5,monthly,bank_transfer,north,1,1,0
ALT-0208,5,34.85,3,0,23,6.1,8.2,annual,card,south,1,1,0
ALT-0209,64,96.29,6,0,28,6.1,11.7,annual,digital_wallet,metro,0,0,0
ALT-0210,12,48.06,1,2,22,5.3,4.5,monthly,card,center,1,0,0
ALT-0211,46,86.69,2,0,20,4.3,0.0,monthly,bank_transfer,metro,0,1,0
ALT-0212,25,84.46,1,2,10,6.1,6.0,monthly,card,south,1,0,0
ALT-0213,36,80.13,2,0,16,5.3,8.3,monthly,card,south,1,0,0
ALT-0214,52,91.54,1,0,9,6.8,6.8,quarterly,card,metro,1,0,0
ALT-0215,37,92.88,3,1,9,5.1,13.2,quarterly,bank_transfer,metro,0,0,0
ALT-0216,9,50.72,0,0,12,2.3,9.5,monthly,bank_transfer,metro,1,1,0
ALT-0217,16,81.71,2,3,25,7.2,8.8,monthly,digital_wallet,south,0,0,1
ALT-0218,67,106.08,3,0,25,5.1,12.0,quarterly,bank_transfer,center,1,0,0
ALT-0219,8,71.28,2,0,17,9.1,6.0,monthly,digital_wallet,center,0,0,0
ALT-0220,38,89.2,2,0,22,6.3,13.2,annual,cash,metro,1,1,0
ALT-0221,17,68.82,3,1,17,6.4,5.5,monthly,bank_transfer,south,0,0,1
ALT-0222,55,105.34,4,0,17,4.2,14.3,monthly,bank_transfer,metro,1,1,0
ALT-0223,35,87.73,3,0,17,2.7,10.6,quarterly,card,center,0,1,0
ALT-0224,24,52.23,2,1,8,5.6,5.0,annual,cash,north,1,0,0
ALT-0225,11,57.39,1,0,10,7.8,13.1,monthly,bank_transfer,metro,1,0,0
ALT-0226,56,71.51,1,0,34,4.7,3.2,annual,bank_transfer,south,1,0,0
ALT-0227,53,90.94,5,0,22,1.6,9.1,monthly,bank_transfer,metro,1,0,0
ALT-0228,65,115.08,6,1,23,6.0,5.4,monthly,card,metro,0,1,0
ALT-0229,32,73.7,2,1,8,5.0,0.3,monthly,digital_wallet,metro,1,0,0
ALT-0230,8,66.85,2,1,15,6.0,6.3,monthly,cash,center,1,0,1
ALT-0231,18,30.27,3,1,9,9.4,5.6,annual,card,south,1,1,0
ALT-0232,27,82.71,3,1,18,5.7,6.6,annual,bank_transfer,north,1,0,0
ALT-0233,43,80.2,3,1,25,7.3,3.6,monthly,cash,north,1,0,0
ALT-0234,49,90.75,0,1,23,7.8,11.7,quarterly,card,south,1,0,0
ALT-0235,66,112.94,2,1,12,7.3,12.8,quarterly,card,center,0,0,0
ALT-0236,67,99.78,3,1,7,7.2,7.0,annual,card,center,1,1,0
ALT-0237,50,116.49,2,2,24,2.5,14.1,monthly,cash,center,1,0,0
ALT-0238,36,96.97,3,1,14,8.1,6.4,monthly,cash,center,1,1,0
ALT-0239,67,110.18,3,0,21,4.3,13.2,quarterly,cash,center,1,0,0
ALT-0240,48,73.75,2,0,11,4.9,5.9,quarterly,card,metro,1,0,0
ALT-0241,41,72.34,2,0,22,5.2,2.1,quarterly,bank_transfer,center,1,1,0
ALT-0242,30,52.58,0,4,19,6.6,7.2,annual,bank_transfer,south,0,1,0
ALT-0243,36,113.65,1,2,19,6.7,9.8,monthly,digital_wallet,south,1,1,0
ALT-0244,45,93.21,0,1,26,7.1,10.4,monthly,card,center,1,0,0
ALT-0245,21,76.47,3,1,23,9.8,7.7,monthly,card,metro,1,1,0
ALT-0246,41,106.2,1,0,21,4.9,15.4,monthly,card,north,1,1,0
ALT-0247,1,62.0,1,3,25,4.9,15.0,monthly,digital_wallet,north,1,1,0
ALT-0248,68,116.48,4,0,22,7.6,5.7,monthly,cash,metro,1,0,0
ALT-0249,12,62.21,1,0,15,5.2,10.1,monthly,bank_transfer,south,1,1,0
ALT-0250,45,121.68,2,3,26,9.1,7.0,monthly,digital_wallet,north,1,0,0
ALT-0251,1,51.66,2,0,19,6.0,9.7,monthly,card,center,1,0,0
ALT-0252,13,54.49,2,2,23,5.3,5.8,quarterly,bank_transfer,metro,1,0,0
ALT-0253,10,65.06,1,2,22,8.0,9.0,monthly,card,north,0,0,0
ALT-0254,37,80.75,1,0,28,5.6,7.8,annual,bank_transfer,north,0,0,0
ALT-0255,70,116.6,2,1,15,7.7,10.6,monthly,digital_wallet,metro,1,1,0
ALT-0256,68,99.62,2,0,20,7.4,8.7,monthly,card,center,0,1,0
ALT-0257,27,79.06,4,1,12,6.0,12.3,quarterly,bank_transfer,center,0,0,0
ALT-0258,51,88.45,0,1,22,5.8,7.8,monthly,card,north,1,1,0
ALT-0259,25,53.68,2,2,17,7.5,8.1,annual,digital_wallet,center,1,0,0
ALT-0260,20,53.26,2,3,29,5.0,4.2,quarterly,bank_transfer,metro,1,1,0
ALT-0261,31,59.93,0,2,25,3.9,7.3,annual,bank_transfer,metro,0,0,0
ALT-0262,59,105.57,1,0,19,5.3,4.9,monthly,card,north,0,0,0
ALT-0263,65,105.61,1,0,11,4.4,4.1,monthly,bank_transfer,north,0,1,0
ALT-0264,49,102.11,2,1,19,4.0,9.8,monthly,card,center,1,1,0
ALT-0265,1,52.43,1,0,8,5.3,11.1,monthly,card,metro,1,0,0
ALT-0266,30,97.44,3,2,18,6.9,7.8,monthly,card,south,0,0,1
ALT-0267,10,41.14,1,0,20,9.9,6.6,monthly,card,south,1,1,0
ALT-0268,7,37.74,0,1,19,7.6,3.6,quarterly,bank_transfer,north,1,0,0
ALT-0269,53,74.15,2,0,27,5.4,8.9,annual,bank_transfer,north,1,1,0
ALT-0270,3,60.28,1,1,16,3.5,5.8,monthly,card,metro,1,1,0
ALT-0271,2,26.09,2,0,30,4.5,8.7,annual,digital_wallet,metro,1,1,0
ALT-0272,71,115.63,2,0,19,5.4,5.5,monthly,card,metro,0,1,0
ALT-0273,24,75.32,3,0,24,8.9,15.0,monthly,bank_transfer,north,0,0,0
ALT-0274,46,89.68,3,1,19,7.2,8.3,quarterly,digital_wallet,south,0,0,0
ALT-0275,9,43.69,1,0,18,6.2,5.1,monthly,bank_transfer,metro,0,0,0
ALT-0276,16,33.45,1,1,18,5.2,2.3,annual,digital_wallet,south,1,0,0
ALT-0277,1,52.41,1,2,18,9.2,9.4,monthly,digital_wallet,south,1,0,0
ALT-0278,20,97.1,1,3,25,4.8,14.0,monthly,card,south,0,0,1
ALT-0279,45,72.45,0,3,12,9.6,2.0,quarterly,card,metro,1,1,0
ALT-0280,21,74.41,1,1,10,8.5,10.2,monthly,card,north,0,0,0
ALT-0281,57,91.87,2,0,18,7.7,7.2,annual,card,north,1,1,0
ALT-0282,52,100.68,2,1,29,9.9,8.0,monthly,digital_wallet,south,1,1,0
ALT-0283,63,122.12,2,0,30,9.2,9.2,monthly,card,center,1,1,0
ALT-0284,24,74.6,2,0,18,5.4,7.1,monthly,card,north,1,0,0
ALT-0285,28,76.5,2,2,27,6.9,7.1,monthly,digital_wallet,south,1,0,0
ALT-0286,55,97.35,3,0,17,9.8,8.9,monthly,cash,center,1,0,0
ALT-0287,33,81.19,3,1,18,7.3,6.5,monthly,bank_transfer,north,0,1,0
ALT-0288,65,113.5,0,3,31,7.4,3.7,monthly,digital_wallet,south,0,0,0
ALT-0289,41,72.03,3,2,35,8.6,9.6,annual,card,south,0,0,0
ALT-0290,39,55.59,2,1,23,7.5,1.4,quarterly,cash,metro,1,0,0
ALT-0291,11,42.62,3,0,5,3.0,2.2,monthly,bank_transfer,center,1,1,1
ALT-0292,3,39.73,2,1,10,7.2,9.6,annual,card,center,1,1,0
ALT-0293,44,95.63,3,2,20,8.0,4.3,monthly,cash,center,1,0,0
ALT-0294,60,75.93,3,2,30,8.0,1.1,quarterly,digital_wallet,center,0,0,0
ALT-0295,39,99.66,2,1,12,6.5,16.9,quarterly,card,south,0,1,0
ALT-0296,40,113.17,0,5,17,8.4,15.7,monthly,bank_transfer,center,1,1,0
ALT-0297,5,41.15,4,0,25,6.7,9.6,monthly,card,center,1,0,0
ALT-0298,11,27.59,3,0,8,8.9,7.8,annual,card,metro,1,0,0
ALT-0299,55,106.05,2,1,14,6.5,10.5,monthly,bank_transfer,metro,1,0,0
ALT-0300,21,77.74,2,1,27,7.4,13.5,monthly,card,center,0,1,0
ALT-0301,51,94.66,0,0,23,3.8,10.0,monthly,card,north,1,1,0
ALT-0302,19,63.28,0,1,35,5.8,6.1,monthly,cash,south,1,1,0
ALT-0303,16,68.74,1,0,17,9.2,15.0,monthly,card,metro,1,0,0
ALT-0304,50,103.35,2,0,33,8.9,5.2,monthly,digital_wallet,south,0,0,0
ALT-0305,71,114.85,2,4,12,5.9,5.3,monthly,bank_transfer,south,0,1,0
ALT-0306,45,92.12,2,0,21,5.7,8.1,monthly,bank_transfer,center,1,1,0
ALT-0307,31,82.12,1,2,15,8.7,9.8,monthly,card,south,0,0,0
ALT-0308,65,106.01,3,0,11,7.6,8.1,quarterly,card,center,1,0,0
ALT-0309,47,84.85,3,0,15,5.7,0.1,monthly,bank_transfer,center,1,0,0
ALT-0310,32,80.03,4,1,10,10.0,9.1,quarterly,bank_transfer,metro,1,0,0
ALT-0311,63,105.45,1,0,34,10.0,8.3,monthly,digital_wallet,south,0,0,0
ALT-0312,16,47.01,2,0,25,4.6,14.7,annual,card,metro,0,1,0
ALT-0313,60,102.45,2,0,6,7.5,4.4,monthly,bank_transfer,center,1,0,0
ALT-0314,13,64.64,1,1,20,6.0,9.3,monthly,bank_transfer,south,0,0,0
ALT-0315,17,40.23,2,1,16,7.5,0.7,annual,card,center,0,0,0
ALT-0316,31,84.56,2,1,17,7.3,9.6,monthly,digital_wallet,center,0,0,0
ALT-0317,45,95.75,4,4,17,4.9,13.5,annual,card,north,1,0,1
ALT-0318,39,76.57,3,0,20,6.0,6.2,annual,card,metro,1,1,0
ALT-0319,17,78.69,1,0,14,5.2,10.6,quarterly,card,center,1,0,0
ALT-0320,26,56.36,2,0,19,7.5,11.1,monthly,bank_transfer,north,1,0,0
ALT-0321,45,89.48,3,0,25,6.7,12.2,monthly,bank_transfer,north,1,0,0
ALT-0322,53,106.95,0,1,16,4.6,10.8,monthly,cash,south,1,1,0
ALT-0323,14,99.89,5,0,32,4.8,9.4,monthly,card,north,1,0,0
ALT-0324,15,58.03,0,1,25,7.6,5.3,quarterly,bank_transfer,metro,0,0,0
ALT-0325,59,81.24,2,1,19,8.3,9.4,annual,cash,metro,0,1,0
ALT-0326,31,81.24,1,0,19,9.7,11.7,monthly,card,metro,0,0,0
ALT-0327,37,81.23,2,1,12,4.2,7.7,monthly,bank_transfer,south,0,1,0
ALT-0328,48,94.41,6,1,33,5.1,8.1,annual,card,center,1,1,0
ALT-0329,22,57.11,1,0,25,9.4,11.9,annual,digital_wallet,center,1,0,0
ALT-0330,2,58.55,4,3,17,3.3,7.4,monthly,card,south,0,0,1
ALT-0331,63,101.3,2,0,22,4.2,15.0,quarterly,bank_transfer,metro,1,0,0
ALT-0332,69,93.52,1,0,19,3.3,5.1,monthly,bank_transfer,north,1,0,0
ALT-0333,57,113.63,2,0,29,8.4,6.1,monthly,digital_wallet,center,1,1,0
ALT-0334,44,65.96,1,1,24,3.2,5.1,quarterly,bank_transfer,south,1,1,0
ALT-0335,54,129.57,3,4,21,7.0,12.1,monthly,card,metro,1,0,0
ALT-0336,12,61.86,1,1,20,7.2,10.9,monthly,bank_transfer,center,1,1,0
ALT-0337,27,69.82,0,2,1,7.4,4.0,monthly,bank_transfer,south,1,0,0
ALT-0338,6,34.53,3,2,18,5.7,7.9,annual,bank_transfer,metro,1,1,0
ALT-0339,39,77.01,3,1,22,6.0,6.7,quarterly,bank_transfer,center,0,0,0
ALT-0340,22,71.14,3,2,20,5.1,11.3,annual,cash,metro,0,1,0
ALT-0341,3,63.84,1,2,9,6.9,7.5,monthly,card,south,1,1,1
ALT-0342,37,79.23,2,2,17,8.6,9.4,annual,bank_transfer,center,0,0,0
ALT-0343,31,66.68,4,1,23,4.9,6.2,quarterly,bank_transfer,south,1,0,0
ALT-0344,70,114.12,1,3,17,6.5,5.5,monthly,cash,south,0,0,0
ALT-0345,64,135.93,2,0,18,5.6,17.9,monthly,card,north,0,1,0
ALT-0346,67,118.76,4,0,16,4.6,9.0,monthly,bank_transfer,north,1,1,0
ALT-0347,42,113.82,3,1,19,5.9,16.1,monthly,card,south,1,0,0
ALT-0348,2,71.75,4,0,18,8.8,10.2,monthly,cash,north,1,0,1
ALT-0349,18,60.28,2,0,22,4.8,7.2,monthly,card,center,1,1,0
ALT-0350,59,102.48,2,1,1,7.0,9.6,monthly,digital_wallet,south,1,0,0
ALT-0351,61,86.69,1,0,10,4.7,0.7,monthly,cash,metro,1,0,0
ALT-0352,46,91.43,3,3,16,6.3,0.2,monthly,card,south,1,1,0
ALT-0353,44,87.63,4,1,13,9.3,4.4,quarterly,bank_transfer,south,0,1,0
ALT-0354,70,112.1,1,0,26,6.7,7.2,monthly,card,north,0,0,0
ALT-0355,71,100.41,3,1,24,6.8,2.1,monthly,bank_transfer,north,1,0,0
ALT-0356,10,50.15,1,1,19,6.6,7.9,annual,card,center,1,1,0
ALT-0357,13,61.73,1,1,31,9.3,6.9,monthly,bank_transfer,metro,1,1,0
ALT-0358,22,70.65,4,0,15,5.9,9.6,monthly,digital_wallet,south,1,0,0
ALT-0359,26,68.85,3,2,30,6.9,7.4,annual,card,metro,0,0,0
ALT-0360,13,47.52,2,2,31,4.9,0.0,quarterly,bank_transfer,metro,1,1,0
ALT-0361,48,118.25,6,0,24,6.0,11.7,monthly,card,north,1,1,0
ALT-0362,42,65.97,1,0,24,7.6,3.7,monthly,digital_wallet,north,1,1,0
ALT-0363,10,46.27,6,0,34,6.9,3.7,monthly,bank_transfer,metro,1,1,0
ALT-0364,4,59.7,5,0,9,5.4,12.6,monthly,card,south,1,1,1
ALT-0365,71,122.76,1,1,11,4.4,10.0,quarterly,digital_wallet,south,0,0,0
ALT-0366,72,132.0,3,2,16,8.4,12.6,monthly,card,north,1,0,0
ALT-0367,10,47.91,2,0,23,8.6,7.4,monthly,card,south,0,0,0
ALT-0368,6,56.95,3,0,25,3.9,4.8,monthly,digital_wallet,center,0,0,0
ALT-0369,1,69.32,1,5,5,7.7,17.9,quarterly,card,center,1,0,1
ALT-0370,17,78.24,5,1,18,8.1,10.3,quarterly,bank_transfer,metro,0,0,0
ALT-0371,9,62.95,2,0,29,4.8,8.0,monthly,card,north,1,0,0
ALT-0372,19,43.39,1,0,9,6.8,6.3,monthly,card,south,1,1,0
ALT-0373,17,51.8,3,3,13,9.8,4.3,monthly,bank_transfer,south,0,0,1
ALT-0374,52,89.39,4,0,23,6.9,2.9,quarterly,card,south,1,1,0
ALT-0375,11,68.69,6,0,10,5.8,5.9,monthly,bank_transfer,metro,1,1,1
ALT-0376,32,89.25,3,0,21,5.5,9.8,monthly,digital_wallet,south,1,0,0
ALT-0377,1,44.21,2,0,20,6.1,8.3,annual,card,south,1,1,0
ALT-0378,25,74.81,2,1,16,7.6,9.6,monthly,card,metro,1,1,0
ALT-0379,53,99.6,2,1,12,7.7,13.7,annual,card,south,1,0,0
ALT-0380,16,64.01,3,5,22,8.2,3.0,quarterly,card,metro,0,0,1
ALT-0381,42,95.83,4,1,6,5.8,7.9,quarterly,cash,metro,0,1,0
ALT-0382,8,52.43,1,3,12,6.4,7.3,monthly,card,north,1,0,1
ALT-0383,70,113.36,1,1,29,8.0,7.7,quarterly,card,south,1,0,0
ALT-0384,16,53.06,1,0,23,5.7,11.6,annual,cash,metro,1,1,0
ALT-0385,68,111.34,1,2,27,8.4,3.4,monthly,cash,south,0,1,0
ALT-0386,14,65.32,4,1,18,6.3,11.8,monthly,card,metro,1,0,1
ALT-0387,62,117.97,1,1,29,5.1,16.9,monthly,card,metro,0,1,0
ALT-0388,44,83.93,1,3,23,3.7,1.2,monthly,card,center,0,0,0
ALT-0389,57,82.63,1,1,17,6.7,8.2,annual,bank_transfer,metro,1,0,0
ALT-0390,47,92.57,1,0,27,8.8,11.4,quarterly,card,metro,1,1,0
ALT-0391,19,82.88,2,0,23,4.1,15.5,monthly,digital_wallet,metro,1,0,0
ALT-0392,58,109.05,3,1,11,5.6,10.7,monthly,card,south,1,0,0
ALT-0393,68,118.96,5,0,21,6.5,9.9,monthly,digital_wallet,south,1,0,0
ALT-0394,8,40.49,1,1,18,4.2,8.3,annual,cash,center,1,0,0
ALT-0395,67,121.35,3,0,25,6.0,10.6,monthly,card,north,0,0,0
ALT-0396,20,63.81,3,1,25,10.0,5.6,monthly,digital_wallet,metro,1,0,0
ALT-0397,14,61.13,1,1,16,6.6,9.3,monthly,bank_transfer,metro,0,1,0
ALT-0398,18,48.69,0,0,11,8.0,1.7,quarterly,digital_wallet,south,0,1,0
ALT-0399,68,108.97,1,0,33,8.3,14.4,annual,cash,south,1,1,0
ALT-0400,36,81.79,1,0,20,9.4,10.1,quarterly,card,center,1,0,0
ALT-0401,15,68.78,4,0,32,10.0,6.8,monthly,digital_wallet,north,1,0,0
ALT-0402,16,69.31,0,2,28,6.1,7.4,monthly,card,metro,0,0,0
ALT-0403,68,125.2,0,1,19,4.1,16.4,monthly,cash,center,0,0,0
ALT-0404,16,86.17,2,2,15,8.0,18.4,monthly,card,north,1,1,0
ALT-0405,71,100.73,1,1,19,5.4,11.8,quarterly,card,metro,0,1,0
ALT-0406,9,31.69,1,0,25,10.0,6.8,annual,card,north,0,0,0
ALT-0407,39,71.37,4,2,17,7.8,10.1,annual,bank_transfer,center,0,1,0
ALT-0408,2,37.57,3,1,20,5.9,10.4,quarterly,card,center,1,0,0
ALT-0409,5,43.84,4,4,26,5.0,6.6,annual,card,south,0,0,1
ALT-0410,52,96.31,2,1,19,5.8,7.9,quarterly,card,center,1,0,0
ALT-0411,69,105.59,2,1,15,7.4,11.7,annual,card,center,1,0,0
ALT-0412,50,97.27,2,0,24,4.7,11.7,monthly,bank_transfer,metro,0,1,0
ALT-0413,46,86.87,4,1,31,2.6,6.9,monthly,digital_wallet,south,1,0,0
ALT-0414,60,117.49,1,2,33,8.6,9.8,quarterly,bank_transfer,metro,1,0,0
ALT-0415,59,95.59,3,0,14,10.0,10.2,annual,card,center,0,1,0
ALT-0416,27,82.89,5,1,13,8.3,6.8,monthly,card,south,1,0,1
ALT-0417,10,44.26,2,1,1,7.3,7.5,quarterly,bank_transfer,metro,1,0,0
ALT-0418,62,109.65,1,2,12,7.8,3.3,monthly,card,north,0,0,0
ALT-0419,30,95.11,1,1,22,2.4,14.4,monthly,bank_transfer,south,0,0,0
ALT-0420,41,80.56,2,2,13,3.7,8.2,annual,digital_wallet,south,0,0,0
ALT-0421,46,93.86,2,0,24,8.2,9.8,monthly,card,north,1,0,0
ALT-0422,45,70.37,3,2,22,9.0,1.4,quarterly,card,metro,1,0,0
ALT-0423,36,74.42,3,1,15,5.7,11.6,monthly,bank_transfer,metro,0,1,0
ALT-0424,24,72.34,3,2,27,3.3,13.2,annual,card,south,1,0,0
ALT-0425,8,69.0,4,0,10,8.8,10.0,monthly,bank_transfer,center,0,0,1
ALT-0426,15,70.12,0,0,15,5.6,12.6,monthly,card,metro,1,0,0
ALT-0427,45,90.04,3,0,26,2.7,4.6,monthly,cash,center,0,0,0
ALT-0428,65,121.23,4,2,13,6.2,6.1,monthly,card,south,1,0,0
ALT-0429,52,91.54,0,0,15,7.6,11.9,annual,cash,south,1,1,0
ALT-0430,57,84.0,2,0,23,5.4,5.7,monthly,bank_transfer,center,0,1,0
ALT-0431,33,88.24,2,1,24,5.4,5.7,monthly,digital_wallet,north,1,0,0
ALT-0432,40,89.51,2,2,12,7.9,9.6,monthly,card,metro,0,0,0
ALT-0433,10,33.09,1,0,23,8.7,5.1,quarterly,card,metro,0,1,0
ALT-0434,24,90.41,5,0,14,9.7,18.0,monthly,bank_transfer,metro,1,1,0
ALT-0435,59,118.81,2,2,10,4.5,5.0,monthly,card,north,0,0,0
ALT-0436,52,90.23,4,1,26,8.5,6.0,quarterly,bank_transfer,center,0,0,0
ALT-0437,23,57.98,2,2,20,6.7,3.6,monthly,card,center,0,0,0
ALT-0438,57,91.62,2,3,16,6.4,0.7,monthly,card,south,1,0,0
ALT-0439,54,81.15,2,0,23,6.2,6.1,quarterly,bank_transfer,center,1,1,0
ALT-0440,12,67.81,3,2,17,10.0,12.7,annual,bank_transfer,south,1,1,0
ALT-0441,7,40.34,1,0,21,7.8,14.4,annual,digital_wallet,south,1,0,0
ALT-0442,40,75.39,0,0,14,7.4,8.6,quarterly,bank_transfer,south,0,0,0
ALT-0443,10,53.87,3,3,18,4.5,9.7,annual,card,metro,0,1,1
ALT-0444,30,66.28,1,0,9,7.4,5.6,annual,cash,south,0,1,0
ALT-0445,18,63.81,2,0,24,6.1,2.5,quarterly,card,metro,0,0,0
ALT-0446,53,86.48,2,1,9,7.4,5.5,quarterly,digital_wallet,metro,1,1,0
ALT-0447,26,45.81,1,0,22,8.6,6.4,annual,card,metro,1,1,0
ALT-0448,42,59.07,2,0,18,5.2,5.2,annual,bank_transfer,south,0,1,0
ALT-0449,39,82.93,1,1,8,5.0,5.8,monthly,card,north,1,0,0
ALT-0450,21,63.52,2,1,18,7.6,6.3,annual,bank_transfer,south,0,1,0
ALT-0451,62,97.82,1,1,32,7.8,3.2,monthly,digital_wallet,metro,0,0,0
ALT-0452,4,73.05,2,1,22,5.3,12.4,monthly,digital_wallet,north,1,1,0
ALT-0453,15,77.03,2,3,22,6.5,15.0,monthly,bank_transfer,north,1,0,1
ALT-0454,48,100.61,3,1,24,9.7,8.4,quarterly,bank_transfer,metro,1,0,0
ALT-0455,44,90.93,3,0,17,8.9,6.8,monthly,digital_wallet,south,1,1,0
ALT-0456,25,73.87,4,1,15,6.7,9.5,annual,bank_transfer,center,1,1,0
ALT-0457,23,75.94,3,0,27,5.8,8.4,monthly,card,north,0,1,0
ALT-0458,36,80.34,7,0,5,8.6,5.6,annual,cash,metro,1,0,1
ALT-0459,39,87.9,1,1,29,6.4,6.7,quarterly,digital_wallet,metro,1,1,0
ALT-0460,21,76.1,3,1,6,10.0,11.3,monthly,card,center,1,1,0
ALT-0461,48,89.05,2,0,10,10.0,12.8,annual,bank_transfer,north,1,0,0
ALT-0462,41,77.96,1,1,20,7.5,0.0,quarterly,cash,metro,0,0,0
ALT-0463,29,83.29,3,2,19,3.3,10.8,monthly,bank_transfer,north,0,1,0
ALT-0464,22,74.75,1,0,9,8.1,5.3,monthly,digital_wallet,south,1,1,0
ALT-0465,55,115.91,3,2,11,5.1,14.3,monthly,bank_transfer,center,0,0,0
ALT-0466,30,89.78,4,0,24,4.3,3.8,monthly,card,center,1,0,0
ALT-0467,36,79.89,2,0,21,9.3,8.9,quarterly,bank_transfer,north,1,0,0
ALT-0468,3,59.21,4,1,18,4.6,4.1,monthly,digital_wallet,south,0,1,1
ALT-0469,15,54.95,4,0,22,4.5,10.7,quarterly,card,north,0,0,0
ALT-0470,38,75.99,1,1,20,6.8,7.1,annual,card,center,1,1,0
ALT-0471,34,77.31,4,0,26,7.3,6.8,quarterly,card,north,0,1,0
ALT-0472,54,103.88,1,1,18,5.4,6.2,monthly,cash,center,1,0,0
ALT-0473,28,80.66,1,1,19,5.8,10.9,monthly,card,south,1,0,0
ALT-0474,69,110.35,3,0,12,10.0,3.4,monthly,cash,center,1,0,0
ALT-0475,9,64.95,2,1,23,9.2,4.3,monthly,digital_wallet,center,1,0,0
ALT-0476,53,102.79,0,2,15,8.7,14.6,annual,card,center,1,0,0
ALT-0477,45,79.37,2,1,15,7.6,0.0,monthly,digital_wallet,metro,0,0,0
ALT-0478,46,82.77,3,2,35,3.3,8.6,quarterly,bank_transfer,south,1,1,0
ALT-0479,1,50.01,2,1,22,5.7,5.9,monthly,card,south,1,0,0
ALT-0480,37,74.49,0,1,29,5.2,6.4,annual,cash,south,1,1,0
ALT-0481,47,81.52,1,1,13,7.1,7.2,monthly,card,center,1,1,0
ALT-0482,2,52.52,4,2,13,4.1,0.0,monthly,digital_wallet,center,0,0,1
ALT-0483,28,71.2,2,0,1,8.7,5.6,quarterly,bank_transfer,center,1,0,0
ALT-0484,21,84.03,0,3,34,6.2,13.4,monthly,bank_transfer,center,1,0,0
ALT-0485,69,123.84,2,1,14,7.9,11.2,monthly,cash,south,0,0,0
ALT-0486,15,62.11,2,2,28,6.9,4.5,monthly,card,south,1,1,0
ALT-0487,51,95.01,3,1,18,9.1,13.0,annual,card,north,1,0,0
ALT-0488,23,67.63,1,0,16,5.8,3.8,quarterly,bank_transfer,metro,0,1,0
ALT-0489,26,61.75,0,0,4,5.8,6.5,quarterly,card,north,1,0,0
ALT-0490,49,68.91,4,2,30,4.7,6.6,annual,card,metro,1,0,0
ALT-0491,20,70.36,2,2,15,4.3,6.9,monthly,card,south,0,1,1
ALT-0492,6,28.49,0,1,13,5.7,5.2,annual,bank_transfer,center,1,0,0
ALT-0493,42,81.4,2,0,23,6.1,8.4,monthly,bank_transfer,metro,1,1,0
ALT-0494,18,48.33,2,1,4,5.8,9.5,annual,card,south,0,0,0
ALT-0495,14,39.54,2,0,18,6.5,7.7,quarterly,bank_transfer,center,1,1,0
ALT-0496,30,94.19,2,0,28,8.3,15.4,monthly,cash,metro,1,0,0
ALT-0497,41,95.98,2,0,26,7.2,11.2,monthly,cash,center,0,1,0
ALT-0498,66,138.14,3,0,14,6.1,13.1,monthly,digital_wallet,north,0,1,0
ALT-0499,55,99.47,1,2,17,4.4,12.7,annual,card,metro,1,0,0
ALT-0500,38,89.25,2,2,32,3.2,3.4,monthly,card,metro,0,0,0
ALT-0501,11,34.49,2,0,21,7.5,2.3,annual,bank_transfer,metro,1,1,0
ALT-0502,50,103.4,3,2,21,4.1,10.9,monthly,card,center,1,1,0
ALT-0503,46,108.4,2,1,25,7.1,11.9,quarterly,bank_transfer,south,1,1,0
ALT-0504,61,86.28,5,1,25,6.0,6.8,annual,card,south,0,0,0
ALT-0505,51,98.72,1,0,29,6.7,7.7,monthly,bank_transfer,south,0,0,0
ALT-0506,57,84.56,3,1,16,4.0,6.1,annual,cash,metro,1,0,0
ALT-0507,22,69.15,3,1,20,6.7,5.9,monthly,bank_transfer,north,1,1,0
ALT-0508,16,68.51,4,1,14,6.1,7.0,monthly,cash,center,0,0,1
ALT-0509,4,52.0,3,3,16,3.5,4.6,monthly,bank_transfer,metro,1,0,1
ALT-0510,16,71.23,2,2,24,7.8,12.3,annual,cash,north,1,1,0
ALT-0511,62,97.83,0,0,30,5.4,1.2,monthly,cash,center,1,0,0
ALT-0512,8,45.07,3,0,5,6.9,5.5,quarterly,bank_transfer,north,1,0,0
ALT-0513,63,118.16,0,2,10,5.5,6.7,monthly,card,metro,1,1,0
ALT-0514,66,121.93,0,2,15,6.6,9.7,quarterly,card,metro,1,0,0
ALT-0515,11,60.84,2,0,19,4.4,14.4,monthly,bank_transfer,center,1,0,0
ALT-0516,53,88.76,2,3,26,10.0,7.5,annual,bank_transfer,metro,0,1,0
ALT-0517,60,89.92,1,0,20,4.6,10.4,annual,bank_transfer,north,1,0,0
ALT-0518,72,107.4,0,1,14,4.7,11.2,annual,cash,north,1,1,0
ALT-0519,64,90.3,2,2,11,7.5,7.1,annual,digital_wallet,center,1,0,0
ALT-0520,17,64.51,3,0,30,6.2,13.2,monthly,bank_transfer,south,0,0,0
ALT-0521,19,65.98,1,0,21,9.5,8.5,monthly,digital_wallet,metro,1,0,0
ALT-0522,43,85.55,0,0,16,5.1,8.8,monthly,digital_wallet,south,1,1,0
ALT-0523,25,64.74,3,1,19,3.6,4.2,monthly,cash,north,1,0,1
ALT-0524,38,93.81,5,2,24,6.8,7.2,monthly,cash,north,0,0,1
ALT-0525,64,88.44,5,0,13,9.7,12.9,annual,card,metro,1,0,0
ALT-0526,15,59.58,1,0,20,8.9,10.2,monthly,card,center,1,1,0
ALT-0527,36,77.86,1,1,18,6.2,4.1,monthly,cash,center,1,0,0
ALT-0528,32,74.86,2,1,28,8.7,17.1,annual,bank_transfer,center,1,0,0
ALT-0529,24,78.33,1,2,14,9.2,7.7,monthly,card,south,1,0,0
ALT-0530,18,77.34,2,0,1,2.4,13.4,monthly,cash,center,1,0,1
ALT-0531,16,67.04,1,0,36,5.0,13.5,quarterly,bank_transfer,south,0,1,0
ALT-0532,15,64.89,1,1,16,4.8,10.8,quarterly,card,metro,1,0,0
ALT-0533,4,51.55,1,0,21,6.9,3.0,monthly,digital_wallet,center,1,0,0
ALT-0534,65,113.91,2,1,14,10.0,9.6,monthly,bank_transfer,south,1,0,0
ALT-0535,18,54.85,2,0,5,7.1,5.7,quarterly,card,metro,0,0,0
ALT-0536,40,76.23,1,1,21,6.6,2.5,monthly,card,metro,0,1,0
ALT-0537,68,100.13,2,1,16,10.0,5.3,monthly,cash,metro,0,0,0
ALT-0538,3,42.97,0,2,22,4.7,4.3,quarterly,card,south,1,0,0
ALT-0539,51,105.17,4,0,8,5.4,9.2,quarterly,digital_wallet,south,1,0,0
ALT-0540,69,112.4,1,1,23,8.0,8.2,monthly,card,metro,0,0,0
ALT-0541,51,113.96,5,1,21,4.7,10.5,monthly,bank_transfer,center,1,1,0
ALT-0542,5,42.8,2,0,14,4.8,7.4,monthly,digital_wallet,south,0,1,0
ALT-0543,6,50.9,2,2,20,7.3,2.5,quarterly,bank_transfer,center,0,1,0
ALT-0544,23,64.11,3,3,10,5.2,2.7,quarterly,bank_transfer,center,1,1,0
ALT-0545,44,90.09,4,0,25,6.2,6.8,quarterly,bank_transfer,metro,1,0,0
ALT-0546,64,104.49,3,0,26,8.5,10.9,annual,card,north,0,0,0
ALT-0547,40,80.19,4,0,17,6.7,9.0,annual,cash,south,1,1,0
ALT-0548,19,66.44,1,0,15,6.1,7.6,monthly,card,south,1,0,0
ALT-0549,25,72.39,1,2,19,4.6,8.4,quarterly,cash,south,0,1,0
ALT-0550,16,45.29,0,2,17,7.3,0.8,quarterly,digital_wallet,metro,1,1,0
ALT-0551,4,50.84,2,1,12,4.9,10.1,monthly,card,metro,1,1,0
ALT-0552,70,136.48,3,0,27,8.0,13.8,monthly,card,center,0,1,0
ALT-0553,58,107.49,2,1,18,4.8,10.8,monthly,cash,center,1,1,0
ALT-0554,21,65.82,0,0,15,5.3,6.7,monthly,cash,metro,1,1,0
ALT-0555,68,123.88,3,0,12,7.0,15.8,quarterly,card,metro,0,0,0
ALT-0556,7,61.79,5,2,25,7.1,4.6,quarterly,card,center,0,0,1
ALT-0557,30,56.83,2,0,25,5.0,5.3,monthly,card,metro,1,1,0
ALT-0558,21,83.78,2,1,15,6.4,15.9,monthly,card,north,1,1,0
ALT-0559,62,86.05,2,1,10,6.5,5.8,monthly,card,south,0,0,0
ALT-0560,47,93.23,2,1,24,4.6,11.8,quarterly,card,north,1,1,0
ALT-0561,52,101.67,3,4,15,6.8,10.7,annual,bank_transfer,metro,0,1,0
ALT-0562,43,97.67,1,3,18,6.2,8.4,monthly,cash,center,0,0,1
ALT-0563,17,68.12,2,2,33,7.8,10.1,monthly,bank_transfer,center,0,1,0
ALT-0564,39,87.99,1,1,16,8.2,12.8,quarterly,card,center,0,1,0
ALT-0565,67,128.88,4,2,10,5.7,12.4,monthly,card,center,1,1,0
ALT-0566,6,89.84,1,0,19,7.9,10.9,monthly,digital_wallet,north,0,0,0
ALT-0567,32,85.81,3,2,17,8.7,12.4,monthly,bank_transfer,north,1,0,0
ALT-0568,17,63.22,1,3,16,6.0,13.3,quarterly,card,metro,1,0,0
ALT-0569,1,44.73,4,1,11,5.9,6.5,monthly,card,metro,0,0,1
ALT-0570,44,83.13,3,2,27,6.5,4.2,quarterly,card,metro,1,1,0
ALT-0571,39,123.79,3,4,23,8.0,13.7,quarterly,card,south,1,0,0
ALT-0572,8,42.99,3,0,19,5.4,7.4,quarterly,card,north,0,1,0
ALT-0573,9,43.5,0,1,25,5.3,5.9,quarterly,card,north,0,1,0
ALT-0574,49,110.3,4,0,11,6.0,14.2,monthly,card,metro,1,0,0
ALT-0575,32,113.61,1,2,20,10.0,13.5,monthly,card,metro,1,1,0
ALT-0576,29,76.29,3,2,20,4.4,9.0,monthly,card,center,1,0,1
ALT-0577,72,106.21,1,1,28,5.2,1.8,monthly,card,center,1,1,0
ALT-0578,55,86.47,1,1,21,3.6,6.8,monthly,bank_transfer,north,0,0,0
ALT-0579,54,105.02,3,1,21,7.2,8.9,monthly,bank_transfer,north,0,0,0
ALT-0580,8,49.73,1,0,25,6.5,9.2,quarterly,bank_transfer,south,1,1,0
ALT-0581,15,64.25,1,0,27,5.2,9.5,quarterly,card,center,0,0,0
ALT-0582,69,113.7,2,1,13,6.2,1.9,monthly,card,north,0,0,0
ALT-0583,4,72.5,3,0,24,4.5,8.8,monthly,bank_transfer,metro,0,1,0
ALT-0584,14,26.22,3,0,7,4.9,0.8,annual,card,metro,0,0,0
ALT-0585,23,65.21,2,0,17,4.4,9.8,quarterly,card,center,1,1,0
ALT-0586,23,62.57,0,0,18,5.1,4.9,monthly,digital_wallet,center,0,0,0
ALT-0587,52,77.33,2,0,34,8.2,3.0,annual,card,metro,1,0,0
ALT-0588,9,41.95,2,1,14,7.6,11.4,annual,card,center,1,1,0
ALT-0589,29,78.04,2,3,16,3.5,11.7,quarterly,cash,center,0,0,1
ALT-0590,57,88.97,1,0,30,8.4,14.6,annual,bank_transfer,north,1,0,0
ALT-0591,56,120.56,4,1,4,5.0,8.7,monthly,digital_wallet,south,0,1,0
ALT-0592,70,85.57,1,0,21,6.2,4.3,quarterly,card,metro,1,1,0
ALT-0593,29,75.57,1,0,19,5.4,9.6,monthly,card,south,1,1,0
ALT-0594,50,121.66,2,1,1,8.0,20.2,monthly,digital_wallet,metro,1,0,0
ALT-0595,70,110.62,0,2,22,5.8,6.1,monthly,digital_wallet,metro,1,0,0
ALT-0596,59,102.49,0,1,23,8.3,9.6,monthly,digital_wallet,north,0,0,0
ALT-0597,69,116.09,3,3,9,6.8,11.4,quarterly,digital_wallet,south,1,0,0
ALT-0598,48,105.5,4,1,27,6.4,7.8,monthly,card,north,1,0,0
ALT-0599,15,70.31,4,1,20,4.4,8.3,monthly,cash,center,1,0,1
ALT-0600,26,67.04,2,1,26,4.6,1.4,monthly,card,metro,1,1,0
ALT-0601,58,103.59,0,3,24,6.9,5.4,monthly,bank_transfer,north,0,0,0
ALT-0602,60,119.74,3,2,16,6.0,10.7,annual,bank_transfer,metro,0,1,0
ALT-0603,42,88.6,2,1,27,8.1,16.9,annual,card,north,1,1,0
ALT-0604,44,97.17,4,0,19,10.0,7.1,monthly,bank_transfer,south,1,1,0
ALT-0605,30,83.76,4,1,20,7.9,12.8,quarterly,card,south,1,0,0
ALT-0606,30,81.34,2,0,20,3.7,13.5,monthly,bank_transfer,north,1,1,0
ALT-0607,39,93.96,2,1,20,4.6,9.0,monthly,card,metro,1,1,0
ALT-0608,55,81.2,2,0,26,6.3,0.0,quarterly,bank_transfer,south,1,0,0
ALT-0609,55,102.67,3,2,32,7.2,8.0,monthly,bank_transfer,south,1,1,0
ALT-0610,39,69.22,4,0,16,7.8,6.6,monthly,card,south,1,0,0
ALT-0611,23,81.79,2,0,19,7.7,14.0,monthly,bank_transfer,center,1,0,0
ALT-0612,57,111.56,3,1,22,6.5,4.5,monthly,card,metro,0,1,0
ALT-0613,28,85.68,1,1,25,8.2,8.0,monthly,card,south,1,0,0
ALT-0614,57,93.55,0,0,14,4.2,10.5,monthly,bank_transfer,metro,0,1,0
ALT-0615,50,87.03,1,0,32,2.9,7.3,monthly,cash,metro,0,0,0
ALT-0616,11,74.09,3,1,21,8.3,6.7,monthly,cash,south,1,0,1
ALT-0617,11,89.08,7,2,8,6.3,9.4,monthly,digital_wallet,south,1,1,1
ALT-0618,39,96.02,2,0,15,3.8,9.8,monthly,bank_transfer,north,1,0,0
ALT-0619,40,70.14,2,0,31,7.2,3.2,monthly,card,south,1,1,0
ALT-0620,39,71.37,3,1,6,8.4,6.9,monthly,bank_transfer,north,1,0,0
ALT-0621,51,86.65,2,1,20,8.4,0.4,monthly,bank_transfer,metro,1,1,0
ALT-0622,27,87.96,3,1,21,7.5,16.0,quarterly,card,south,0,0,0
ALT-0623,49,88.21,1,0,15,6.6,10.6,annual,bank_transfer,center,0,1,0
ALT-0624,58,116.32,1,0,22,4.3,14.7,monthly,cash,metro,0,1,0
ALT-0625,36,68.01,0,3,9,3.9,6.2,annual,bank_transfer,center,0,0,0
ALT-0626,69,109.94,1,1,33,7.9,11.7,annual,digital_wallet,south,1,0,0
ALT-0627,15,56.18,1,0,30,5.4,2.6,monthly,digital_wallet,center,0,1,0
ALT-0628,54,113.78,4,0,24,8.1,11.4,monthly,bank_transfer,metro,1,1,0
ALT-0629,27,75.16,1,1,20,4.4,7.6,monthly,card,center,1,0,0
ALT-0630,32,69.97,2,1,13,8.0,13.3,quarterly,card,north,1,1,0
ALT-0631,52,104.73,3,1,16,6.1,11.9,quarterly,card,north,0,0,0
ALT-0632,45,62.76,2,1,15,5.9,0.0,annual,card,metro,1,0,0
ALT-0633,45,89.51,2,1,18,9.1,9.3,monthly,cash,metro,1,0,0
ALT-0634,17,92.14,2,0,24,10.0,14.0,monthly,digital_wallet,center,1,0,0
ALT-0635,19,70.15,2,1,12,3.6,1.6,monthly,cash,center,1,0,1
ALT-0636,36,73.09,1,0,27,5.6,9.7,quarterly,card,metro,1,1,0
ALT-0637,2,47.45,4,1,8,6.0,8.3,monthly,bank_transfer,center,1,1,1
ALT-0638,47,92.62,2,1,20,6.5,5.2,monthly,digital_wallet,south,1,0,0
ALT-0639,18,66.54,0,0,22,5.6,10.1,monthly,card,south,1,0,0
ALT-0640,14,32.57,1,0,24,3.5,9.4,annual,card,south,1,0,0
ALT-0641,68,113.13,1,1,23,4.9,7.1,monthly,digital_wallet,center,1,0,0
ALT-0642,38,75.55,3,2,18,5.8,0.0,monthly,cash,center,1,1,0
ALT-0643,29,77.29,2,0,14,4.3,8.3,monthly,cash,south,0,0,1
ALT-0644,64,109.53,2,1,25,8.2,8.4,monthly,bank_transfer,metro,1,1,0
ALT-0645,23,65.22,6,0,27,7.8,0.0,monthly,bank_transfer,metro,1,1,0
ALT-0646,25,84.79,4,0,21,9.5,11.3,monthly,digital_wallet,center,0,1,0
ALT-0647,63,114.15,4,1,15,10.0,5.6,monthly,cash,metro,0,1,0
ALT-0648,31,73.92,3,1,17,7.1,10.9,annual,card,center,1,0,0
ALT-0649,45,80.4,3,0,25,4.4,8.7,annual,bank_transfer,center,1,1,0
ALT-0650,39,83.07,2,2,9,3.4,5.8,monthly,digital_wallet,metro,0,0,1
ALT-0651,4,77.01,3,1,12,9.2,13.7,monthly,cash,center,1,1,1
ALT-0652,58,104.59,3,0,10,5.9,9.0,monthly,bank_transfer,metro,0,1,0
ALT-0653,28,79.84,2,2,19,6.2,6.6,monthly,card,metro,1,1,0
ALT-0654,65,100.67,2,2,15,8.3,2.8,monthly,card,south,1,0,0
ALT-0655,27,65.27,3,3,16,5.5,3.7,monthly,card,north,1,0,1
ALT-0656,38,103.88,2,3,24,3.5,9.0,monthly,card,metro,0,0,1
ALT-0657,29,94.6,1,0,21,5.3,10.5,monthly,card,north,1,0,0
ALT-0658,24,75.22,2,2,19,2.8,9.7,monthly,bank_transfer,south,1,1,0
ALT-0659,16,62.39,4,2,16,6.3,5.3,quarterly,card,metro,1,1,0
ALT-0660,63,90.56,1,1,8,4.1,10.2,annual,card,metro,0,1,0
ALT-0661,23,60.43,1,0,18,7.8,9.6,monthly,bank_transfer,metro,1,0,0
ALT-0662,58,116.44,2,2,23,8.4,8.2,monthly,digital_wallet,north,0,1,0
ALT-0663,11,78.39,1,1,31,5.5,6.2,monthly,cash,north,1,0,0
ALT-0664,35,68.46,2,0,11,4.7,3.6,monthly,digital_wallet,center,0,0,0
ALT-0665,52,89.88,3,0,17,6.1,8.4,quarterly,bank_transfer,metro,0,0,0
ALT-0666,58,123.55,5,0,19,4.6,15.9,quarterly,card,metro,0,0,0
ALT-0667,31,89.61,4,0,19,7.0,11.3,annual,cash,north,0,0,0
ALT-0668,43,84.37,3,1,23,7.7,4.4,quarterly,bank_transfer,metro,1,0,0
ALT-0669,36,89.63,2,0,22,8.7,12.6,quarterly,cash,south,1,0,0
ALT-0670,26,97.23,4,2,30,4.8,12.6,monthly,bank_transfer,metro,0,1,0
ALT-0671,35,86.52,2,2,21,7.3,6.4,monthly,card,south,1,0,0
ALT-0672,18,44.92,1,1,30,7.6,3.8,quarterly,card,center,1,0,0
ALT-0673,27,73.42,0,0,17,4.9,11.2,monthly,digital_wallet,center,0,0,0
ALT-0674,20,60.16,1,0,13,4.7,10.2,monthly,card,north,1,0,0
ALT-0675,67,116.23,5,1,19,8.4,6.9,monthly,bank_transfer,metro,0,1,0
ALT-0676,53,90.1,0,0,7,4.9,4.2,monthly,card,center,1,1,0
ALT-0677,3,49.99,3,0,18,5.9,5.3,monthly,bank_transfer,metro,0,0,1
ALT-0678,35,83.3,1,0,14,8.5,10.8,monthly,bank_transfer,center,1,0,0
ALT-0679,46,77.95,0,1,13,4.7,6.8,quarterly,card,north,1,1,0
ALT-0680,65,112.76,2,2,11,5.3,10.1,quarterly,bank_transfer,metro,1,0,0
ALT-0681,7,89.99,2,2,17,6.2,12.0,monthly,card,south,1,1,0
ALT-0682,21,74.46,0,1,25,5.4,11.5,quarterly,card,south,1,0,0
ALT-0683,13,81.87,5,1,10,7.4,9.8,monthly,digital_wallet,metro,0,0,1
ALT-0684,42,92.91,3,1,21,8.8,10.4,monthly,cash,metro,1,0,0
ALT-0685,35,79.8,3,0,19,8.1,5.8,monthly,card,center,1,1,0
ALT-0686,51,82.55,1,0,20,6.8,6.6,monthly,card,metro,1,1,0
ALT-0687,18,57.46,2,0,26,4.7,9.2,monthly,card,center,0,1,0
ALT-0688,20,82.61,2,1,20,4.7,10.7,quarterly,card,metro,1,1,0
ALT-0689,22,95.7,8,0,23,4.8,9.8,monthly,card,south,0,1,1
ALT-0690,15,42.61,2,2,16,5.6,8.3,annual,card,metro,0,0,0
ALT-0691,46,108.66,1,1,12,5.2,4.5,monthly,cash,north,0,1,0
ALT-0692,39,75.02,3,0,14,7.8,4.2,monthly,bank_transfer,north,1,0,0
ALT-0693,35,103.53,1,6,13,5.6,9.5,monthly,card,metro,1,0,1
ALT-0694,33,87.26,1,2,13,6.7,6.6,monthly,digital_wallet,center,1,1,0
ALT-0695,8,53.09,1,1,21,5.2,5.3,quarterly,cash,south,1,0,0
ALT-0696,33,77.27,4,0,35,7.7,4.8,monthly,bank_transfer,metro,1,0,0
ALT-0697,49,99.72,3,0,25,8.7,6.1,quarterly,bank_transfer,center,1,0,0
ALT-0698,6,61.26,3,1,12,8.6,9.5,monthly,bank_transfer,south,1,1,0
ALT-0699,43,81.85,1,2,24,6.5,4.3,monthly,bank_transfer,north,0,1,0
ALT-0700,47,89.68,1,2,19,4.9,7.9,quarterly,digital_wallet,north,1,0,0
ALT-0701,39,91.66,2,0,16,8.1,4.0,monthly,cash,metro,1,0,0
ALT-0702,22,68.0,3,1,12,6.5,5.9,monthly,bank_transfer,south,0,0,1
ALT-0703,43,87.07,3,2,25,6.4,6.5,monthly,bank_transfer,metro,0,0,0
ALT-0704,33,97.06,1,2,11,4.8,11.2,quarterly,cash,south,0,0,0
ALT-0705,4,81.11,6,1,27,6.6,15.6,monthly,card,south,0,0,1
ALT-0706,56,90.85,2,1,16,7.8,0.6,monthly,cash,center,1,0,0
ALT-0707,59,84.75,0,0,1,10.0,10.6,annual,bank_transfer,metro,1,1,0
ALT-0708,61,115.24,3,0,17,7.2,13.3,monthly,cash,metro,1,0,0
ALT-0709,44,80.63,2,1,7,4.7,3.4,monthly,digital_wallet,center,1,0,0
ALT-0710,42,83.31,2,1,19,5.8,7.4,monthly,digital_wallet,center,0,0,0
ALT-0711,71,106.77,3,2,12,6.9,8.4,annual,digital_wallet,south,1,0,0
ALT-0712,8,55.99,2,1,24,4.6,4.2,monthly,bank_transfer,center,1,1,0
ALT-0713,28,96.82,2,1,22,8.8,16.5,monthly,card,south,0,1,0
ALT-0714,40,78.59,0,1,10,4.8,9.2,monthly,card,metro,0,0,0
ALT-0715,44,87.57,8,0,22,5.3,6.4,quarterly,digital_wallet,center,1,0,0
ALT-0716,49,99.92,3,1,14,3.2,9.4,monthly,bank_transfer,center,1,0,0
ALT-0717,27,76.71,2,1,12,8.0,10.7,monthly,bank_transfer,center,1,1,0
ALT-0718,50,99.33,3,0,21,9.0,9.2,monthly,bank_transfer,north,1,1,0
ALT-0719,52,91.55,0,2,19,8.3,8.8,annual,bank_transfer,south,1,0,0
ALT-0720,8,63.8,2,2,10,4.3,10.3,annual,bank_transfer,south,1,0,1
ALT-0721,24,90.59,3,2,24,8.6,10.5,monthly,cash,south,0,1,0
ALT-0722,30,83.45,2,1,13,6.2,9.7,monthly,bank_transfer,center,1,1,0
ALT-0723,36,84.11,3,2,29,5.3,2.7,monthly,card,center,1,0,0
ALT-0724,72,110.87,2,1,26,9.8,2.6,monthly,cash,center,0,1,0
ALT-0725,6,40.6,1,1,22,9.0,7.6,annual,digital_wallet,center,0,0,0
ALT-0726,18,78.7,4,0,18,10.0,7.4,monthly,bank_transfer,north,0,1,0
ALT-0727,54,104.59,3,1,20,8.4,8.3,monthly,bank_transfer,metro,1,0,0
ALT-0728,59,97.91,2,0,9,4.0,3.1,monthly,bank_transfer,center,0,0,0
ALT-0729,22,61.03,0,0,29,10.0,4.8,quarterly,card,south,1,0,0
ALT-0730,18,50.51,5,1,18,6.4,2.4,quarterly,bank_transfer,south,0,0,1
ALT-0731,21,60.49,1,0,14,6.7,11.9,quarterly,digital_wallet,metro,1,1,0
ALT-0732,6,59.67,2,1,11,9.5,8.5,monthly,bank_transfer,north,1,0,0
ALT-0733,39,70.25,1,1,13,7.3,4.5,monthly,bank_transfer,metro,1,1,0
ALT-0734,68,121.82,1,3,8,8.7,10.4,monthly,card,metro,1,1,0
ALT-0735,29,64.74,2,1,10,7.0,4.6,annual,bank_transfer,south,1,1,0
ALT-0736,51,104.68,2,5,16,7.3,5.4,monthly,card,south,1,0,1
ALT-0737,32,91.75,4,0,13,6.0,13.1,monthly,bank_transfer,metro,1,1,0
ALT-0738,60,103.76,0,0,17,3.7,4.0,quarterly,card,south,0,1,0
ALT-0739,27,71.59,3,2,16,4.8,5.3,quarterly,card,metro,1,1,0
ALT-0740,30,77.05,4,1,26,6.8,9.2,monthly,bank_transfer,south,1,0,0
ALT-0741,9,63.47,3,1,29,4.2,8.1,monthly,digital_wallet,center,1,1,0
ALT-0742,11,55.06,2,2,14,7.3,2.4,monthly,bank_transfer,south,1,0,1
ALT-0743,59,76.49,0,1,5,7.2,4.3,annual,card,center,0,1,0
ALT-0744,72,104.77,2,1,27,8.4,2.8,monthly,card,metro,1,0,0
ALT-0745,72,106.7,3,1,19,6.6,0.3,monthly,digital_wallet,center,1,1,0
ALT-0746,47,102.66,1,0,7,7.8,9.2,monthly,cash,south,1,0,0
ALT-0747,55,105.65,2,1,19,3.0,11.0,monthly,cash,south,1,0,0
ALT-0748,27,89.44,4,2,11,5.6,10.4,monthly,card,south,1,1,1
ALT-0749,8,66.63,1,1,29,7.5,19.4,monthly,digital_wallet,metro,1,1,0
ALT-0750,11,60.4,3,0,16,6.1,8.5,monthly,card,north,0,1,0
ALT-0751,23,48.25,0,3,25,6.8,2.6,annual,bank_transfer,metro,1,0,0
ALT-0752,31,43.23,2,1,12,4.7,1.3,annual,card,south,1,0,0
ALT-0753,5,57.04,1,0,14,5.9,9.5,monthly,card,center,0,1,0
ALT-0754,70,116.34,2,1,17,5.1,4.9,monthly,cash,metro,1,0,0
ALT-0755,30,79.9,3,1,20,8.1,5.3,monthly,card,metro,0,0,0
ALT-0756,27,85.76,1,1,17,5.0,9.7,quarterly,cash,metro,1,0,0
ALT-0757,71,118.53,3,0,10,4.2,8.5,monthly,card,metro,1,0,0
ALT-0758,50,100.08,2,3,17,5.1,8.6,monthly,card,center,0,1,0
ALT-0759,4,47.22,1,1,13,6.0,12.7,quarterly,bank_transfer,center,0,1,0
ALT-0760,16,86.8,4,2,18,8.3,14.8,quarterly,digital_wallet,north,0,1,0
ALT-0761,64,102.3,1,1,23,7.6,4.6,quarterly,digital_wallet,center,1,0,0
ALT-0762,40,90.67,1,0,32,6.4,7.5,monthly,digital_wallet,metro,1,1,0
ALT-0763,43,109.27,3,1,25,7.4,11.2,monthly,card,north,1,0,0
ALT-0764,7,62.34,4,2,16,5.9,7.2,monthly,digital_wallet,center,0,0,1
ALT-0765,23,69.35,3,0,12,5.3,7.0,quarterly,digital_wallet,north,0,1,0
ALT-0766,48,81.72,1,1,27,4.1,6.8,annual,digital_wallet,south,0,0,0
ALT-0767,22,71.32,1,0,20,8.6,11.6,monthly,digital_wallet,north,1,1,0
ALT-0768,44,133.09,4,4,12,7.7,15.1,monthly,bank_transfer,metro,1,1,1
ALT-0769,62,123.16,2,2,35,6.7,9.2,monthly,card,south,0,0,0
ALT-0770,20,55.23,1,0,21,8.6,4.7,monthly,bank_transfer,metro,1,0,0
ALT-0771,23,69.77,3,3,17,7.7,8.4,monthly,bank_transfer,metro,0,0,1
ALT-0772,1,59.9,5,3,16,6.7,6.4,quarterly,digital_wallet,north,0,0,1
ALT-0773,9,54.62,5,2,27,5.6,7.3,quarterly,cash,metro,1,0,1
ALT-0774,26,79.18,4,0,15,4.4,9.7,monthly,cash,metro,1,1,0
ALT-0775,55,77.97,1,1,18,8.6,7.7,annual,card,metro,1,1,0
ALT-0776,62,84.25,1,0,30,9.3,3.3,monthly,card,metro,1,1,0
ALT-0777,19,63.27,4,1,25,6.2,15.1,annual,bank_transfer,north,1,0,0
ALT-0778,47,88.84,2,1,16,8.2,10.2,annual,cash,center,1,0,0
ALT-0779,17,40.55,1,0,18,9.2,3.9,annual,digital_wallet,metro,0,0,0
ALT-0780,55,106.54,1,0,20,7.3,15.3,monthly,digital_wallet,center,1,0,0
ALT-0781,10,46.73,3,1,3,5.5,5.0,monthly,card,metro,1,0,1
ALT-0782,16,46.38,0,0,28,8.8,6.6,monthly,card,south,0,1,0
ALT-0783,64,120.96,0,1,6,6.1,14.8,monthly,card,south,0,1,0
ALT-0784,11,68.89,2,0,31,9.0,15.2,monthly,card,center,1,1,0
ALT-0785,22,61.19,4,2,10,8.0,3.0,annual,card,center,1,0,0
ALT-0786,51,111.71,3,0,33,7.8,10.0,monthly,cash,metro,1,0,0
ALT-0787,48,68.43,0,1,17,6.7,2.4,quarterly,card,metro,1,0,0
ALT-0788,55,107.14,1,1,27,5.2,5.4,monthly,card,south,1,0,0
ALT-0789,31,70.55,0,0,22,6.5,5.1,monthly,card,center,1,0,0
ALT-0790,32,69.66,2,0,16,5.3,0.7,monthly,digital_wallet,metro,0,1,0
ALT-0791,26,56.59,2,0,16,2.9,6.9,monthly,card,south,1,0,0
ALT-0792,22,73.47,6,2,11,3.3,7.6,monthly,bank_transfer,metro,1,1,1
ALT-0793,49,115.51,1,3,6,5.2,5.8,monthly,cash,metro,1,0,1
ALT-0794,48,93.64,2,1,16,6.1,6.4,monthly,card,north,1,0,0
ALT-0795,59,122.74,2,3,16,10.0,7.4,monthly,bank_transfer,metro,1,0,0
ALT-0796,43,97.59,2,1,26,6.4,8.5,quarterly,digital_wallet,south,1,1,0
ALT-0797,62,108.88,5,2,10,7.4,8.5,monthly,bank_transfer,metro,1,0,0
ALT-0798,72,109.85,2,0,14,6.1,7.2,quarterly,card,metro,0,0,0
ALT-0799,72,104.16,0,1,22,3.4,2.3,monthly,digital_wallet,center,1,0,0
ALT-0800,58,121.15,6,2,23,7.8,11.2,monthly,bank_transfer,metro,1,1,0
ALT-0801,62,111.26,3,2,25,6.0,2.7,monthly,bank_transfer,center,0,1,0
ALT-0802,51,101.02,2,1,23,7.8,11.8,quarterly,card,north,0,0,0
ALT-0803,31,87.96,2,4,18,8.7,11.7,quarterly,card,center,0,0,0
ALT-0804,54,120.2,2,1,20,8.4,13.3,quarterly,card,metro,0,0,0
ALT-0805,16,64.82,1,1,24,6.3,12.3,annual,cash,metro,0,1,0
ALT-0806,8,36.47,1,1,28,6.8,9.4,annual,bank_transfer,center,1,0,0
ALT-0807,13,50.79,2,2,18,5.5,9.5,quarterly,card,metro,1,1,0
ALT-0808,31,73.8,5,1,18,4.9,4.0,monthly,card,center,0,1,1
ALT-0809,23,71.11,3,2,25,6.0,10.1,quarterly,card,metro,0,0,0
ALT-0810,64,106.6,0,1,14,5.2,8.5,monthly,card,metro,0,1,0
ALT-0811,51,102.6,3,2,18,4.6,8.0,quarterly,bank_transfer,center,1,1,0
ALT-0812,20,73.1,0,4,26,2.4,6.1,monthly,bank_transfer,center,0,1,0
ALT-0813,39,82.02,4,1,14,5.5,3.4,monthly,card,metro,1,1,0
ALT-0814,6,72.44,2,1,21,4.8,6.3,monthly,digital_wallet,south,1,0,0
ALT-0815,44,114.89,1,1,17,7.4,11.3,monthly,card,south,1,0,0
ALT-0816,3,31.88,1,1,18,7.3,0.0,monthly,cash,center,1,0,0
ALT-0817,15,56.36,1,1,24,7.9,6.4,monthly,digital_wallet,south,0,1,0
ALT-0818,40,90.83,2,1,17,5.7,11.2,monthly,bank_transfer,metro,1,0,0
ALT-0819,20,59.37,4,0,10,2.4,6.0,annual,cash,south,0,0,1
ALT-0820,26,78.73,2,2,22,3.7,5.2,monthly,digital_wallet,metro,0,0,1
ALT-0821,1,58.48,2,0,21,9.1,12.6,monthly,digital_wallet,metro,1,0,0
ALT-0822,6,46.64,3,1,14,3.3,5.2,quarterly,bank_transfer,center,0,1,0
ALT-0823,36,86.66,1,3,25,2.1,9.3,monthly,card,north,1,0,0
ALT-0824,49,102.76,3,3,15,6.6,11.6,monthly,card,metro,1,0,0
ALT-0825,59,105.11,0,2,24,3.9,9.5,monthly,digital_wallet,north,1,0,0
ALT-0826,44,79.37,2,0,27,4.9,8.5,monthly,card,metro,0,0,0
ALT-0827,1,74.26,4,2,16,5.4,11.9,monthly,cash,south,1,0,1
ALT-0828,14,53.3,5,1,22,6.8,15.4,annual,bank_transfer,metro,1,1,0
ALT-0829,35,70.8,2,2,27,3.8,0.0,quarterly,digital_wallet,center,1,0,0
ALT-0830,68,102.82,1,2,16,2.6,6.1,monthly,bank_transfer,north,0,1,0
ALT-0831,37,87.39,2,0,18,3.6,6.5,monthly,bank_transfer,metro,1,1,0
ALT-0832,69,107.33,4,0,13,3.1,4.2,monthly,card,metro,1,1,0
ALT-0833,27,64.86,5,2,23,6.0,1.9,annual,card,center,1,1,0
ALT-0834,14,66.22,2,1,33,8.0,6.8,monthly,digital_wallet,metro,0,0,0
ALT-0835,12,46.69,1,0,18,6.1,4.4,quarterly,bank_transfer,metro,1,0,0
ALT-0836,59,87.31,3,1,20,5.9,3.9,monthly,card,north,1,1,0
ALT-0837,10,54.4,1,2,13,5.5,7.0,monthly,bank_transfer,center,1,0,1
ALT-0838,45,97.74,3,2,9,4.9,5.6,monthly,digital_wallet,metro,1,0,1
ALT-0839,19,68.84,2,2,22,7.0,4.1,monthly,cash,south,0,0,1
ALT-0840,53,87.27,2,0,35,4.1,2.0,monthly,bank_transfer,north,1,1,0
ALT-0841,37,85.07,2,1,15,6.1,2.6,monthly,bank_transfer,metro,1,1,0
ALT-0842,42,97.36,2,1,41,5.9,6.6,monthly,digital_wallet,metro,0,0,0
ALT-0843,39,75.48,5,0,15,6.1,5.6,monthly,card,north,0,0,0
ALT-0844,69,123.54,1,1,19,7.5,11.9,quarterly,card,metro,0,0,0
ALT-0845,4,60.8,1,1,34,7.9,6.9,monthly,bank_transfer,center,0,1,0
ALT-0846,6,55.61,1,0,29,3.2,6.4,monthly,card,metro,1,1,0
ALT-0847,39,88.12,1,2,34,6.3,10.5,quarterly,card,north,0,1,0
ALT-0848,54,92.75,1,1,37,5.1,3.6,monthly,bank_transfer,north,1,0,0
ALT-0849,5,51.68,2,1,14,8.0,6.6,monthly,card,south,0,0,1
ALT-0850,62,102.69,1,2,18,7.4,13.6,annual,card,metro,0,0,0
ALT-0851,22,85.21,1,3,28,8.1,7.3,monthly,bank_transfer,north,1,1,0
ALT-0852,7,54.46,2,3,12,5.9,4.7,monthly,card,metro,0,0,1
ALT-0853,48,76.32,1,0,17,8.2,3.6,monthly,digital_wallet,metro,0,0,0
ALT-0854,30,84.98,3,1,10,8.0,6.4,monthly,cash,south,1,1,0
ALT-0855,16,82.94,2,1,11,3.8,11.7,monthly,card,metro,1,1,0
ALT-0856,7,62.81,3,1,19,3.4,3.1,monthly,bank_transfer,south,1,0,1
ALT-0857,67,83.65,3,1,18,6.4,2.9,annual,card,metro,0,0,0
ALT-0858,4,65.51,5,1,20,4.8,10.2,monthly,card,south,0,0,1
ALT-0859,68,124.68,2,2,30,6.8,9.7,monthly,card,metro,1,1,0
ALT-0860,40,87.66,2,0,13,3.8,10.5,monthly,card,metro,1,1,0
ALT-0861,4,66.43,3,1,6,6.9,13.0,monthly,card,north,1,1,1
ALT-0862,1,44.46,0,0,21,4.8,16.4,quarterly,bank_transfer,south,1,0,0
ALT-0863,39,71.87,0,0,19,7.6,6.7,quarterly,card,metro,0,0,0
ALT-0864,26,65.49,2,0,16,6.0,1.1,monthly,card,center,1,1,0
ALT-0865,54,92.52,3,1,12,7.3,5.2,monthly,digital_wallet,south,1,0,0
ALT-0866,13,61.88,2,1,16,4.7,1.6,monthly,card,north,1,1,0
ALT-0867,32,68.28,0,1,15,6.9,4.7,annual,card,south,1,0,0
ALT-0868,41,90.15,2,3,19,4.0,4.0,monthly,card,north,1,0,0
ALT-0869,65,102.23,0,3,20,5.6,0.1,monthly,digital_wallet,center,0,0,0
ALT-0870,70,131.72,3,1,19,5.6,14.2,monthly,card,north,1,0,0
ALT-0871,46,65.75,0,0,14,5.4,9.0,annual,card,south,1,1,0
ALT-0872,42,101.11,4,3,22,5.9,8.1,monthly,digital_wallet,north,0,1,0
ALT-0873,60,94.11,3,0,16,2.4,6.1,monthly,digital_wallet,metro,1,1,0
ALT-0874,42,80.5,3,0,14,6.6,13.0,annual,card,center,1,1,0
ALT-0875,48,115.58,4,0,13,6.1,12.5,monthly,card,south,1,1,0
ALT-0876,27,85.19,3,1,20,7.8,10.1,monthly,card,north,1,0,0
ALT-0877,50,115.61,5,2,11,3.5,10.6,monthly,cash,metro,1,1,1
ALT-0878,30,87.74,3,1,19,8.2,9.9,monthly,bank_transfer,center,1,1,0
ALT-0879,72,122.02,2,1,22,3.2,11.4,monthly,card,metro,1,0,0
ALT-0880,16,69.37,4,1,15,8.0,10.3,monthly,digital_wallet,center,1,0,1
ALT-0881,41,89.31,1,1,18,7.5,11.2,monthly,bank_transfer,south,0,0,0
ALT-0882,54,96.57,2,1,4,6.3,8.9,monthly,bank_transfer,center,0,0,0
ALT-0883,25,96.18,2,0,28,9.0,12.1,monthly,cash,center,1,1,0
ALT-0884,44,81.03,2,3,35,3.4,13.6,annual,card,metro,1,0,0
ALT-0885,63,79.6,1,0,20,5.9,4.1,annual,card,south,1,0,0
ALT-0886,21,82.86,3,1,26,6.8,13.9,monthly,card,north,1,0,0
ALT-0887,37,75.04,1,2,31,8.2,0.0,quarterly,card,metro,1,0,0
ALT-0888,38,45.58,1,0,20,7.1,4.3,annual,bank_transfer,center,1,1,0
ALT-0889,40,87.57,4,1,30,5.7,8.5,monthly,digital_wallet,south,1,0,0
ALT-0890,38,103.95,2,1,27,7.3,11.0,monthly,card,metro,1,1,0
ALT-0891,56,95.86,1,1,12,5.9,8.6,monthly,card,center,1,0,0
ALT-0892,68,113.29,0,1,22,3.4,7.5,monthly,bank_transfer,south,1,0,0
ALT-0893,41,102.55,2,0,9,7.3,7.9,monthly,card,metro,1,1,0
ALT-0894,4,39.39,0,1,28,6.8,7.2,quarterly,digital_wallet,south,1,1,0
ALT-0895,21,87.0,2,1,9,5.4,9.2,monthly,bank_transfer,south,1,0,1
ALT-0896,59,114.49,3,1,18,5.6,13.0,monthly,bank_transfer,metro,1,0,0
ALT-0897,6,48.13,2,0,1,6.3,10.8,annual,bank_transfer,center,0,1,0
ALT-0898,66,119.66,3,1,9,3.7,7.4,monthly,digital_wallet,metro,1,0,0
ALT-0899,54,104.74,2,1,9,5.2,7.0,monthly,card,north,0,0,0
ALT-0900,63,115.03,2,0,18,9.2,10.5,monthly,card,metro,1,0,0
ALT-0901,61,91.74,1,1,17,5.3,4.9,quarterly,bank_transfer,metro,1,1,0
ALT-0902,8,48.38,2,2,20,5.9,8.0,annual,card,metro,0,1,0
ALT-0903,40,100.64,0,1,23,4.4,16.2,monthly,card,south,1,0,0
ALT-0904,28,75.15,0,2,28,7.3,10.9,monthly,card,center,1,0,0
ALT-0905,39,64.7,2,1,12,5.8,0.0,monthly,bank_transfer,south,1,0,0
ALT-0906,51,109.95,0,3,12,6.5,14.4,quarterly,card,north,1,0,0
ALT-0907,28,71.33,1,1,17,5.9,8.4,monthly,digital_wallet,center,1,0,0
ALT-0908,8,47.92,5,0,27,2.9,1.1,annual,cash,south,1,0,1
ALT-0909,5,46.28,1,0,10,5.8,3.5,monthly,digital_wallet,center,1,1,0
ALT-0910,61,93.61,2,2,32,6.2,0.0,quarterly,bank_transfer,south,0,1,0
ALT-0911,39,106.57,2,3,8,6.0,13.2,quarterly,cash,south,1,1,0
ALT-0912,23,64.66,1,1,7,8.5,5.3,monthly,card,center,1,0,0
ALT-0913,11,80.57,2,0,28,10.0,10.7,monthly,card,south,0,0,0
ALT-0914,34,92.86,1,2,19,7.4,12.1,monthly,card,metro,0,0,0
ALT-0915,44,79.5,3,1,23,4.5,14.1,quarterly,card,center,1,1,0
ALT-0916,24,98.05,2,2,23,9.1,17.0,monthly,card,metro,1,1,0
ALT-0917,13,47.0,2,1,9,4.9,3.6,monthly,digital_wallet,south,0,1,1
ALT-0918,28,53.96,2,4,28,9.5,6.4,annual,card,metro,1,0,0
ALT-0919,7,66.9,0,0,24,7.6,13.6,quarterly,digital_wallet,center,0,0,0
ALT-0920,12,53.33,2,0,22,7.0,10.0,annual,bank_transfer,metro,1,0,0
ALT-0921,69,125.59,2,1,21,5.6,7.6,monthly,digital_wallet,south,0,0,0
ALT-0922,15,60.8,2,1,21,5.8,6.0,monthly,card,north,1,0,0
ALT-0923,68,89.01,3,0,12,8.1,0.0,monthly,bank_transfer,center,1,0,0
ALT-0924,48,67.89,1,2,17,6.2,5.9,annual,bank_transfer,south,1,0,0
ALT-0925,52,58.37,2,1,22,6.9,0.2,annual,bank_transfer,metro,1,1,0
ALT-0926,24,82.9,6,0,17,7.9,7.7,monthly,bank_transfer,south,1,0,1
ALT-0927,50,63.67,0,0,19,7.1,7.8,annual,card,south,1,0,0
ALT-0928,2,53.58,0,5,19,8.8,6.1,monthly,card,south,1,1,1
ALT-0929,70,134.6,4,0,21,4.7,12.4,monthly,digital_wallet,center,1,1,0
ALT-0930,49,99.98,3,4,23,4.5,11.0,annual,card,metro,1,1,0
ALT-0931,53,103.37,2,0,19,9.3,7.9,monthly,card,metro,1,1,0
ALT-0932,1,51.88,3,1,23,5.5,9.9,quarterly,card,metro,1,0,0
ALT-0933,54,84.63,0,1,16,7.3,13.1,annual,cash,center,1,0,0
ALT-0934,6,37.95,2,1,22,6.7,4.5,quarterly,bank_transfer,south,1,0,0
ALT-0935,15,58.19,1,2,26,5.6,7.8,quarterly,bank_transfer,south,1,1,0
ALT-0936,70,113.22,2,0,17,4.1,13.1,quarterly,digital_wallet,center,1,0,0
ALT-0937,33,62.27,3,0,31,8.8,9.8,quarterly,card,center,0,1,0
ALT-0938,49,67.14,2,1,12,4.9,2.3,annual,card,south,1,0,0
ALT-0939,41,63.02,0,0,26,8.4,3.5,quarterly,bank_transfer,metro,0,0,0
ALT-0940,51,92.11,1,0,35,4.9,5.5,monthly,card,north,1,0,0
ALT-0941,24,77.55,1,0,31,6.0,7.3,monthly,card,south,0,1,0
ALT-0942,26,71.75,3,0,27,4.7,3.1,monthly,digital_wallet,metro,0,0,0
ALT-0943,5,49.57,4,1,28,5.5,13.9,annual,cash,center,1,0,0
ALT-0944,52,74.05,0,1,17,6.9,10.4,annual,card,south,1,0,0
ALT-0945,24,73.89,1,1,31,4.5,7.0,monthly,digital_wallet,metro,1,1,0
ALT-0946,69,109.18,3,1,16,5.8,10.7,annual,digital_wallet,metro,0,1,0
ALT-0947,38,59.97,2,2,17,7.1,9.5,annual,card,center,1,0,0
ALT-0948,51,104.27,5,0,6,8.2,6.7,monthly,cash,metro,0,1,0
ALT-0949,29,68.74,3,1,26,5.5,10.1,quarterly,bank_transfer,north,1,1,0
ALT-0950,37,63.93,0,1,24,4.0,0.0,monthly,card,south,1,0,0
ALT-0951,4,76.66,4,1,19,7.0,16.8,annual,card,south,1,0,0
ALT-0952,48,126.88,3,3,25,9.2,15.3,monthly,card,metro,0,0,0
ALT-0953,39,90.43,2,0,25,5.0,14.3,monthly,digital_wallet,north,0,1,0
ALT-0954,29,80.6,2,3,9,7.0,5.5,monthly,bank_transfer,metro,1,1,0
ALT-0955,44,106.62,4,0,35,7.9,13.6,monthly,bank_transfer,south,1,0,0
ALT-0956,51,91.99,1,2,21,5.3,7.9,annual,cash,south,1,1,0
ALT-0957,29,81.15,0,0,23,5.1,5.4,monthly,digital_wallet,center,0,0,0
ALT-0958,22,70.29,5,0,31,5.3,3.3,monthly,digital_wallet,north,0,0,0
ALT-0959,34,77.8,1,1,12,8.4,4.9,monthly,digital_wallet,north,1,0,0
ALT-0960,62,113.93,3,2,13,5.6,7.6,monthly,bank_transfer,metro,1,1,0
ALT-0961,44,86.79,2,2,13,7.8,11.2,annual,card,metro,0,0,0
ALT-0962,41,76.75,1,0,19,7.5,8.7,monthly,bank_transfer,center,1,0,0
ALT-0963,16,55.68,0,0,32,6.5,2.5,quarterly,card,south,1,0,0
ALT-0964,5,41.14,3,2,11,5.9,9.0,annual,bank_transfer,south,1,0,1
ALT-0965,23,100.94,1,4,25,4.8,15.1,monthly,card,south,1,1,0
ALT-0966,57,104.05,1,1,18,10.0,7.0,monthly,bank_transfer,north,1,0,0
ALT-0967,18,68.27,0,1,8,7.7,13.3,monthly,card,center,0,0,0
ALT-0968,36,112.87,2,2,3,2.9,11.7,monthly,card,metro,1,0,1
ALT-0969,33,48.96,0,0,20,6.2,3.6,annual,cash,north,0,1,0
ALT-0970,12,61.54,0,2,10,5.3,6.6,quarterly,bank_transfer,metro,0,1,0
ALT-0971,20,65.12,3,1,21,6.2,9.5,monthly,bank_transfer,center,1,1,0
ALT-0972,16,81.45,3,1,21,9.9,12.9,quarterly,digital_wallet,metro,1,0,0
ALT-0973,13,54.76,4,2,15,2.8,6.0,quarterly,card,north,1,1,1
ALT-0974,16,62.34,1,1,17,8.3,3.5,monthly,digital_wallet,north,0,0,0
ALT-0975,49,124.84,2,2,27,7.2,22.0,monthly,bank_transfer,center,0,0,0
ALT-0976,14,48.11,3,1,20,9.0,6.9,annual,bank_transfer,metro,1,0,0
ALT-0977,58,128.73,2,1,19,7.0,13.2,monthly,card,metro,1,0,0
ALT-0978,19,94.37,2,1,44,3.9,7.4,monthly,bank_transfer,metro,1,0,0
ALT-0979,43,96.85,2,0,27,5.6,13.2,quarterly,card,south,1,0,0
ALT-0980,3,39.82,1,2,9,3.3,2.7,quarterly,cash,metro,0,1,1
ALT-0981,50,82.78,2,1,19,10.0,0.0,monthly,bank_transfer,south,1,0,0
ALT-0982,49,111.93,2,2,16,6.5,13.7,monthly,card,center,0,1,0
ALT-0983,6,18.5,4,0,18,4.8,1.2,annual,bank_transfer,south,1,1,0
ALT-0984,49,108.2,1,1,17,6.1,11.5,monthly,digital_wallet,metro,1,1,0
ALT-0985,31,49.89,1,0,24,8.1,2.6,quarterly,digital_wallet,metro,1,1,0
ALT-0986,39,94.89,2,1,20,7.2,11.0,monthly,bank_transfer,center,1,0,0
ALT-0987,60,95.44,2,0,19,8.8,2.8,monthly,card,south,1,1,0
ALT-0988,58,115.05,0,3,27,6.6,11.7,annual,digital_wallet,center,1,0,0
ALT-0989,60,99.53,2,1,16,6.3,6.8,monthly,bank_transfer,center,1,1,0
ALT-0990,30,39.17,2,0,13,3.5,1.3,annual,bank_transfer,center,1,0,0
ALT-0991,8,68.73,2,0,23,4.5,7.6,monthly,cash,center,1,1,0
ALT-0992,6,53.51,1,0,14,5.5,8.8,monthly,card,metro,0,0,0
ALT-0993,3,62.88,2,1,33,8.8,12.3,monthly,card,north,1,1,0
ALT-0994,13,61.53,3,1,16,4.5,6.4,annual,card,center,1,0,0
ALT-0995,21,75.16,0,0,19,7.3,12.8,monthly,card,metro,1,1,0
ALT-0996,31,99.52,2,1,20,8.0,13.4,monthly,card,north,1,1,0
ALT-0997,34,94.35,5,2,6,8.0,3.0,monthly,card,center,1,1,1
ALT-0998,69,131.56,3,4,20,5.6,10.0,quarterly,bank_transfer,south,1,1,0
ALT-0999,1,46.9,2,0,5,4.9,12.8,quarterly,card,center,1,0,0
ALT-1000,36,79.92,0,1,25,5.3,3.6,monthly,digital_wallet,north,1,1,0
ALT-1001,26,99.11,2,0,17,6.1,17.8,monthly,bank_transfer,south,1,1,0
ALT-1002,42,80.05,3,1,12,6.5,7.1,monthly,bank_transfer,center,1,1,0
ALT-1003,25,64.42,0,0,22,7.9,3.7,monthly,bank_transfer,center,1,0,0
ALT-1004,32,63.51,3,1,16,6.2,9.0,annual,card,center,0,1,0
ALT-1005,52,103.8,1,0,6,9.2,11.8,monthly,bank_transfer,metro,1,1,0
ALT-1006,31,83.25,4,1,21,6.3,9.3,monthly,digital_wallet,metro,0,1,0
ALT-1007,47,91.7,5,0,22,5.3,9.1,monthly,bank_transfer,south,0,0,0
ALT-1008,39,95.63,1,2,23,4.4,13.3,monthly,card,metro,0,0,0
ALT-1009,58,120.45,3,3,32,10.0,8.3,monthly,digital_wallet,metro,1,1,0
ALT-1010,52,88.55,3,1,12,8.1,11.9,quarterly,bank_transfer,metro,1,0,0
ALT-1011,17,77.28,2,1,8,6.2,7.0,monthly,bank_transfer,metro,0,0,1
ALT-1012,27,71.21,3,2,16,9.3,7.8,annual,bank_transfer,south,0,0,0
ALT-1013,20,48.38,1,0,19,8.9,1.7,monthly,card,metro,1,0,0
ALT-1014,29,80.43,3,0,22,6.5,8.0,quarterly,card,north,1,0,0
ALT-1015,65,123.22,1,1,20,7.9,8.3,monthly,card,south,1,1,0
ALT-1016,21,97.3,3,1,12,6.4,13.5,monthly,bank_transfer,north,1,0,1
ALT-1017,13,79.63,2,0,12,9.6,9.2,monthly,digital_wallet,metro,1,1,0
ALT-1018,53,107.91,4,2,15,6.5,12.1,monthly,bank_transfer,metro,1,1,0
ALT-1019,53,94.15,2,0,13,3.7,12.4,annual,bank_transfer,center,0,1,0
ALT-1020,55,97.59,1,0,22,6.7,7.1,monthly,card,metro,0,0,0
ALT-1021,64,102.01,2,1,18,6.2,5.7,annual,cash,south,1,0,0
ALT-1022,30,84.4,1,1,17,6.7,7.2,monthly,digital_wallet,center,1,1,0
ALT-1023,70,80.73,1,0,16,6.7,0.0,quarterly,card,center,1,1,0
ALT-1024,11,62.58,5,0,30,6.1,0.3,monthly,bank_transfer,center,1,0,0
ALT-1025,13,63.85,4,0,27,6.9,6.3,monthly,bank_transfer,metro,1,0,0
ALT-1026,28,67.92,2,3,16,7.1,6.2,quarterly,digital_wallet,north,1,1,0
ALT-1027,44,77.27,1,2,26,5.8,7.6,annual,card,south,1,0,0
ALT-1028,18,60.44,3,1,27,5.7,5.6,monthly,card,metro,1,0,0
ALT-1029,8,58.77,3,0,22,7.0,6.6,monthly,bank_transfer,metro,1,0,0
ALT-1030,13,55.72,3,0,22,5.1,7.9,monthly,bank_transfer,center,0,1,0
ALT-1031,11,71.12,4,0,26,4.9,10.9,monthly,card,north,1,0,0
ALT-1032,56,97.5,2,0,23,7.5,5.7,annual,digital_wallet,metro,0,1,0
ALT-1033,39,75.63,3,1,27,2.2,5.7,annual,cash,center,1,1,0
ALT-1034,31,65.22,1,2,16,6.3,6.7,annual,card,metro,1,1,0
ALT-1035,54,74.19,2,0,25,5.4,8.6,annual,bank_transfer,north,1,1,0
ALT-1036,34,72.05,2,0,20,7.4,9.4,annual,card,metro,0,0,0
ALT-1037,21,75.51,2,1,12,1.6,5.4,monthly,bank_transfer,metro,0,1,0
ALT-1038,51,105.32,1,2,6,4.5,9.2,monthly,bank_transfer,south,1,0,0
ALT-1039,63,101.5,0,1,18,7.4,2.1,monthly,cash,south,1,0,0
ALT-1040,25,71.81,2,0,4,6.4,7.3,monthly,digital_wallet,metro,1,0,0
ALT-1041,72,100.26,1,1,21,6.6,5.7,monthly,bank_transfer,metro,0,1,0
ALT-1042,6,41.85,0,1,28,6.0,3.2,quarterly,bank_transfer,metro,0,1,0
ALT-1043,60,87.89,0,0,11,5.8,10.1,annual,card,center,1,0,0
ALT-1044,71,111.87,3,0,18,8.3,0.9,monthly,cash,metro,0,1,0
ALT-1045,36,65.93,0,1,19,7.0,7.8,quarterly,digital_wallet,center,1,0,0
ALT-1046,32,78.74,4,0,33,4.7,9.8,monthly,card,north,0,1,0
ALT-1047,33,76.82,4,1,25,7.0,8.0,annual,card,south,1,0,0
ALT-1048,48,99.23,1,1,19,6.8,10.7,monthly,card,metro,1,1,0
ALT-1049,64,98.93,1,1,19,5.5,4.4,quarterly,digital_wallet,south,1,0,0
ALT-1050,4,27.5,1,0,31,3.5,5.9,annual,card,north,0,0,0
ALT-1051,20,82.22,3,1,23,3.2,13.6,monthly,bank_transfer,south,0,0,1
ALT-1052,2,49.51,0,0,19,5.8,12.8,monthly,bank_transfer,north,1,0,0
ALT-1053,21,87.17,3,1,13,7.4,11.3,monthly,cash,metro,1,1,0
ALT-1054,32,86.59,2,0,17,6.6,11.9,quarterly,cash,south,1,1,0
ALT-1055,61,96.92,2,2,17,7.2,6.8,annual,cash,center,0,1,0
ALT-1056,1,64.56,0,0,24,3.4,14.5,monthly,cash,south,1,1,0
ALT-1057,66,99.0,5,2,12,6.2,3.5,quarterly,card,north,1,1,0
ALT-1058,31,100.99,4,2,26,6.9,11.9,monthly,cash,metro,1,0,1
ALT-1059,36,89.8,1,0,27,6.2,13.6,monthly,bank_transfer,south,0,1,0
ALT-1060,9,74.0,2,1,19,8.7,10.0,monthly,digital_wallet,south,1,1,0
ALT-1061,38,99.07,1,1,12,6.3,8.0,monthly,card,center,1,0,0
ALT-1062,10,49.35,3,1,18,3.9,4.4,monthly,card,south,1,0,1
ALT-1063,54,98.68,2,1,27,4.8,11.0,monthly,card,metro,0,0,0
ALT-1064,58,88.37,3,3,20,4.6,4.7,annual,cash,center,1,0,0
ALT-1065,40,66.08,4,0,5,4.8,4.0,annual,digital_wallet,south,1,0,0
ALT-1066,26,67.78,0,0,29,6.8,8.3,quarterly,card,center,1,0,0
ALT-1067,25,78.78,0,0,11,7.2,10.4,monthly,bank_transfer,center,1,0,0
ALT-1068,55,101.15,1,1,11,6.0,5.3,monthly,cash,metro,1,0,0
ALT-1069,52,103.43,2,1,13,5.8,15.1,monthly,card,metro,1,0,0
ALT-1070,35,70.38,0,1,22,8.3,10.4,annual,card,metro,1,0,0
ALT-1071,22,58.79,7,0,12,7.4,9.7,annual,card,metro,1,0,1
ALT-1072,12,48.83,1,0,12,3.1,9.2,annual,card,metro,0,0,0
ALT-1073,40,57.45,3,0,34,6.1,5.1,annual,card,metro,1,0,0
ALT-1074,11,61.21,3,1,18,9.4,11.4,quarterly,cash,north,1,0,0
ALT-1075,46,92.91,4,1,3,5.9,5.2,quarterly,card,center,0,0,0
ALT-1076,67,130.49,1,1,17,6.6,13.2,monthly,card,south,0,0,0
ALT-1077,38,91.83,3,1,11,10.0,12.2,monthly,cash,metro,0,0,0
ALT-1078,34,79.43,0,2,20,6.8,6.8,monthly,bank_transfer,metro,1,0,0
ALT-1079,57,110.29,4,2,29,5.8,5.4,monthly,cash,center,0,0,0
ALT-1080,19,52.27,1,2,34,3.4,0.5,monthly,card,metro,0,1,0
ALT-1081,16,84.57,4,2,15,9.1,8.6,monthly,card,center,1,0,1
ALT-1082,19,63.22,1,2,20,5.0,8.8,monthly,card,center,0,0,0
ALT-1083,35,80.63,1,0,34,9.8,7.5,monthly,card,metro,1,1,0
ALT-1084,16,98.9,6,2,19,7.3,14.2,monthly,bank_transfer,south,1,1,1
ALT-1085,18,55.19,2,1,19,8.4,9.1,monthly,card,center,1,0,0
ALT-1086,72,117.43,3,1,17,10.0,17.0,annual,digital_wallet,north,0,0,0
ALT-1087,56,104.28,0,3,7,8.8,8.0,monthly,bank_transfer,center,0,1,0
ALT-1088,51,112.51,4,1,15,5.0,8.1,monthly,card,center,1,0,0
ALT-1089,69,100.46,2,0,24,4.1,13.0,monthly,bank_transfer,north,0,1,0
ALT-1090,22,71.42,0,0,18,6.3,8.1,annual,cash,metro,0,0,0
ALT-1091,34,70.11,3,0,28,6.2,2.8,monthly,bank_transfer,center,1,1,0
ALT-1092,28,71.89,2,1,10,5.7,0.8,monthly,bank_transfer,north,1,1,0
ALT-1093,16,24.86,1,0,22,9.5,0.2,annual,card,north,1,1,0
ALT-1094,12,33.81,1,1,18,6.4,2.6,quarterly,bank_transfer,south,1,0,0
ALT-1095,23,107.96,1,0,23,7.9,15.8,monthly,cash,center,1,0,0
ALT-1096,53,104.9,5,2,9,5.7,3.9,monthly,card,center,1,0,1
ALT-1097,70,123.8,5,1,24,6.4,11.7,quarterly,card,center,0,0,0
ALT-1098,27,80.2,2,2,3,5.2,12.1,monthly,bank_transfer,south,1,0,1
ALT-1099,69,93.88,1,1,26,7.5,4.8,quarterly,digital_wallet,center,0,0,0
ALT-1100,45,107.87,1,1,18,3.7,13.5,monthly,card,center,1,1,0
ALT-1101,64,112.97,2,2,21,6.6,6.2,monthly,card,south,1,1,0
ALT-1102,42,105.53,2,1,12,6.1,15.0,monthly,card,metro,1,0,0
ALT-1103,15,47.71,0,1,30,5.1,3.0,quarterly,card,south,1,1,0
ALT-1104,42,80.67,0,0,20,7.8,16.1,annual,bank_transfer,south,0,1,0
ALT-1105,36,81.83,0,3,26,6.4,6.5,monthly,cash,north,1,0,0
ALT-1106,61,96.64,4,2,15,6.2,6.2,quarterly,bank_transfer,south,1,1,0
ALT-1107,34,91.02,3,1,10,7.6,3.5,monthly,cash,metro,1,0,1
ALT-1108,21,90.04,3,0,27,4.6,15.6,monthly,bank_transfer,south,0,0,0
ALT-1109,62,115.32,1,1,8,7.8,12.3,annual,cash,south,0,0,0
ALT-1110,47,81.36,0,1,11,5.8,6.6,monthly,bank_transfer,south,1,0,0
ALT-1111,55,96.7,5,2,14,7.1,8.6,monthly,card,center,1,0,0
ALT-1112,3,60.66,4,2,27,7.5,5.4,monthly,card,metro,0,0,1
ALT-1113,39,72.06,3,2,10,8.5,4.0,quarterly,card,south,0,1,0
ALT-1114,40,87.94,2,1,17,6.4,10.7,quarterly,card,metro,1,1,0
ALT-1115,59,92.05,1,1,15,8.2,7.4,monthly,card,south,1,1,0
ALT-1116,43,60.22,2,0,19,8.8,1.6,quarterly,card,center,1,0,0
ALT-1117,50,98.46,2,0,16,4.7,4.4,monthly,card,metro,1,1,0
ALT-1118,53,93.31,1,2,21,4.7,10.9,quarterly,card,metro,1,0,0
ALT-1119,55,120.71,2,2,13,7.0,14.0,monthly,card,center,0,1,0
ALT-1120,54,121.32,3,0,17,7.3,20.2,monthly,bank_transfer,center,0,1,0
ALT-1121,38,104.86,4,3,26,10.0,10.3,monthly,card,metro,1,1,0
ALT-1122,43,63.73,1,0,14,5.0,1.9,quarterly,card,metro,1,0,0
ALT-1123,49,97.31,2,2,16,7.4,7.8,monthly,digital_wallet,metro,1,0,0
ALT-1124,60,102.75,3,0,22,8.9,11.9,monthly,card,metro,0,0,0
ALT-1125,71,100.56,3,2,14,2.7,5.8,quarterly,digital_wallet,center,1,0,0
ALT-1126,40,74.21,0,1,13,6.1,3.8,monthly,card,metro,1,0,0
ALT-1127,24,65.22,0,0,16,5.9,11.2,monthly,bank_transfer,metro,1,0,0
ALT-1128,48,85.41,0,1,22,6.9,5.7,annual,card,north,1,0,0
ALT-1129,30,102.02,2,1,16,8.1,9.9,monthly,cash,metro,1,0,0
ALT-1130,54,99.13,1,0,9,5.0,6.0,monthly,bank_transfer,north,1,1,0
ALT-1131,2,26.8,2,0,12,9.4,4.7,annual,digital_wallet,north,0,1,0
ALT-1132,34,73.86,3,3,23,8.4,0.0,monthly,card,center,0,0,1
ALT-1133,38,83.51,2,1,12,5.6,5.5,monthly,card,metro,1,0,0
ALT-1134,48,93.9,4,2,20,7.7,6.3,monthly,bank_transfer,south,0,0,0
ALT-1135,68,108.77,2,0,30,7.9,8.8,monthly,bank_transfer,south,1,0,0
ALT-1136,8,34.69,2,0,21,8.8,0.5,annual,bank_transfer,south,0,0,0
ALT-1137,63,94.97,2,1,1,5.5,3.2,monthly,digital_wallet,south,1,0,0
ALT-1138,17,75.92,3,1,9,4.3,9.8,monthly,cash,south,1,1,1
ALT-1139,35,67.84,0,2,11,5.1,1.6,monthly,card,south,1,0,0
ALT-1140,17,66.37,2,2,20,5.5,7.8,monthly,bank_transfer,south,1,1,0
ALT-1141,26,100.9,2,1,12,6.2,9.5,monthly,cash,south,1,0,1
ALT-1142,3,46.34,1,2,20,4.7,5.2,monthly,digital_wallet,south,1,1,0
ALT-1143,29,43.97,0,0,27,6.7,0.0,annual,digital_wallet,metro,1,1,0
ALT-1144,30,76.58,1,1,30,7.8,10.1,quarterly,card,south,1,0,0
ALT-1145,47,117.84,4,2,28,7.8,11.3,monthly,bank_transfer,north,1,0,0
ALT-1146,43,90.43,2,1,14,10.0,5.3,monthly,cash,south,1,1,0
ALT-1147,14,59.91,4,0,20,6.3,7.5,monthly,card,metro,0,0,1
ALT-1148,36,79.61,2,3,17,4.5,10.7,quarterly,cash,center,1,1,0
ALT-1149,45,69.55,1,4,33,4.3,5.2,annual,digital_wallet,north,0,0,0
ALT-1150,70,119.05,4,1,22,7.0,4.9,monthly,bank_transfer,center,1,1,0
ALT-1151,20,85.39,2,0,21,5.5,12.4,monthly,digital_wallet,south,1,0,0
ALT-1152,7,68.53,6,1,11,3.8,6.9,monthly,cash,metro,0,0,1
ALT-1153,9,61.44,0,1,21,7.2,10.7,monthly,card,metro,0,0,0
ALT-1154,34,68.29,4,0,27,4.7,0.0,monthly,card,north,1,1,0
ALT-1155,37,89.18,1,1,14,5.8,5.2,quarterly,card,north,0,1,0
ALT-1156,54,104.52,3,1,27,8.9,9.2,quarterly,card,center,1,0,0
ALT-1157,18,72.98,2,1,22,4.7,8.5,monthly,bank_transfer,north,1,0,0
ALT-1158,54,84.56,2,1,17,4.0,0.0,monthly,digital_wallet,center,1,1,0
ALT-1159,29,74.12,2,2,21,3.6,12.2,monthly,card,south,1,1,0
ALT-1160,67,121.86,6,1,23,5.5,7.6,monthly,digital_wallet,metro,1,1,0
ALT-1161,62,95.9,3,0,6,4.3,1.3,quarterly,card,north,1,0,0
ALT-1162,27,75.12,2,2,27,4.0,5.3,quarterly,bank_transfer,north,1,1,0
ALT-1163,51,75.47,2,0,22,5.0,0.1,quarterly,bank_transfer,metro,1,1,0
ALT-1164,62,113.63,2,0,14,5.0,12.0,monthly,digital_wallet,north,1,0,0
ALT-1165,43,85.21,1,1,20,4.4,6.8,monthly,cash,center,0,0,0
ALT-1166,2,49.51,1,1,25,10.0,9.1,monthly,card,north,1,1,0
ALT-1167,58,107.9,0,3,35,10.0,6.2,monthly,card,metro,1,1,0
ALT-1168,52,89.62,4,2,16,5.8,9.7,annual,digital_wallet,south,0,0,0
ALT-1169,46,56.13,1,1,27,5.4,6.1,annual,bank_transfer,center,0,1,0
ALT-1170,72,100.6,1,1,16,6.2,7.7,quarterly,card,center,1,0,0
ALT-1171,54,94.23,0,1,8,4.5,7.6,monthly,digital_wallet,south,0,1,0
ALT-1172,4,63.69,1,1,13,4.5,12.8,monthly,bank_transfer,south,1,1,0
ALT-1173,46,58.16,1,0,21,5.5,4.4,annual,card,south,0,1,0
ALT-1174,47,93.56,2,4,28,5.7,6.7,monthly,card,metro,1,0,0
ALT-1175,51,98.55,4,2,11,8.1,9.2,monthly,bank_transfer,metro,0,0,1
ALT-1176,22,56.87,6,0,13,5.7,10.6,annual,bank_transfer,north,0,0,1
ALT-1177,41,117.75,3,1,28,6.5,13.1,monthly,bank_transfer,center,1,1,0
ALT-1178,9,54.02,4,1,13,5.3,12.4,annual,card,center,1,1,0
ALT-1179,63,126.93,3,4,19,9.9,10.7,monthly,bank_transfer,center,0,0,0
ALT-1180,35,87.37,0,1,18,10.0,11.6,monthly,digital_wallet,north,1,0,0
ALT-1181,41,93.04,6,0,17,8.5,13.2,monthly,bank_transfer,metro,0,0,0
ALT-1182,11,85.69,4,2,18,7.7,9.0,monthly,digital_wallet,metro,1,0,1
ALT-1183,31,110.06,4,3,14,2.9,10.5,monthly,cash,north,0,1,1
ALT-1184,54,110.27,2,2,22,7.2,8.7,monthly,card,north,1,0,0
ALT-1185,35,65.63,0,0,26,9.3,2.9,monthly,bank_transfer,metro,1,1,0
ALT-1186,1,79.02,2,0,8,2.6,18.6,monthly,digital_wallet,south,1,1,1
ALT-1187,37,78.26,5,0,20,7.6,8.0,monthly,digital_wallet,north,1,1,0
ALT-1188,59,74.17,3,2,31,10.0,7.6,annual,bank_transfer,metro,1,0,0
ALT-1189,34,80.64,1,1,19,6.4,7.0,monthly,digital_wallet,south,1,0,0
ALT-1190,55,89.1,2,0,16,6.7,8.5,monthly,card,north,1,1,0
ALT-1191,71,136.59,3,2,13,10.0,16.4,monthly,card,center,1,1,0
ALT-1192,33,78.56,0,0,13,9.1,8.5,quarterly,cash,north,0,1,0
ALT-1193,63,120.98,0,0,17,1.4,13.4,monthly,card,center,0,0,0
ALT-1194,64,102.74,1,2,14,4.6,5.7,monthly,bank_transfer,south,0,1,0
ALT-1195,45,102.08,2,1,21,8.5,10.5,monthly,card,metro,0,0,0
ALT-1196,46,86.73,1,0,16,3.2,9.3,quarterly,cash,south,0,1,0
ALT-1197,43,87.6,1,2,19,4.4,7.7,monthly,card,center,0,1,0
ALT-1198,37,85.96,4,2,11,5.0,11.8,quarterly,card,metro,1,0,0
ALT-1199,25,75.94,4,1,10,4.8,8.4,monthly,digital_wallet,north,1,1,0
ALT-1200,26,47.35,1,2,18,4.7,13.3,annual,card,center,1,0,0
ALT-1201,70,119.59,3,0,6,5.7,8.6,monthly,digital_wallet,metro,0,1,0
ALT-1202,6,62.07,2,0,26,4.2,9.0,monthly,card,center,1,1,0
ALT-1203,28,74.29,4,0,22,1.0,1.1,monthly,bank_transfer,south,1,0,0
ALT-1204,8,58.22,5,4,12,6.9,6.8,monthly,card,metro,0,1,1
ALT-1205,30,77.47,2,1,25,8.0,7.9,quarterly,bank_transfer,center,1,1,0
ALT-1206,67,111.71,3,0,20,6.1,6.7,monthly,digital_wallet,metro,1,0,0
ALT-1207,60,134.37,3,2,18,7.2,17.0,monthly,card,metro,1,0,0
ALT-1208,29,82.39,1,0,22,9.0,14.1,monthly,card,center,1,1,0
ALT-1209,2,38.58,4,0,14,7.3,10.0,monthly,card,north,1,1,0
ALT-1210,68,104.74,4,0,22,6.3,8.6,annual,cash,north,1,1,0
ALT-1211,53,94.3,2,1,27,9.3,12.9,annual,card,south,0,0,0
ALT-1212,48,80.92,0,0,14,8.6,5.5,quarterly,card,center,1,0,0
ALT-1213,69,99.51,0,1,28,6.1,5.6,annual,cash,south,1,0,0
ALT-1214,38,98.35,1,1,19,7.9,14.7,monthly,cash,south,0,0,0
ALT-1215,37,86.63,2,2,16,7.3,13.5,monthly,card,south,1,0,0
ALT-1216,48,98.87,6,1,16,10.0,9.4,monthly,card,north,1,0,0
ALT-1217,23,88.94,2,3,15,9.7,8.6,monthly,card,center,1,0,0
ALT-1218,37,94.15,1,0,15,7.3,8.1,monthly,digital_wallet,center,1,1,0
ALT-1219,50,72.42,3,1,27,8.2,8.5,annual,card,south,1,0,0
ALT-1220,6,76.07,1,3,25,3.0,17.9,monthly,bank_transfer,north,1,1,0
ALT-1221,45,119.07,3,1,24,6.5,11.3,monthly,digital_wallet,south,1,0,0
ALT-1222,39,96.97,9,2,31,6.6,8.4,monthly,bank_transfer,south,0,1,1
ALT-1223,6,62.65,2,0,29,7.3,13.7,quarterly,bank_transfer,metro,0,1,0
ALT-1224,10,75.13,3,2,26,5.5,9.9,monthly,card,metro,1,0,1
ALT-1225,50,102.35,1,0,27,6.5,13.4,monthly,card,center,0,1,0
ALT-1226,34,78.08,3,0,8,7.2,7.5,monthly,card,center,0,0,0
ALT-1227,42,98.39,0,1,12,5.5,11.8,monthly,bank_transfer,south,0,1,0
ALT-1228,40,69.21,1,0,16,6.1,8.6,annual,card,south,1,0,0
ALT-1229,54,107.05,1,2,21,5.7,16.9,monthly,card,center,1,1,0
ALT-1230,66,119.34,1,2,29,8.4,13.5,monthly,bank_transfer,metro,1,1,0
ALT-1231,16,46.88,3,0,17,8.9,7.5,annual,card,center,1,0,0
ALT-1232,64,117.45,0,1,29,10.0,9.0,monthly,card,south,0,0,0
ALT-1233,25,72.86,1,0,19,6.5,9.5,monthly,digital_wallet,metro,1,0,0
ALT-1234,50,97.3,3,2,23,10.0,6.3,monthly,digital_wallet,metro,1,1,0
ALT-1235,17,52.48,1,1,17,4.9,6.7,quarterly,bank_transfer,south,0,0,0
ALT-1236,29,91.13,2,2,30,3.7,10.3,monthly,card,north,0,0,0
ALT-1237,5,66.45,3,4,32,6.4,13.1,monthly,card,metro,1,1,1
ALT-1238,68,123.24,3,0,15,7.2,14.1,monthly,card,south,1,1,0
ALT-1239,50,87.63,3,0,14,3.7,6.8,monthly,card,metro,1,0,0
ALT-1240,43,99.69,2,2,24,5.9,8.8,monthly,digital_wallet,metro,0,0,0
ALT-1241,55,86.46,1,2,15,6.7,13.1,annual,card,metro,1,1,0
ALT-1242,13,66.71,3,1,20,5.4,11.0,monthly,card,south,0,0,1
ALT-1243,13,66.57,3,0,31,6.1,11.1,monthly,card,south,1,0,0
ALT-1244,59,102.31,0,1,16,6.9,10.6,monthly,bank_transfer,metro,1,0,0
ALT-1245,58,80.55,1,0,24,8.8,8.8,annual,bank_transfer,north,0,1,0
ALT-1246,38,85.96,4,0,26,7.9,9.4,monthly,card,north,1,0,0
ALT-1247,56,76.88,0,2,17,7.5,6.2,annual,digital_wallet,center,0,1,0
ALT-1248,47,99.02,3,1,28,3.4,9.0,quarterly,bank_transfer,south,1,1,0
ALT-1249,17,55.05,1,1,34,6.5,8.9,annual,digital_wallet,center,1,0,0
ALT-1250,32,94.39,3,0,9,8.9,13.2,monthly,card,south,0,1,0
ALT-1251,59,117.8,1,1,27,7.0,8.9,monthly,card,center,0,0,0
ALT-1252,1,53.21,4,0,20,7.7,13.2,monthly,bank_transfer,metro,0,0,1
ALT-1253,20,58.27,3,0,22,4.9,8.2,quarterly,bank_transfer,metro,0,0,0
ALT-1254,14,57.98,1,1,25,4.6,5.4,monthly,card,metro,1,1,0
ALT-1255,21,80.63,2,1,22,5.5,13.2,monthly,card,metro,1,0,0
ALT-1256,8,55.4,3,2,22,9.4,4.9,monthly,bank_transfer,metro,0,1,0
ALT-1257,57,81.8,1,0,32,6.7,4.9,monthly,digital_wallet,south,1,1,0
ALT-1258,19,43.22,2,0,8,9.7,6.3,annual,bank_transfer,north,0,1,0
ALT-1259,64,121.28,4,1,13,5.0,11.2,monthly,cash,metro,1,1,0
ALT-1260,44,83.28,1,2,22,3.2,0.0,monthly,bank_transfer,metro,1,0,0
ALT-1261,55,102.1,3,1,14,6.2,5.6,monthly,digital_wallet,south,0,0,0
ALT-1262,15,82.56,4,0,17,5.5,7.6,monthly,card,south,0,0,1
ALT-1263,8,43.66,1,1,6,8.6,1.1,monthly,card,north,1,1,0
ALT-1264,35,71.48,2,0,30,9.5,5.9,annual,bank_transfer,south,1,0,0
ALT-1265,53,121.57,1,1,24,9.4,9.2,monthly,digital_wallet,center,1,0,0
ALT-1266,11,61.71,3,2,19,7.5,9.6,annual,cash,metro,0,0,1
ALT-1267,56,94.73,2,1,21,8.0,6.8,quarterly,bank_transfer,metro,0,1,0
ALT-1268,8,53.27,3,0,24,7.9,5.4,monthly,card,center,0,1,0
ALT-1269,32,71.94,3,0,12,5.3,10.3,quarterly,bank_transfer,metro,0,1,0
ALT-1270,66,99.49,4,0,14,7.0,6.3,quarterly,card,metro,0,1,0
ALT-1271,43,84.22,4,1,23,6.6,0.6,monthly,card,north,1,1,0
ALT-1272,23,58.15,4,1,23,5.4,8.8,annual,bank_transfer,north,1,1,0
ALT-1273,3,71.32,4,0,29,6.0,12.9,monthly,card,center,1,0,0
ALT-1274,17,61.23,1,1,26,5.5,3.7,monthly,digital_wallet,north,1,0,0
ALT-1275,50,112.68,1,2,9,7.9,9.5,monthly,digital_wallet,metro,1,1,0
ALT-1276,12,76.06,2,1,30,8.2,9.1,monthly,card,metro,1,1,0
ALT-1277,47,103.51,5,1,14,8.0,8.3,monthly,bank_transfer,metro,1,1,0
ALT-1278,18,80.35,3,0,18,6.2,15.0,monthly,bank_transfer,center,0,0,0
ALT-1279,70,89.85,2,1,25,8.2,6.7,annual,digital_wallet,south,1,1,0
ALT-1280,63,85.78,4,1,21,5.9,4.3,monthly,bank_transfer,metro,1,0,0
ALT-1281,63,102.13,1,0,17,6.1,13.7,monthly,card,metro,1,1,0
ALT-1282,6,73.33,1,2,6,6.4,8.2,monthly,card,center,1,0,1
ALT-1283,9,67.32,6,1,19,8.9,8.0,monthly,bank_transfer,north,1,0,1
ALT-1284,20,50.26,2,0,17,6.3,6.9,annual,bank_transfer,metro,1,0,0
ALT-1285,6,58.43,3,0,31,5.6,12.6,quarterly,bank_transfer,south,1,0,0
ALT-1286,54,96.3,5,2,24,5.0,10.6,monthly,card,metro,1,1,0
ALT-1287,6,65.77,1,0,28,6.2,7.1,monthly,digital_wallet,metro,1,1,0
ALT-1288,43,75.96,3,0,11,3.3,5.8,quarterly,card,north,0,0,0
ALT-1289,66,101.92,1,0,17,7.6,8.3,quarterly,digital_wallet,center,0,1,0
ALT-1290,46,96.16,4,4,32,5.5,6.9,monthly,cash,metro,1,0,1
ALT-1291,45,63.5,4,0,27,1.8,3.3,annual,card,south,0,0,0
ALT-1292,59,113.59,1,1,14,4.0,8.5,monthly,card,metro,0,1,0
ALT-1293,47,94.39,2,2,17,4.9,10.2,monthly,card,south,1,1,0
ALT-1294,10,64.12,2,1,18,5.6,6.7,monthly,card,metro,1,0,0
ALT-1295,9,50.0,1,1,15,5.9,8.7,monthly,bank_transfer,center,0,0,0
ALT-1296,6,55.85,4,0,3,7.8,5.8,monthly,card,north,0,0,1
ALT-1297,6,52.76,2,2,3,6.4,8.9,monthly,bank_transfer,metro,1,0,1
ALT-1298,58,113.53,0,1,20,6.5,5.3,monthly,cash,center,0,1,0
ALT-1299,69,107.98,2,3,5,7.3,5.8,monthly,card,center,1,1,0
ALT-1300,60,86.16,3,1,22,4.9,5.7,annual,bank_transfer,south,0,1,0
ALT-1301,37,93.15,1,0,2,6.4,11.5,monthly,card,north,1,0,0
ALT-1302,62,93.08,0,0,21,6.1,3.0,monthly,bank_transfer,south,1,0,0
ALT-1303,67,92.82,0,1,16,9.1,0.0,quarterly,card,north,0,1,0
ALT-1304,26,73.12,3,1,17,7.0,7.5,monthly,bank_transfer,south,1,0,0
ALT-1305,30,84.31,2,1,17,7.5,8.5,monthly,card,metro,1,0,0
ALT-1306,50,96.21,2,1,29,7.0,4.3,monthly,card,north,1,0,0
ALT-1307,69,102.89,4,0,21,8.1,7.9,monthly,card,metro,0,0,0
ALT-1308,45,79.38,1,1,11,8.9,6.3,monthly,card,metro,1,1,0
ALT-1309,65,124.52,1,3,20,6.8,6.1,monthly,card,north,1,0,0
ALT-1310,43,71.11,2,0,15,5.0,2.3,quarterly,digital_wallet,metro,1,0,0
ALT-1311,53,94.15,6,1,14,6.3,0.0,monthly,bank_transfer,center,0,0,1
ALT-1312,61,119.95,2,1,29,4.0,0.1,monthly,digital_wallet,south,0,0,0
ALT-1313,7,64.23,2,2,34,3.4,13.0,monthly,card,metro,1,0,0
ALT-1314,60,117.86,4,0,29,6.3,5.2,monthly,bank_transfer,metro,0,0,0
ALT-1315,8,60.39,0,0,24,7.3,13.4,quarterly,bank_transfer,south,1,1,0
ALT-1316,1,66.14,4,0,24,5.8,9.7,monthly,card,metro,1,1,0
ALT-1317,2,76.55,3,1,24,7.7,9.8,monthly,cash,metro,1,0,1
ALT-1318,35,72.46,0,2,25,10.0,3.3,monthly,bank_transfer,center,1,0,0
ALT-1319,41,89.52,3,0,18,8.6,8.4,monthly,digital_wallet,north,1,1,0
ALT-1320,61,82.94,1,0,18,5.1,5.2,quarterly,bank_transfer,metro,1,1,0
ALT-1321,61,107.95,1,2,22,5.4,9.1,monthly,digital_wallet,north,0,1,0
ALT-1322,40,54.8,2,0,20,6.5,3.2,annual,digital_wallet,metro,1,1,0
ALT-1323,1,30.98,1,0,3,2.5,0.0,monthly,card,metro,1,0,1
ALT-1324,16,57.2,0,0,1,6.4,3.3,monthly,card,center,1,1,0
ALT-1325,28,73.12,2,0,23,6.2,4.1,monthly,card,metro,1,0,0
ALT-1326,9,54.97,0,0,9,9.1,6.9,monthly,bank_transfer,metro,0,1,0
ALT-1327,59,116.85,1,0,24,6.0,14.0,monthly,bank_transfer,center,1,0,0
ALT-1328,63,118.4,1,0,15,6.0,7.7,monthly,card,south,0,1,0
ALT-1329,22,77.69,5,1,13,7.2,13.8,quarterly,digital_wallet,center,0,1,0
ALT-1330,65,105.9,2,1,19,7.3,8.1,monthly,card,north,1,1,0
ALT-1331,28,64.21,2,1,20,7.3,4.8,monthly,cash,north,1,1,0
ALT-1332,57,88.01,2,0,9,4.6,12.0,annual,digital_wallet,south,1,1,0
ALT-1333,4,51.17,0,2,14,5.4,12.4,monthly,card,north,1,0,0
ALT-1334,34,79.19,1,1,16,7.6,11.6,annual,digital_wallet,metro,1,0,0
ALT-1335,52,95.1,2,2,18,6.7,6.6,monthly,bank_transfer,south,1,1,0
ALT-1336,8,46.35,1,0,23,6.2,2.5,quarterly,bank_transfer,metro,1,0,0
ALT-1337,64,125.49,0,0,22,4.5,15.4,monthly,card,center,1,0,0
ALT-1338,3,56.33,3,1,23,5.6,5.1,monthly,digital_wallet,north,0,1,0
ALT-1339,28,78.86,3,0,28,8.2,7.8,monthly,digital_wallet,south,1,0,0
ALT-1340,4,39.69,1,0,24,10.0,3.4,quarterly,cash,metro,1,0,0
ALT-1341,7,45.58,1,0,22,9.5,4.2,monthly,card,center,1,0,0
ALT-1342,18,43.26,1,0,36,4.6,8.6,quarterly,cash,metro,0,0,0
ALT-1343,13,55.56,2,3,17,8.1,7.3,annual,bank_transfer,south,1,1,0
ALT-1344,11,70.48,4,1,20,6.2,13.0,annual,digital_wallet,south,0,0,1
ALT-1345,58,85.63,3,0,12,3.6,1.1,quarterly,bank_transfer,metro,0,0,0
ALT-1346,32,84.62,1,0,10,7.5,13.2,quarterly,bank_transfer,north,0,0,0
ALT-1347,5,41.71,1,0,23,6.9,7.0,monthly,digital_wallet,metro,0,0,0
ALT-1348,22,93.85,5,3,24,7.4,7.9,monthly,bank_transfer,metro,1,1,1
ALT-1349,65,123.27,1,1,34,4.5,11.6,quarterly,card,metro,1,1,0
ALT-1350,20,62.53,1,1,20,3.1,5.5,monthly,bank_transfer,metro,1,0,0
ALT-1351,9,42.45,2,0,20,6.0,0.0,monthly,digital_wallet,center,0,1,0
ALT-1352,70,103.29,1,0,10,7.1,3.0,monthly,card,south,1,0,0
ALT-1353,2,76.49,4,0,22,7.8,9.0,monthly,cash,metro,1,0,1
ALT-1354,25,78.22,2,0,20,5.7,5.2,monthly,bank_transfer,center,0,0,0
ALT-1355,50,89.03,3,1,18,5.2,6.1,monthly,card,center,1,0,0
ALT-1356,25,71.27,1,0,17,5.9,13.0,quarterly,digital_wallet,south,1,0,0
ALT-1357,69,106.38,0,1,10,4.1,4.0,annual,cash,south,0,0,0
ALT-1358,35,70.02,2,1,14,6.5,7.2,monthly,bank_transfer,metro,0,0,0
ALT-1359,14,55.89,2,1,24,6.9,14.2,annual,digital_wallet,center,1,1,0
ALT-1360,41,109.7,3,0,14,5.9,9.7,monthly,digital_wallet,south,1,0,0
ALT-1361,27,73.62,1,2,23,7.3,7.3,quarterly,card,center,0,0,0
ALT-1362,30,92.6,2,1,16,7.6,12.1,monthly,bank_transfer,center,0,0,0
ALT-1363,28,84.63,4,4,14,7.2,11.2,monthly,digital_wallet,north,1,0,1
ALT-1364,72,113.07,7,0,34,7.9,12.3,monthly,card,metro,1,1,0
ALT-1365,38,95.08,2,1,23,7.8,11.1,quarterly,card,metro,1,1,0
ALT-1366,34,107.1,4,2,21,5.7,12.1,monthly,card,south,1,0,1
ALT-1367,31,74.68,4,0,33,7.2,12.6,monthly,bank_transfer,south,0,0,0
ALT-1368,28,65.25,5,3,21,7.7,3.9,annual,card,metro,1,1,0
ALT-1369,29,76.06,6,0,15,6.1,1.9,monthly,cash,center,1,1,1
ALT-1370,22,59.49,2,2,20,8.6,4.2,annual,bank_transfer,center,0,0,0
ALT-1371,10,48.83,3,3,15,7.9,10.7,annual,card,north,1,1,0
ALT-1372,16,56.68,1,1,16,8.2,8.2,monthly,digital_wallet,north,0,0,0
ALT-1373,1,42.87,4,0,20,4.1,7.5,monthly,bank_transfer,north,1,1,0
ALT-1374,64,113.29,0,1,32,4.0,4.3,monthly,card,south,0,0,0
ALT-1375,48,109.23,5,1,1,7.5,6.5,monthly,bank_transfer,metro,0,0,1
ALT-1376,22,57.58,0,0,15,9.2,0.5,monthly,digital_wallet,north,1,1,0
ALT-1377,13,77.49,1,1,34,7.4,9.6,quarterly,cash,metro,1,0,0
ALT-1378,6,43.39,0,1,1,5.9,5.5,quarterly,bank_transfer,north,0,1,0
ALT-1379,38,93.13,2,3,32,7.0,8.1,monthly,bank_transfer,metro,1,1,0
ALT-1380,29,72.74,4,0,16,9.1,7.8,monthly,card,metro,0,0,0
ALT-1381,4,74.09,3,0,14,10.0,11.6,monthly,cash,south,1,0,1
ALT-1382,37,101.0,1,1,28,7.4,8.9,monthly,bank_transfer,north,1,0,0
ALT-1383,55,77.78,2,2,21,5.3,5.8,annual,bank_transfer,metro,0,0,0
ALT-1384,41,81.97,1,1,15,7.8,6.8,monthly,bank_transfer,center,0,0,0
ALT-1385,55,102.88,2,2,14,7.8,7.0,monthly,digital_wallet,center,1,0,0
ALT-1386,65,140.54,6,1,15,7.5,14.9,quarterly,digital_wallet,north,0,0,0
ALT-1387,22,74.41,2,2,24,8.5,6.6,monthly,bank_transfer,south,1,0,0
ALT-1388,70,116.12,5,1,20,6.0,13.2,annual,cash,center,0,0,0
ALT-1389,47,116.9,2,4,19,4.3,8.5,quarterly,card,metro,1,0,0
ALT-1390,8,45.82,1,0,26,9.5,10.6,quarterly,cash,north,0,1,0
ALT-1391,34,70.28,0,2,16,6.3,3.8,monthly,card,center,0,0,0
ALT-1392,41,90.66,0,1,23,3.8,13.5,monthly,card,metro,1,1,0
ALT-1393,34,98.27,3,2,24,4.8,7.4,monthly,card,center,1,1,0
ALT-1394,64,129.97,5,3,12,9.8,10.4,monthly,cash,metro,1,1,0
ALT-1395,47,108.31,2,1,26,6.1,8.5,monthly,cash,metro,1,0,0
ALT-1396,40,67.74,0,2,22,4.0,6.3,quarterly,card,south,1,0,0
ALT-1397,45,89.87,5,0,16,9.0,10.3,monthly,card,metro,1,0,0
ALT-1398,32,77.56,1,1,30,5.4,10.4,quarterly,card,south,1,1,0
ALT-1399,72,106.26,5,0,31,7.4,6.4,annual,cash,center,1,1,0
ALT-1400,40,94.59,2,0,29,6.6,14.2,monthly,card,north,0,0,0
ALT-1401,45,70.5,2,2,18,9.0,2.5,annual,card,north,0,0,0
ALT-1402,34,79.35,0,0,9,7.0,11.9,monthly,card,south,0,0,0
ALT-1403,72,97.97,1,1,19,10.0,3.5,monthly,card,center,0,0,0
ALT-1404,54,86.18,0,1,23,5.1,7.7,quarterly,digital_wallet,center,0,0,0
ALT-1405,10,32.27,4,0,20,1.0,2.3,quarterly,card,metro,1,0,0
ALT-1406,62,118.71,2,0,21,5.2,11.7,quarterly,card,south,0,1,0
ALT-1407,51,95.36,0,0,18,6.4,7.4,monthly,bank_transfer,metro,1,0,0
ALT-1408,42,106.61,4,4,4,6.0,8.4,monthly,digital_wallet,north,1,0,1
ALT-1409,27,78.25,3,1,19,6.3,7.0,monthly,bank_transfer,center,1,0,0
ALT-1410,53,110.05,2,1,19,5.6,10.9,monthly,card,center,0,0,0
ALT-1411,70,136.53,0,1,19,8.4,16.9,monthly,card,metro,1,1,0
ALT-1412,10,58.91,2,1,34,2.6,3.6,monthly,cash,metro,1,1,0
ALT-1413,4,71.48,3,4,8,5.1,7.2,monthly,card,south,0,0,1
ALT-1414,33,82.71,1,1,8,9.3,12.0,quarterly,card,metro,1,1,0
ALT-1415,63,112.77,0,2,10,6.4,8.0,monthly,card,south,1,0,0
ALT-1416,13,55.2,3,0,21,6.5,6.1,monthly,card,south,1,1,0
ALT-1417,40,92.19,3,4,20,4.9,11.4,quarterly,bank_transfer,metro,0,1,0
ALT-1418,12,69.16,6,2,8,7.0,2.8,monthly,card,metro,0,0,1
ALT-1419,14,59.0,1,0,10,6.5,10.0,quarterly,card,south,1,0,0
ALT-1420,62,115.76,3,3,21,8.6,8.9,monthly,card,north,1,1,0
ALT-1421,38,91.28,2,0,21,7.6,9.8,monthly,bank_transfer,south,1,0,0
ALT-1422,54,103.94,1,4,11,5.0,11.1,quarterly,digital_wallet,metro,0,0,0
ALT-1423,21,45.23,3,0,33,7.7,2.7,monthly,card,south,1,0,0
ALT-1424,8,64.07,1,1,31,6.3,7.8,monthly,cash,south,1,0,0
ALT-1425,38,59.47,1,2,26,8.6,4.7,annual,card,south,0,0,0
ALT-1426,24,64.76,4,0,23,8.8,8.3,monthly,card,metro,1,0,0
ALT-1427,49,94.2,5,0,12,3.6,14.8,quarterly,bank_transfer,metro,1,1,0
ALT-1428,24,48.79,2,1,26,6.3,6.6,monthly,card,north,0,1,0
ALT-1429,34,101.86,2,2,14,4.8,9.4,monthly,card,south,0,1,0
ALT-1430,47,94.78,4,1,16,5.9,8.8,monthly,bank_transfer,south,1,0,0
ALT-1431,70,104.69,2,3,23,3.9,3.3,monthly,digital_wallet,north,1,1,0
ALT-1432,8,88.81,5,4,16,8.0,14.1,monthly,card,north,1,1,1
ALT-1433,24,88.69,3,1,28,4.8,9.0,quarterly,card,center,1,1,0
ALT-1434,16,59.88,6,0,15,7.1,5.2,monthly,bank_transfer,metro,1,0,1
ALT-1435,68,100.59,1,4,22,4.4,5.5,monthly,card,metro,1,0,0
ALT-1436,35,57.09,4,0,17,3.3,0.5,annual,card,metro,1,1,0
ALT-1437,22,86.53,3,0,17,6.1,8.9,monthly,bank_transfer,south,0,1,0
ALT-1438,50,93.38,1,0,32,8.6,6.1,monthly,digital_wallet,center,1,1,0
ALT-1439,26,75.38,0,0,15,8.4,15.5,annual,cash,metro,1,1,0
ALT-1440,58,124.91,1,1,28,6.2,17.3,monthly,card,metro,0,1,0
ALT-1441,11,42.5,3,0,15,4.1,6.7,annual,card,center,1,0,0
ALT-1442,12,34.93,2,1,20,5.1,7.3,annual,bank_transfer,center,1,1,0
ALT-1443,9,69.62,2,1,13,7.3,9.8,monthly,card,metro,0,1,0
ALT-1444,11,79.44,2,1,32,5.3,10.8,monthly,card,metro,1,0,0
ALT-1445,56,82.21,2,0,22,6.5,8.3,quarterly,bank_transfer,center,1,0,0
ALT-1446,69,123.7,6,2,11,6.3,7.6,monthly,bank_transfer,metro,0,0,1
ALT-1447,3,66.47,3,2,12,5.8,7.4,monthly,card,metro,1,1,1
ALT-1448,34,69.6,1,1,16,8.4,4.8,monthly,digital_wallet,metro,0,1,0
ALT-1449,33,90.48,4,1,23,4.4,7.8,monthly,card,north,1,0,0
ALT-1450,25,64.84,2,1,11,6.0,3.5,monthly,bank_transfer,south,1,0,0
ALT-1451,39,104.36,2,1,17,8.7,12.1,monthly,card,metro,1,1,0
ALT-1452,36,65.57,3,2,27,4.3,5.4,annual,bank_transfer,north,0,0,0
ALT-1453,21,79.58,2,1,13,8.9,4.5,monthly,card,metro,0,1,0
ALT-1454,69,94.88,1,0,10,6.8,8.4,monthly,bank_transfer,south,1,0,0
ALT-1455,67,90.68,0,0,29,6.0,8.3,monthly,bank_transfer,south,1,1,0
ALT-1456,31,69.76,3,2,27,9.4,9.8,annual,card,south,1,0,0
ALT-1457,4,70.75,2,0,17,2.8,13.4,monthly,bank_transfer,south,1,0,1
ALT-1458,54,89.84,1,0,17,5.0,3.8,monthly,bank_transfer,south,1,1,0
ALT-1459,21,58.9,4,2,19,4.8,6.2,monthly,digital_wallet,north,1,0,1
ALT-1460,10,64.3,3,0,26,5.8,8.8,monthly,bank_transfer,metro,0,1,0
ALT-1461,7,56.77,3,0,8,3.3,7.0,monthly,card,north,1,1,0
ALT-1462,72,117.34,2,3,12,8.1,12.6,annual,cash,south,1,0,0
ALT-1463,28,64.81,0,3,20,6.8,0.0,monthly,bank_transfer,metro,1,1,0
ALT-1464,64,116.82,1,0,15,7.6,8.5,monthly,cash,center,0,1,0
ALT-1465,63,106.86,2,0,16,8.1,4.8,monthly,bank_transfer,south,0,0,0
ALT-1466,18,60.41,0,3,11,6.6,2.9,monthly,card,south,1,0,1
ALT-1467,41,98.2,0,2,19,6.5,17.5,quarterly,card,metro,1,0,0
ALT-1468,5,57.74,2,2,20,5.9,7.0,monthly,digital_wallet,north,0,1,0
ALT-1469,55,111.9,1,0,23,8.9,10.9,monthly,card,south,1,0,0
ALT-1470,13,38.61,2,0,19,3.9,4.8,quarterly,digital_wallet,south,1,0,0
ALT-1471,67,106.56,2,1,23,6.2,7.3,monthly,bank_transfer,north,1,0,0
ALT-1472,41,88.37,3,0,10,6.9,2.7,monthly,digital_wallet,center,0,1,0
ALT-1473,13,47.96,1,0,14,5.9,4.3,monthly,card,south,1,0,0
ALT-1474,69,114.07,2,1,12,4.8,16.5,quarterly,card,center,1,1,0
ALT-1475,58,87.24,2,0,29,5.1,13.6,annual,digital_wallet,south,1,1,0
ALT-1476,63,85.3,1,0,22,5.2,5.5,annual,bank_transfer,metro,1,1,0
ALT-1477,60,101.88,3,1,16,5.8,0.0,monthly,card,metro,1,0,0
ALT-1478,17,83.32,3,0,9,9.1,11.0,monthly,digital_wallet,center,1,0,0
ALT-1479,62,108.29,2,1,10,8.0,2.9,monthly,card,center,0,1,0
ALT-1480,59,88.0,1,0,28,6.4,1.5,monthly,bank_transfer,center,1,0,0
ALT-1481,11,68.86,5,0,25,6.1,13.2,quarterly,card,center,1,1,0
ALT-1482,44,84.05,2,1,17,8.3,8.1,annual,cash,metro,1,0,0
ALT-1483,68,85.9,1,1,13,4.5,0.6,quarterly,card,south,1,1,0
ALT-1484,24,70.75,0,2,12,10.0,10.7,monthly,card,center,1,0,0
ALT-1485,54,92.35,3,2,13,4.6,10.5,annual,card,metro,0,1,0
ALT-1486,2,41.28,0,1,21,7.9,7.8,quarterly,digital_wallet,south,0,0,0
ALT-1487,61,109.67,2,0,19,5.3,9.2,monthly,card,south,0,0,0
ALT-1488,57,106.89,3,0,32,4.4,14.3,monthly,bank_transfer,north,1,0,0
ALT-1489,34,91.18,2,1,15,4.5,12.1,quarterly,digital_wallet,center,1,1,0
ALT-1490,46,74.6,3,1,19,7.6,4.8,quarterly,card,metro,1,0,0
ALT-1491,6,66.89,3,3,16,6.9,5.9,monthly,digital_wallet,south,0,1,1
ALT-1492,30,70.35,2,2,15,5.7,0.0,monthly,digital_wallet,metro,1,0,0
ALT-1493,67,91.62,4,0,30,3.6,0.0,quarterly,digital_wallet,metro,1,0,0
ALT-1494,50,102.03,0,1,26,6.1,8.2,monthly,bank_transfer,metro,0,0,0
ALT-1495,66,84.12,3,0,33,5.5,2.3,monthly,bank_transfer,metro,0,1,0
ALT-1496,43,80.38,4,1,24,7.9,11.3,annual,card,north,0,0,0
ALT-1497,72,105.45,1,0,11,6.6,10.2,annual,bank_transfer,center,0,0,0
ALT-1498,64,123.92,3,2,21,5.6,10.0,monthly,digital_wallet,metro,0,0,0
ALT-1499,29,71.52,3,1,15,9.2,3.9,quarterly,card,metro,1,0,0
ALT-1500,13,47.08,2,1,28,8.7,2.6,quarterly,bank_transfer,metro,0,0,0
ALT-1501,21,68.87,2,1,25,9.9,9.5,monthly,digital_wallet,metro,0,1,0
ALT-1502,18,61.53,1,0,16,2.2,0.0,monthly,card,metro,1,1,0
ALT-1503,6,72.5,1,1,12,8.2,7.8,monthly,bank_transfer,center,0,1,0
ALT-1504,5,62.16,1,1,4,5.7,11.1,monthly,bank_transfer,center,1,1,0
ALT-1505,2,50.62,3,1,18,7.0,6.7,monthly,card,south,1,0,1
ALT-1506,64,91.62,2,1,25,8.5,5.5,quarterly,bank_transfer,metro,1,1,0
ALT-1507,48,95.71,2,2,15,5.5,9.5,monthly,cash,south,0,1,0
ALT-1508,49,94.4,4,1,17,4.1,7.5,monthly,bank_transfer,metro,1,0,0
ALT-1509,16,55.22,4,1,28,5.0,5.0,monthly,card,metro,1,0,0
ALT-1510,27,67.82,3,0,22,6.6,4.7,annual,cash,center,1,0,0
ALT-1511,44,87.52,2,0,9,8.6,8.6,monthly,bank_transfer,south,1,0,0
ALT-1512,34,84.58,1,0,14,8.2,16.2,monthly,card,south,1,0,0
ALT-1513,35,121.71,2,2,18,7.4,15.4,monthly,card,south,0,0,0
ALT-1514,70,70.71,1,0,23,4.1,6.6,annual,bank_transfer,north,0,0,0
ALT-1515,41,72.82,3,0,17,5.2,5.6,quarterly,digital_wallet,south,1,1,0
ALT-1516,28,76.34,1,1,11,3.2,8.5,monthly,bank_transfer,metro,1,0,0
ALT-1517,21,71.21,2,1,24,5.4,7.8,monthly,card,metro,0,1,0
ALT-1518,70,104.83,4,1,23,6.8,13.9,annual,card,metro,0,1,0
ALT-1519,41,82.25,1,1,7,7.4,9.9,monthly,card,south,0,0,0
ALT-1520,39,89.27,2,3,27,7.5,0.0,monthly,card,metro,1,0,0
ALT-1521,4,68.31,1,2,22,10.0,11.7,monthly,card,north,0,0,0
ALT-1522,16,56.94,2,0,15,4.4,7.1,monthly,bank_transfer,metro,1,0,0
ALT-1523,23,68.88,2,1,17,5.9,4.7,monthly,bank_transfer,metro,0,0,0
ALT-1524,6,50.17,1,2,26,8.2,5.8,monthly,digital_wallet,center,1,1,0
ALT-1525,27,79.81,2,1,20,6.8,10.7,monthly,bank_transfer,north,1,1,0
ALT-1526,64,117.9,4,1,12,10.0,11.5,quarterly,cash,south,1,1,0
ALT-1527,63,93.23,1,1,13,4.2,4.9,monthly,bank_transfer,north,0,0,0
ALT-1528,24,61.57,5,0,6,8.2,3.1,monthly,card,north,1,0,1
ALT-1529,31,63.12,1,0,17,6.8,11.4,annual,card,north,1,1,0
ALT-1530,64,94.48,3,0,29,9.1,4.2,monthly,card,south,0,0,0
ALT-1531,63,113.63,1,0,19,5.3,11.3,monthly,bank_transfer,south,1,1,0
ALT-1532,36,94.23,5,1,32,4.7,7.8,monthly,cash,south,1,0,1
ALT-1533,7,67.99,4,0,22,6.8,9.6,monthly,digital_wallet,metro,0,1,0
ALT-1534,42,87.17,5,0,16,8.6,1.0,monthly,card,metro,1,0,0
ALT-1535,30,99.78,5,0,11,5.7,14.4,monthly,card,south,0,1,1
ALT-1536,7,59.59,0,3,10,6.8,14.2,quarterly,digital_wallet,center,0,0,0
ALT-1537,20,48.98,0,1,9,3.7,2.2,quarterly,card,metro,0,1,0
ALT-1538,30,81.52,2,1,24,6.7,8.7,monthly,card,north,1,1,0
ALT-1539,7,75.65,4,1,15,9.4,10.4,monthly,cash,metro,1,1,1
ALT-1540,1,54.45,4,1,18,3.5,6.6,annual,card,south,0,0,1
ALT-1541,8,66.46,3,2,24,7.3,7.8,annual,digital_wallet,north,1,0,0
ALT-1542,45,92.55,2,0,16,7.1,17.7,monthly,card,metro,1,0,0
ALT-1543,61,109.61,4,0,10,6.0,11.8,monthly,cash,north,1,0,0
ALT-1544,69,115.06,1,0,12,8.0,5.4,monthly,bank_transfer,metro,1,1,0
ALT-1545,40,85.56,1,1,14,7.5,2.9,monthly,digital_wallet,metro,1,0,0
ALT-1546,22,83.62,0,5,12,2.6,14.9,annual,card,metro,0,0,1
ALT-1547,16,84.1,1,2,11,4.1,13.0,quarterly,cash,center,1,0,0
ALT-1548,2,57.33,5,1,12,7.9,10.6,monthly,bank_transfer,center,1,0,1
ALT-1549,37,101.59,2,2,25,8.4,16.3,monthly,digital_wallet,south,1,0,0
ALT-1550,26,67.44,1,0,16,7.8,4.5,monthly,digital_wallet,metro,1,0,0
ALT-1551,33,84.47,2,3,13,7.4,5.0,monthly,bank_transfer,metro,1,1,0
ALT-1552,64,121.68,4,1,10,8.2,7.0,monthly,card,north,1,0,0
ALT-1553,47,89.67,2,2,21,1.1,1.5,monthly,bank_transfer,south,1,0,0
ALT-1554,8,65.43,3,1,16,4.6,7.5,quarterly,cash,center,0,0,1
ALT-1555,68,104.65,2,1,25,6.3,6.1,monthly,bank_transfer,south,1,1,0
ALT-1556,40,88.15,3,1,15,5.9,12.6,monthly,card,center,1,0,0
ALT-1557,29,57.93,3,0,11,6.0,9.1,monthly,bank_transfer,south,1,1,0
ALT-1558,27,98.46,1,1,21,6.6,12.0,monthly,bank_transfer,south,1,0,0
ALT-1559,28,96.07,2,1,17,5.9,11.8,monthly,cash,center,1,1,0
ALT-1560,55,108.63,3,1,15,6.4,6.7,monthly,card,metro,0,0,0
ALT-1561,10,60.94,2,0,33,4.9,9.2,monthly,digital_wallet,center,1,1,0
ALT-1562,8,52.76,3,1,17,5.9,12.8,monthly,card,metro,1,1,0
ALT-1563,47,94.36,3,0,19,7.2,14.8,quarterly,card,north,1,1,0
ALT-1564,8,55.68,3,2,25,6.5,8.2,monthly,digital_wallet,metro,0,1,0
ALT-1565,36,86.45,2,1,9,5.8,13.6,quarterly,card,metro,1,0,0
ALT-1566,23,60.82,5,0,21,7.0,3.9,monthly,bank_transfer,north,0,0,0
ALT-1567,62,102.46,0,0,32,7.9,7.7,monthly,card,south,1,0,0
ALT-1568,32,60.57,3,0,16,4.2,10.3,annual,card,metro,1,0,0
ALT-1569,67,94.06,4,0,17,6.3,7.8,quarterly,bank_transfer,south,0,0,0
ALT-1570,36,81.86,4,0,4,5.3,5.9,monthly,bank_transfer,north,1,0,0
ALT-1571,50,119.82,6,5,6,7.2,4.8,monthly,digital_wallet,center,1,0,1
ALT-1572,70,111.28,1,0,28,6.5,9.6,monthly,digital_wallet,north,1,1,0
ALT-1573,54,99.34,3,0,29,7.2,6.1,monthly,cash,north,0,0,0
ALT-1574,43,105.03,1,1,15,7.5,6.6,monthly,digital_wallet,center,1,0,0
ALT-1575,60,106.11,1,2,32,5.3,9.5,monthly,bank_transfer,center,1,0,0
ALT-1576,38,73.85,2,0,24,6.8,1.4,quarterly,bank_transfer,metro,1,1,0
ALT-1577,70,120.98,5,1,19,3.6,15.2,annual,cash,south,0,0,0
ALT-1578,25,64.1,0,0,25,5.1,8.0,monthly,card,center,0,0,0
ALT-1579,10,69.73,0,1,27,5.1,10.0,monthly,card,metro,1,1,0
ALT-1580,22,59.32,1,1,7,4.5,12.2,annual,bank_transfer,north,1,0,0
ALT-1581,26,48.6,2,0,30,10.0,7.2,annual,bank_transfer,north,1,0,0
ALT-1582,72,131.69,4,1,18,3.0,11.6,monthly,bank_transfer,south,1,1,0
ALT-1583,66,108.01,1,0,10,7.4,6.1,monthly,card,north,1,1,0
ALT-1584,20,48.66,2,1,13,5.1,4.5,monthly,bank_transfer,metro,1,1,0
ALT-1585,65,78.4,0,1,1,5.4,11.5,annual,digital_wallet,center,1,0,0
ALT-1586,7,48.66,4,0,17,9.1,4.6,monthly,card,center,1,1,0
ALT-1587,26,58.24,3,1,27,6.4,2.7,monthly,bank_transfer,center,1,1,0
ALT-1588,55,111.69,2,0,28,3.7,10.2,monthly,cash,metro,1,1,0
ALT-1589,17,69.44,3,0,19,8.0,10.1,monthly,card,south,1,1,0
ALT-1590,7,58.51,1,2,11,7.2,12.8,annual,cash,south,0,0,1
ALT-1591,65,120.96,4,1,10,4.7,10.0,monthly,digital_wallet,center,1,0,0
ALT-1592,19,87.27,1,0,20,4.6,12.9,monthly,digital_wallet,south,1,1,0
ALT-1593,46,101.78,5,2,12,7.2,4.5,monthly,card,center,1,0,1
ALT-1594,17,59.28,4,1,18,2.5,7.6,quarterly,bank_transfer,metro,1,0,0
ALT-1595,67,101.3,1,0,11,5.9,15.5,annual,bank_transfer,north,1,1,0
ALT-1596,19,60.93,4,0,19,3.7,11.3,annual,card,metro,1,1,0
ALT-1597,39,99.71,1,1,14,5.9,15.5,monthly,digital_wallet,center,1,1,0
ALT-1598,15,61.98,2,0,16,6.8,14.4,quarterly,bank_transfer,center,1,1,0
ALT-1599,13,78.29,3,4,25,6.5,12.4,monthly,card,metro,1,0,1
ALT-1600,56,104.95,1,0,13,7.0,9.3,monthly,bank_transfer,north,1,0,0
ALT-1601,23,81.18,2,3,9,4.7,8.1,monthly,card,north,0,1,1
ALT-1602,11,70.38,3,1,14,5.6,9.0,monthly,bank_transfer,center,0,0,1
ALT-1603,9,52.69,1,0,18,7.9,4.9,monthly,bank_transfer,metro,0,0,0
ALT-1604,30,92.5,1,0,18,6.1,10.0,quarterly,card,north,1,0,0
ALT-1605,18,100.44,2,2,19,5.0,11.2,monthly,card,metro,0,0,1
ALT-1606,35,74.09,2,0,5,8.8,9.4,annual,card,metro,0,0,0
ALT-1607,3,31.94,0,0,11,5.9,8.2,quarterly,card,metro,1,1,0
ALT-1608,49,96.19,2,1,5,5.9,7.8,monthly,digital_wallet,center,1,0,0
ALT-1609,12,70.5,1,2,23,4.8,8.5,monthly,card,south,1,1,0
ALT-1610,14,68.22,3,0,3,7.3,5.2,monthly,card,south,1,0,1
ALT-1611,70,129.45,1,1,2,7.1,14.9,quarterly,bank_transfer,center,1,1,0
ALT-1612,43,94.65,2,0,13,5.6,10.3,monthly,bank_transfer,metro,1,0,0
ALT-1613,2,49.03,4,1,20,9.2,7.0,quarterly,card,metro,0,0,0
ALT-1614,27,72.55,1,1,16,8.8,7.8,monthly,cash,metro,0,0,0
ALT-1615,45,78.48,2,2,20,5.4,7.2,annual,bank_transfer,metro,0,0,0
ALT-1616,17,70.38,4,0,9,7.8,8.0,monthly,bank_transfer,south,1,0,1
ALT-1617,33,79.76,4,0,14,5.6,8.2,quarterly,bank_transfer,metro,0,1,0
ALT-1618,4,47.78,3,1,22,6.6,6.9,quarterly,digital_wallet,metro,1,1,0
ALT-1619,27,66.05,1,1,25,5.8,8.2,quarterly,card,north,0,0,0
ALT-1620,70,116.33,2,0,15,9.9,13.5,monthly,bank_transfer,north,1,0,0
ALT-1621,49,85.58,1,0,13,5.2,5.0,monthly,digital_wallet,metro,1,1,0
ALT-1622,20,68.69,3,3,16,8.3,4.1,monthly,card,north,1,1,0
ALT-1623,28,86.46,3,2,21,7.9,11.9,monthly,bank_transfer,north,0,0,0
ALT-1624,28,83.29,1,2,12,7.9,7.2,monthly,cash,metro,1,1,0
ALT-1625,30,56.24,4,1,24,5.3,5.6,annual,card,center,0,1,0
ALT-1626,3,52.86,3,0,24,8.6,10.2,quarterly,digital_wallet,metro,1,1,0
ALT-1627,9,40.46,2,2,24,7.8,6.8,annual,card,center,0,0,0
ALT-1628,53,99.19,0,1,25,7.0,9.3,monthly,bank_transfer,south,1,1,0
ALT-1629,14,36.19,0,0,16,7.0,0.0,monthly,card,metro,1,0,0
ALT-1630,31,90.38,5,1,22,8.0,12.6,monthly,card,center,1,0,0
ALT-1631,72,107.58,1,1,12,6.0,3.7,monthly,bank_transfer,south,0,0,0
ALT-1632,59,99.94,1,1,27,8.7,5.3,monthly,card,south,0,0,0
ALT-1633,4,25.77,1,0,14,6.9,9.9,annual,bank_transfer,south,1,0,0
ALT-1634,36,75.09,4,4,29,8.0,1.3,monthly,card,center,1,0,1
ALT-1635,35,87.8,2,2,37,8.1,7.9,monthly,card,metro,1,0,0
ALT-1636,5,25.95,1,2,18,7.5,5.2,annual,bank_transfer,north,1,0,0
ALT-1637,56,87.36,1,1,22,5.9,0.1,monthly,bank_transfer,metro,0,1,0
ALT-1638,65,115.85,3,0,18,7.0,14.1,monthly,bank_transfer,center,1,0,0
ALT-1639,52,77.02,3,0,16,3.5,7.2,annual,digital_wallet,north,0,0,0
ALT-1640,42,77.07,4,1,6,5.1,8.2,annual,cash,center,0,1,0
ALT-1641,60,104.12,6,1,18,6.5,6.0,quarterly,digital_wallet,metro,0,0,0
ALT-1642,16,80.18,0,4,22,7.0,11.8,monthly,bank_transfer,south,0,1,0
ALT-1643,23,70.55,2,1,6,6.0,10.0,monthly,bank_transfer,metro,0,0,1
ALT-1644,46,106.85,3,2,36,8.3,8.4,monthly,digital_wallet,north,1,0,0
ALT-1645,37,111.47,4,3,14,7.2,13.2,monthly,card,metro,0,0,1
ALT-1646,13,37.21,3,1,16,3.6,7.9,annual,card,north,1,0,0
ALT-1647,70,102.69,3,0,8,7.8,5.7,monthly,card,metro,0,0,0
ALT-1648,60,110.45,1,0,16,6.9,13.6,quarterly,bank_transfer,metro,1,1,0
ALT-1649,59,110.23,2,1,16,8.6,15.0,quarterly,card,center,1,0,0
ALT-1650,53,100.84,2,1,30,9.0,8.9,monthly,card,metro,0,0,0
ALT-1651,65,96.53,1,0,6,8.7,5.7,monthly,bank_transfer,north,1,0,0
ALT-1652,30,81.26,4,1,20,7.7,2.5,monthly,cash,metro,1,1,0
ALT-1653,60,111.18,4,2,26,8.6,8.8,monthly,card,metro,1,1,0
ALT-1654,52,93.95,0,1,13,4.6,10.2,quarterly,bank_transfer,north,1,1,0
ALT-1655,47,105.62,4,2,23,8.9,7.5,monthly,digital_wallet,south,1,1,0
ALT-1656,47,93.89,3,1,20,9.2,12.2,monthly,cash,center,1,1,0
ALT-1657,31,96.15,4,1,19,8.9,9.0,monthly,card,metro,1,1,0
ALT-1658,19,80.87,5,1,17,6.2,11.9,quarterly,cash,center,0,1,1
ALT-1659,22,60.53,3,0,14,8.0,9.3,annual,card,south,0,1,0
ALT-1660,23,69.52,3,0,17,8.5,4.8,quarterly,card,south,1,1,0
ALT-1661,55,96.57,2,1,13,5.5,2.8,monthly,bank_transfer,center,0,0,0
ALT-1662,48,102.53,0,0,24,2.7,12.1,monthly,digital_wallet,metro,1,1,0
ALT-1663,14,48.96,0,1,16,7.1,7.3,quarterly,card,north,1,0,0
ALT-1664,57,97.55,2,0,16,10.0,9.4,monthly,card,north,1,0,0
ALT-1665,2,61.12,2,1,2,3.3,14.4,monthly,bank_transfer,center,1,0,1
ALT-1666,52,79.81,2,2,33,3.7,7.1,annual,bank_transfer,center,1,0,0
ALT-1667,43,102.04,2,2,18,4.8,11.9,monthly,cash,south,1,0,0
ALT-1668,35,84.26,4,1,23,6.2,6.7,monthly,card,south,0,1,0
ALT-1669,65,97.43,3,2,30,5.6,8.9,annual,bank_transfer,center,1,0,0
ALT-1670,67,116.46,1,1,15,6.2,8.4,monthly,card,metro,1,0,0
ALT-1671,1,61.0,0,1,13,7.3,12.9,monthly,bank_transfer,center,0,0,0
ALT-1672,57,100.77,2,0,24,5.3,17.4,monthly,cash,south,1,0,0
ALT-1673,35,87.13,4,2,22,6.6,12.4,quarterly,bank_transfer,north,0,1,0
ALT-1674,1,48.4,6,1,25,9.3,4.2,quarterly,digital_wallet,center,1,0,0
ALT-1675,43,59.49,4,1,31,6.6,2.8,annual,digital_wallet,metro,1,1,0
ALT-1676,44,72.64,2,1,17,2.7,7.2,annual,bank_transfer,center,0,0,0
ALT-1677,5,46.79,0,1,8,5.5,7.3,monthly,bank_transfer,north,1,0,0
ALT-1678,67,109.39,1,2,17,6.3,8.2,monthly,card,south,1,0,0
ALT-1679,52,94.1,2,2,20,6.5,10.8,annual,cash,center,1,1,0
ALT-1680,30,87.72,3,1,31,8.5,4.6,monthly,cash,south,0,0,0
ALT-1681,2,33.75,3,0,16,7.6,6.6,annual,card,metro,0,0,0
ALT-1682,29,96.41,2,1,7,3.2,15.1,monthly,card,south,1,0,1
ALT-1683,41,69.03,2,2,10,5.8,0.5,monthly,card,south,1,0,0
ALT-1684,5,43.94,2,2,21,6.6,10.3,annual,card,metro,1,0,0
ALT-1685,43,100.94,3,2,23,7.7,4.7,monthly,digital_wallet,north,1,0,0
ALT-1686,5,48.25,2,1,7,3.0,6.1,quarterly,cash,north,1,0,1
ALT-1687,32,69.95,2,1,13,9.4,3.6,annual,bank_transfer,metro,1,0,0
ALT-1688,17,73.78,1,0,11,7.3,4.2,monthly,card,north,1,0,0
ALT-1689,54,74.23,1,2,12,5.7,4.7,annual,card,north,1,0,0
ALT-1690,67,115.36,1,2,28,4.0,8.0,monthly,cash,south,1,0,0
ALT-1691,14,74.52,1,2,23,5.3,11.7,monthly,card,center,1,1,0
ALT-1692,35,64.77,1,1,14,6.6,9.3,annual,digital_wallet,north,1,0,0
ALT-1693,24,84.66,1,2,21,6.2,8.0,monthly,bank_transfer,south,0,0,0
ALT-1694,38,87.44,2,0,29,6.6,9.0,monthly,card,metro,0,1,0
ALT-1695,19,63.76,0,1,14,5.1,8.5,quarterly,digital_wallet,center,0,0,0
ALT-1696,62,115.18,1,2,15,7.6,10.4,quarterly,cash,metro,1,0,0
ALT-1697,21,55.06,2,3,24,4.7,9.6,monthly,card,south,1,0,1
ALT-1698,8,64.28,1,0,24,10.0,11.4,monthly,card,metro,0,0,0
ALT-1699,9,70.06,3,1,11,4.6,16.1,monthly,card,center,0,1,1
ALT-1700,49,105.33,4,0,21,4.6,12.0,monthly,digital_wallet,south,1,1,0
ALT-1701,67,101.08,5,1,23,9.3,1.4,monthly,card,center,0,0,0
ALT-1702,49,86.93,1,1,9,6.4,7.2,monthly,card,north,1,1,0
ALT-1703,72,121.99,2,2,14,9.3,12.2,monthly,bank_transfer,north,1,0,0
ALT-1704,40,75.81,6,1,23,8.0,8.2,annual,card,center,1,1,0
ALT-1705,2,45.58,3,0,3,3.1,9.7,monthly,card,center,1,0,1
ALT-1706,41,93.2,2,2,23,7.7,10.8,monthly,bank_transfer,south,1,1,0
ALT-1707,6,47.71,4,0,28,6.7,4.7,monthly,card,south,1,0,0
ALT-1708,28,88.28,6,1,17,6.3,9.3,quarterly,card,metro,1,0,0
ALT-1709,7,52.93,5,2,17,3.4,9.7,annual,card,north,1,0,1
ALT-1710,40,87.41,5,2,27,6.7,13.4,annual,card,center,0,1,0
ALT-1711,49,70.94,1,1,21,8.0,4.9,quarterly,bank_transfer,center,1,0,0
ALT-1712,60,110.32,1,2,12,9.8,11.1,quarterly,bank_transfer,south,1,1,0
ALT-1713,19,55.97,1,0,18,4.6,7.2,monthly,bank_transfer,metro,1,0,0
ALT-1714,34,79.19,4,1,25,7.3,4.4,quarterly,card,metro,1,1,0
ALT-1715,49,93.94,1,2,25,6.1,0.5,monthly,card,north,0,1,0
ALT-1716,46,95.48,5,1,18,3.3,6.6,monthly,card,metro,0,0,1
ALT-1717,32,87.95,1,1,20,5.8,10.1,monthly,digital_wallet,south,1,0,0
ALT-1718,59,96.78,1,0,21,6.5,3.9,monthly,card,north,0,0,0
ALT-1719,40,84.63,3,1,12,8.4,8.4,monthly,bank_transfer,metro,1,0,0
ALT-1720,58,96.17,2,1,21,6.8,8.4,quarterly,digital_wallet,south,0,0,0
ALT-1721,32,81.81,6,0,15,4.7,5.0,monthly,cash,metro,1,0,1
ALT-1722,13,60.91,2,1,20,3.9,10.1,monthly,card,center,1,1,0
ALT-1723,45,99.55,1,2,21,6.2,7.1,monthly,cash,north,1,0,0
ALT-1724,1,71.05,5,1,19,4.8,11.8,monthly,cash,north,0,0,1
ALT-1725,42,75.04,1,1,18,5.8,0.0,monthly,bank_transfer,metro,1,0,0
ALT-1726,8,58.84,3,0,21,5.6,11.4,monthly,digital_wallet,metro,1,0,0
ALT-1727,71,127.94,0,0,20,8.4,15.4,monthly,digital_wallet,center,1,1,0
ALT-1728,21,78.02,1,3,26,4.5,8.7,monthly,bank_transfer,north,1,0,0
ALT-1729,2,32.3,3,3,17,3.6,3.3,quarterly,card,north,1,1,1
ALT-1730,1,55.87,6,3,20,7.8,0.1,quarterly,digital_wallet,north,1,0,1
ALT-1731,57,92.1,2,0,6,8.3,13.0,annual,bank_transfer,north,1,0,0
ALT-1732,41,95.34,1,4,19,4.0,6.9,monthly,card,center,1,0,1
ALT-1733,35,64.11,1,0,28,5.1,13.5,annual,card,south,1,1,0
ALT-1734,4,56.86,2,0,28,6.1,12.0,monthly,bank_transfer,metro,1,0,0
ALT-1735,23,93.45,2,3,16,1.0,11.5,monthly,card,north,1,0,1
ALT-1736,48,100.95,4,1,15,4.5,7.8,monthly,card,south,1,0,0
ALT-1737,42,92.23,3,0,14,8.0,8.0,monthly,digital_wallet,south,0,1,0
ALT-1738,66,107.73,0,1,13,6.7,6.6,monthly,cash,south,0,1,0
ALT-1739,70,112.54,2,1,22,8.3,7.8,monthly,digital_wallet,north,0,1,0
ALT-1740,70,120.04,0,1,28,9.0,12.8,monthly,bank_transfer,center,1,0,0
ALT-1741,15,64.71,4,1,21,7.1,5.7,monthly,card,north,1,1,0
ALT-1742,31,90.15,5,1,5,6.7,9.6,quarterly,card,center,1,1,0
ALT-1743,37,82.56,0,0,18,5.4,8.2,monthly,digital_wallet,metro,1,0,0
ALT-1744,60,114.53,6,2,22,7.8,6.2,monthly,digital_wallet,center,1,0,0
ALT-1745,18,84.79,3,1,22,8.8,10.9,monthly,cash,south,0,0,1
ALT-1746,46,109.04,2,4,23,5.9,11.5,monthly,card,center,0,1,0
ALT-1747,23,34.11,3,1,23,9.6,1.8,annual,bank_transfer,south,1,0,0
ALT-1748,62,119.79,2,0,14,7.3,12.1,monthly,card,center,1,0,0
ALT-1749,23,78.93,2,1,5,7.4,11.2,quarterly,cash,south,1,0,0
ALT-1750,14,74.36,4,2,13,7.6,7.1,monthly,digital_wallet,center,1,1,1
ALT-1751,7,73.3,3,1,4,7.6,11.4,monthly,bank_transfer,center,0,0,1
ALT-1752,49,89.5,4,2,22,6.8,6.9,quarterly,card,north,1,0,0
ALT-1753,43,84.45,2,1,7,8.0,7.7,quarterly,card,north,1,1,0
ALT-1754,3,51.88,4,1,20,6.3,8.7,monthly,card,center,1,0,1
ALT-1755,32,79.28,4,0,32,2.6,11.7,annual,digital_wallet,north,1,0,0
ALT-1756,66,118.1,4,1,24,8.0,7.4,monthly,cash,north,0,0,0
ALT-1757,25,88.79,1,0,14,2.0,12.6,quarterly,card,metro,1,1,0
ALT-1758,2,50.29,2,3,15,10.0,5.7,monthly,cash,metro,1,1,1
ALT-1759,15,75.46,2,3,25,3.9,12.9,monthly,card,metro,0,0,1
ALT-1760,62,108.18,1,0,17,5.0,10.9,monthly,digital_wallet,north,1,0,0
ALT-1761,40,67.61,0,0,12,7.2,9.4,annual,card,metro,0,0,0
ALT-1762,21,71.31,3,0,28,4.9,14.6,quarterly,card,metro,1,1,0
ALT-1763,31,89.95,3,1,31,4.5,16.2,monthly,bank_transfer,center,1,1,0
ALT-1764,36,79.9,2,1,19,4.3,3.4,quarterly,card,center,1,1,0
ALT-1765,35,75.12,5,1,20,7.2,5.2,monthly,card,south,0,1,0
ALT-1766,45,89.99,2,1,16,4.7,0.4,monthly,digital_wallet,center,0,0,0
ALT-1767,12,54.55,0,1,16,7.8,9.0,monthly,digital_wallet,north,1,1,0
ALT-1768,29,81.92,3,0,21,7.4,8.0,monthly,card,south,0,0,0
ALT-1769,11,70.99,3,1,19,2.0,8.2,monthly,digital_wallet,north,1,0,1
ALT-1770,48,84.94,2,1,19,4.2,8.2,annual,bank_transfer,center,1,1,0
ALT-1771,19,58.9,2,1,18,7.6,7.8,quarterly,card,metro,0,0,0
ALT-1772,31,80.24,3,1,40,5.9,10.9,quarterly,card,metro,1,0,0
ALT-1773,57,85.58,3,1,12,5.8,6.7,annual,card,north,1,0,0
ALT-1774,68,103.42,4,2,18,6.7,3.9,monthly,bank_transfer,south,0,0,0
ALT-1775,8,57.84,2,0,21,7.8,7.1,monthly,bank_transfer,center,0,1,0
ALT-1776,62,129.47,5,2,13,8.7,6.1,monthly,card,north,1,0,0
ALT-1777,9,47.44,2,0,18,6.7,8.3,quarterly,card,south,1,0,0
ALT-1778,41,83.46,4,0,28,6.4,12.1,annual,digital_wallet,south,1,1,0
ALT-1779,48,109.91,4,0,15,7.1,14.3,monthly,card,north,1,0,0
ALT-1780,9,41.93,2,0,25,6.9,6.5,monthly,bank_transfer,metro,0,0,0
ALT-1781,29,54.4,3,1,22,7.0,8.4,annual,card,south,1,1,0
ALT-1782,49,86.11,1,0,18,5.8,2.7,monthly,card,metro,0,0,0
ALT-1783,63,87.36,1,0,18,5.3,4.4,monthly,digital_wallet,center,1,0,0
ALT-1784,56,121.93,0,2,20,4.3,13.7,monthly,card,south,1,1,0
ALT-1785,2,54.51,3,1,12,7.2,9.3,quarterly,card,metro,1,0,0
ALT-1786,43,77.15,3,1,25,8.7,11.1,quarterly,bank_transfer,center,0,0,0
ALT-1787,53,104.2,2,1,22,10.0,16.7,annual,card,north,0,1,0
ALT-1788,45,86.0,2,0,19,6.4,10.9,quarterly,cash,metro,0,1,0
ALT-1789,1,54.51,1,0,17,6.0,10.0,monthly,bank_transfer,metro,1,0,0
ALT-1790,1,53.54,0,1,10,5.7,9.3,monthly,cash,metro,0,0,1
ALT-1791,15,53.0,1,0,24,5.0,10.0,annual,card,metro,1,1,0
ALT-1792,6,34.02,2,0,19,7.9,8.4,annual,bank_transfer,south,1,1,0
ALT-1793,34,60.17,1,0,14,4.9,7.3,quarterly,card,south,0,1,0
ALT-1794,38,70.97,1,0,14,9.8,4.0,quarterly,bank_transfer,south,1,0,0
ALT-1795,50,96.03,2,1,21,4.9,8.0,monthly,card,metro,0,0,0
ALT-1796,18,76.09,0,0,23,9.1,10.8,monthly,card,north,1,0,0
ALT-1797,68,88.48,3,1,12,8.2,5.8,annual,card,north,0,1,0
ALT-1798,6,27.7,1,0,14,5.3,3.2,monthly,bank_transfer,center,1,0,0
ALT-1799,3,28.66,1,2,15,4.7,11.9,annual,bank_transfer,center,1,0,0
ALT-1800,23,73.61,2,2,22,5.9,12.5,monthly,bank_transfer,metro,0,1,0
ALT-1801,37,99.2,3,1,14,6.0,12.0,monthly,bank_transfer,south,0,0,0
ALT-1802,21,39.43,4,1,18,9.3,9.4,annual,card,metro,0,0,0
ALT-1803,69,127.65,3,1,22,7.3,6.2,monthly,digital_wallet,metro,1,1,0
ALT-1804,28,79.71,1,2,22,6.4,12.1,quarterly,digital_wallet,north,1,0,0
ALT-1805,55,95.4,2,1,13,7.0,11.9,annual,cash,south,1,0,0
ALT-1806,59,98.93,0,0,22,7.4,3.6,monthly,card,metro,1,1,0
ALT-1807,68,114.39,2,1,19,5.7,11.1,monthly,card,north,1,0,0
ALT-1808,4,44.64,0,1,18,8.3,4.3,quarterly,card,south,1,1,0
ALT-1809,67,111.36,2,2,13,6.8,12.0,annual,bank_transfer,metro,0,1,0
ALT-1810,6,67.07,3,1,19,3.1,10.1,monthly,card,south,1,0,1
ALT-1811,59,102.66,0,2,16,8.0,10.8,quarterly,bank_transfer,metro,0,1,0
ALT-1812,12,69.49,0,0,15,7.0,10.1,monthly,card,south,0,1,0
ALT-1813,41,101.68,2,2,13,6.5,12.5,monthly,bank_transfer,north,0,1,0
ALT-1814,10,43.64,5,1,12,5.8,5.1,annual,card,center,1,1,0
ALT-1815,19,66.06,2,2,24,6.6,10.1,monthly,cash,north,1,0,1
ALT-1816,60,115.81,1,4,16,6.8,6.2,monthly,bank_transfer,metro,1,0,0
ALT-1817,52,107.1,0,1,33,6.9,11.5,monthly,bank_transfer,center,1,1,0
ALT-1818,13,63.46,2,1,18,5.2,5.1,monthly,digital_wallet,north,1,0,0
ALT-1819,33,62.59,2,0,4,6.3,8.6,monthly,cash,north,0,1,0
ALT-1820,25,79.85,2,0,19,6.5,11.0,monthly,bank_transfer,north,1,0,0
ALT-1821,30,86.84,0,2,20,5.1,7.9,monthly,digital_wallet,south,1,0,0
ALT-1822,35,104.01,4,0,20,7.4,15.6,monthly,cash,north,1,1,0
ALT-1823,72,105.52,0,2,29,5.1,6.5,monthly,bank_transfer,center,0,0,0
ALT-1824,58,119.89,1,1,14,6.3,12.2,monthly,card,south,0,0,0
ALT-1825,23,73.12,2,2,28,6.8,9.4,monthly,bank_transfer,center,1,0,0
ALT-1826,43,73.02,1,0,18,5.7,9.8,annual,digital_wallet,south,1,0,0
ALT-1827,10,52.27,4,0,14,4.3,5.2,monthly,bank_transfer,metro,1,1,0
ALT-1828,31,73.43,2,1,27,4.8,5.4,monthly,card,center,1,0,0
ALT-1829,58,112.58,1,1,23,7.0,11.1,monthly,bank_transfer,south,0,0,0
ALT-1830,31,74.12,2,2,14,5.7,5.8,quarterly,cash,center,1,1,0
ALT-1831,67,132.5,3,0,25,5.5,14.9,monthly,bank_transfer,metro,1,0,0
ALT-1832,8,32.48,1,1,2,5.0,6.1,annual,card,south,1,1,0
ALT-1833,61,106.75,1,0,18,9.1,8.3,monthly,digital_wallet,center,1,0,0
ALT-1834,32,57.59,1,0,20,6.7,1.3,quarterly,bank_transfer,metro,1,0,0
ALT-1835,20,66.76,2,3,18,7.7,7.6,quarterly,card,north,0,0,0
ALT-1836,54,91.09,2,0,26,6.8,10.7,annual,card,south,1,0,0
ALT-1837,69,124.7,4,1,25,7.2,13.5,monthly,bank_transfer,south,1,0,0
ALT-1838,47,80.91,1,1,16,9.7,7.6,quarterly,card,south,0,0,0
ALT-1839,51,86.53,0,0,20,4.7,4.9,monthly,card,north,1,1,0
ALT-1840,18,67.63,1,0,20,3.1,4.9,monthly,card,center,1,0,0
ALT-1841,38,89.73,2,1,23,7.7,4.5,monthly,bank_transfer,metro,1,0,0
ALT-1842,10,64.83,3,0,13,5.5,6.0,monthly,bank_transfer,center,0,1,0
ALT-1843,37,99.77,3,1,14,7.1,6.7,monthly,cash,center,1,1,0
ALT-1844,71,104.39,2,2,27,8.6,11.1,annual,card,center,0,1,0
ALT-1845,59,105.78,3,0,18,8.0,5.2,monthly,cash,center,1,0,0
ALT-1846,53,99.46,2,2,25,6.3,5.7,quarterly,card,north,1,0,0
ALT-1847,55,109.66,4,1,26,7.2,8.0,monthly,card,south,0,0,0
ALT-1848,21,59.31,1,0,16,5.8,6.8,monthly,bank_transfer,north,1,0,0
ALT-1849,16,29.67,1,1,25,7.3,6.1,annual,bank_transfer,south,0,0,0
ALT-1850,43,87.31,1,2,15,6.1,9.7,monthly,digital_wallet,center,1,1,0
ALT-1851,62,95.47,1,0,14,4.3,3.0,quarterly,digital_wallet,metro,1,0,0
ALT-1852,53,109.19,3,2,23,7.6,11.4,monthly,cash,center,0,1,0
ALT-1853,49,83.73,4,1,10,9.2,0.0,monthly,card,center,1,0,0
ALT-1854,42,70.69,2,1,9,7.5,0.8,monthly,bank_transfer,metro,0,0,0
ALT-1855,61,126.92,0,2,18,8.4,13.3,monthly,cash,center,1,1,0
ALT-1856,4,34.47,3,0,21,6.8,5.9,quarterly,bank_transfer,metro,0,1,0
ALT-1857,12,80.82,3,0,12,8.9,12.1,monthly,card,north,1,1,0
ALT-1858,55,112.47,2,0,25,5.0,10.2,monthly,bank_transfer,center,1,1,0
ALT-1859,14,40.0,2,0,8,7.3,7.5,quarterly,card,metro,0,0,0
ALT-1860,5,43.77,1,1,9,7.8,6.3,quarterly,cash,north,1,1,0
ALT-1861,13,54.21,1,1,12,7.0,9.3,annual,card,south,1,0,0
ALT-1862,1,43.55,3,2,14,7.0,4.2,monthly,card,metro,1,0,1
ALT-1863,62,128.28,1,1,23,4.6,13.1,monthly,digital_wallet,south,0,0,0
ALT-1864,23,76.67,1,0,21,4.4,7.9,monthly,bank_transfer,south,1,0,0
ALT-1865,3,41.92,1,1,16,5.6,9.1,monthly,bank_transfer,metro,1,0,0
ALT-1866,6,41.47,2,0,13,6.4,3.3,monthly,bank_transfer,center,1,0,0
ALT-1867,50,116.51,0,2,17,8.2,10.0,monthly,cash,center,1,1,0
ALT-1868,13,64.04,0,2,22,4.5,5.4,monthly,digital_wallet,south,1,0,0
ALT-1869,1,35.9,3,1,22,5.0,8.0,annual,digital_wallet,north,0,1,0
ALT-1870,10,52.07,2,0,17,8.8,8.9,monthly,digital_wallet,center,0,0,0
ALT-1871,68,107.52,1,1,18,5.2,10.2,monthly,card,metro,1,1,0
ALT-1872,5,59.22,1,1,28,8.6,9.7,monthly,bank_transfer,north,0,1,0
ALT-1873,64,103.28,2,1,13,5.8,6.6,quarterly,bank_transfer,center,0,0,0
ALT-1874,22,66.71,3,0,17,6.5,8.4,annual,card,metro,0,1,0
ALT-1875,42,90.58,2,2,24,3.4,3.6,monthly,digital_wallet,center,1,0,0
ALT-1876,7,38.44,3,3,20,7.5,0.0,quarterly,card,metro,1,0,1
ALT-1877,21,74.58,2,2,28,7.1,9.3,monthly,card,north,1,0,0
ALT-1878,35,84.34,3,0,21,4.0,11.6,monthly,bank_transfer,center,0,0,0
ALT-1879,1,60.52,4,0,20,5.4,4.6,monthly,card,north,1,0,1
ALT-1880,58,82.15,2,0,34,4.0,2.0,quarterly,card,south,1,0,0
ALT-1881,14,61.79,4,0,14,8.8,8.1,annual,card,north,0,1,0
ALT-1882,45,82.41,2,1,20,7.3,2.9,monthly,card,south,1,0,0
ALT-1883,31,80.36,5,0,23,5.5,6.6,monthly,card,metro,1,1,0
ALT-1884,37,78.54,0,2,7,9.9,6.0,quarterly,bank_transfer,center,0,0,0
ALT-1885,59,107.69,4,0,27,6.8,8.3,monthly,card,center,1,1,0
ALT-1886,71,125.26,3,0,19,9.0,10.7,quarterly,bank_transfer,metro,0,1,0
ALT-1887,3,60.27,1,0,8,3.0,5.3,monthly,cash,north,0,1,1
ALT-1888,35,76.22,1,0,8,5.4,2.0,monthly,card,metro,0,1,0
ALT-1889,18,71.25,3,2,15,6.7,12.9,quarterly,card,south,1,0,0
ALT-1890,69,96.08,2,0,18,6.5,0.0,monthly,digital_wallet,metro,0,1,0
ALT-1891,67,133.72,5,0,15,9.4,14.6,monthly,card,metro,1,0,0
ALT-1892,33,70.91,3,2,21,7.1,4.3,quarterly,card,south,1,0,0
ALT-1893,65,107.89,0,2,20,5.6,12.8,quarterly,card,south,1,1,0
ALT-1894,27,82.63,3,2,13,4.7,18.7,annual,card,north,1,0,0
ALT-1895,21,92.16,4,1,6,4.6,8.9,monthly,card,north,1,1,1
ALT-1896,13,52.92,1,2,19,6.3,2.9,quarterly,cash,metro,1,0,0
ALT-1897,12,63.93,5,0,29,9.1,3.1,quarterly,digital_wallet,north,0,0,0
ALT-1898,23,65.06,1,1,22,7.0,8.6,monthly,bank_transfer,south,1,1,0
ALT-1899,26,72.96,2,3,15,5.5,6.3,annual,cash,metro,0,0,1
ALT-1900,12,59.56,2,1,24,7.3,11.2,quarterly,card,south,1,0,0
ALT-1901,23,79.9,3,1,24,7.6,14.0,monthly,digital_wallet,north,0,0,0
ALT-1902,57,101.39,1,0,30,3.6,4.0,monthly,bank_transfer,south,1,0,0
ALT-1903,54,100.88,1,0,23,4.1,10.9,monthly,card,north,1,1,0
ALT-1904,34,108.61,4,1,7,7.4,14.6,monthly,bank_transfer,south,0,1,1
ALT-1905,66,117.09,1,2,20,6.9,7.5,monthly,digital_wallet,center,1,1,0
ALT-1906,13,54.29,0,2,30,7.0,4.2,monthly,bank_transfer,center,1,0,0
ALT-1907,2,29.45,4,0,28,9.5,5.2,annual,card,metro,0,0,0
ALT-1908,45,85.21,2,1,18,7.7,3.6,quarterly,cash,north,0,0,0
ALT-1909,64,107.72,3,1,17,3.9,3.6,monthly,bank_transfer,north,1,0,0
ALT-1910,69,98.5,1,2,17,9.2,8.0,annual,card,north,1,1,0
ALT-1911,66,120.66,1,2,12,5.2,3.6,monthly,bank_transfer,metro,0,1,0
ALT-1912,46,102.26,3,0,7,5.8,13.4,quarterly,cash,south,0,0,0
ALT-1913,30,65.9,2,1,15,5.1,4.8,annual,cash,south,0,1,0
ALT-1914,26,82.82,2,0,23,6.0,13.5,monthly,cash,north,0,0,0
ALT-1915,27,61.75,3,2,17,8.9,9.5,quarterly,bank_transfer,north,0,0,0
ALT-1916,38,94.02,3,1,8,3.7,10.5,monthly,digital_wallet,south,1,0,1
ALT-1917,54,96.03,3,0,10,3.7,6.7,monthly,bank_transfer,metro,0,0,0
ALT-1918,49,93.83,2,1,20,6.3,6.1,monthly,card,metro,1,0,0
ALT-1919,3,57.06,4,2,16,6.0,7.8,monthly,card,north,1,1,1
ALT-1920,3,59.76,2,0,28,7.5,12.1,monthly,card,center,1,0,0
ALT-1921,58,104.1,2,0,33,3.7,14.5,monthly,card,center,1,0,0
ALT-1922,30,68.41,2,1,12,7.6,4.8,quarterly,card,south,1,1,0
ALT-1923,59,64.2,0,1,19,8.0,6.2,annual,bank_transfer,metro,1,1,0
ALT-1924,20,64.59,1,1,26,7.4,12.3,monthly,digital_wallet,south,0,0,0
ALT-1925,31,92.04,5,0,27,5.9,15.3,monthly,digital_wallet,center,1,1,0
ALT-1926,21,95.8,2,2,18,5.9,13.2,monthly,card,center,1,1,0
ALT-1927,8,50.39,0,1,10,8.3,6.6,quarterly,card,center,1,0,0
ALT-1928,47,94.42,5,0,20,10.0,5.2,monthly,bank_transfer,north,1,0,0
ALT-1929,20,87.15,0,1,15,8.2,16.4,monthly,bank_transfer,north,1,0,0
ALT-1930,29,95.14,2,0,16,7.9,13.2,monthly,bank_transfer,center,0,0,0
ALT-1931,18,53.11,3,0,26,7.0,1.3,monthly,digital_wallet,metro,0,0,0
ALT-1932,42,97.27,1,1,23,4.1,9.3,monthly,card,south,0,1,0
ALT-1933,38,107.52,5,1,19,9.9,11.3,monthly,digital_wallet,north,1,1,0
ALT-1934,19,72.43,4,2,13,3.8,10.9,monthly,bank_transfer,north,1,1,1
ALT-1935,4,37.41,0,0,12,5.2,6.7,annual,digital_wallet,metro,1,1,0
ALT-1936,4,53.98,1,0,15,8.8,4.2,monthly,bank_transfer,north,1,0,0
ALT-1937,17,82.97,2,2,27,9.6,11.2,monthly,bank_transfer,south,0,0,0
ALT-1938,67,135.21,1,1,14,5.3,16.3,monthly,card,metro,1,0,0
ALT-1939,56,77.8,4,0,17,6.5,7.3,annual,cash,metro,1,1,0
ALT-1940,38,96.2,2,0,17,8.0,18.4,quarterly,card,center,0,1,0
ALT-1941,29,83.5,4,3,22,6.4,6.8,monthly,card,center,0,0,1
ALT-1942,56,71.36,1,0,7,4.3,0.6,annual,card,north,1,0,0
ALT-1943,59,100.55,3,0,22,7.2,4.6,monthly,bank_transfer,metro,1,0,0
ALT-1944,29,74.91,1,1,20,7.8,5.4,monthly,digital_wallet,center,1,0,0
ALT-1945,69,106.39,2,0,24,6.7,11.3,monthly,bank_transfer,north,1,1,0
ALT-1946,71,118.79,1,1,16,7.0,5.6,monthly,card,metro,1,0,0
ALT-1947,56,84.48,1,2,20,7.2,8.0,annual,cash,north,1,1,0
ALT-1948,65,100.75,2,0,33,2.6,6.1,monthly,card,south,0,1,0
ALT-1949,6,70.3,2,1,13,5.0,13.7,quarterly,digital_wallet,south,1,0,0
ALT-1950,53,100.3,2,3,21,7.8,7.8,monthly,bank_transfer,center,0,1,0
ALT-1951,51,86.91,4,1,10,9.2,2.2,quarterly,cash,metro,1,0,0
ALT-1952,50,109.95,3,1,14,6.7,10.5,monthly,bank_transfer,center,1,1,0
ALT-1953,18,46.75,1,0,12,5.7,7.8,monthly,card,metro,1,0,0
ALT-1954,6,63.47,3,0,23,4.7,13.5,monthly,digital_wallet,north,1,1,0
ALT-1955,59,99.7,2,2,19,5.9,2.8,monthly,card,north,0,0,0
ALT-1956,65,120.85,0,1,12,5.8,6.1,monthly,cash,metro,1,0,0
ALT-1957,42,64.33,1,0,25,5.9,9.1,annual,bank_transfer,south,1,1,0
ALT-1958,37,60.09,1,1,30,5.2,5.0,annual,card,north,0,1,0
ALT-1959,39,94.84,1,3,17,7.4,13.8,monthly,digital_wallet,south,1,0,0
ALT-1960,59,92.81,3,1,12,7.0,4.3,annual,digital_wallet,center,0,1,0
ALT-1961,69,117.8,1,1,13,3.5,7.2,quarterly,bank_transfer,north,0,1,0
ALT-1962,1,78.61,1,2,20,1.9,14.2,quarterly,card,metro,1,1,0
ALT-1963,52,89.34,2,0,27,5.2,6.3,quarterly,card,north,0,0,0
ALT-1964,66,123.92,2,3,27,7.9,4.4,quarterly,digital_wallet,metro,1,0,0
ALT-1965,38,84.84,2,0,20,8.7,4.6,monthly,card,south,0,1,0
ALT-1966,15,57.13,0,0,17,1.4,8.3,monthly,bank_transfer,south,1,0,0
ALT-1967,36,77.38,0,1,22,5.5,6.7,annual,card,north,0,0,0
ALT-1968,30,55.93,1,1,23,3.1,2.0,annual,digital_wallet,north,1,0,0
ALT-1969,69,121.96,1,2,24,5.8,9.1,monthly,card,center,1,1,0
ALT-1970,15,35.69,5,0,26,6.9,1.9,annual,card,south,1,1,0
ALT-1971,7,65.55,6,1,14,6.3,7.4,monthly,bank_transfer,north,1,1,1
ALT-1972,6,59.56,2,3,18,4.4,11.4,quarterly,bank_transfer,center,0,0,1
ALT-1973,36,66.78,3,2,28,10.0,8.9,annual,bank_transfer,center,0,0,0
ALT-1974,63,124.41,2,3,2,5.5,10.1,monthly,card,metro,1,1,0
ALT-1975,44,94.34,2,0,19,7.9,9.3,monthly,card,center,1,0,0
ALT-1976,7,53.32,1,1,16,7.2,7.2,monthly,card,center,1,0,0
ALT-1977,71,137.02,5,1,28,3.4,6.4,monthly,digital_wallet,center,0,0,0
ALT-1978,54,111.12,2,1,14,8.3,7.4,monthly,digital_wallet,metro,0,0,0
ALT-1979,12,71.58,2,2,31,5.5,6.6,monthly,card,south,0,0,0
ALT-1980,20,76.68,3,0,21,6.6,12.3,monthly,bank_transfer,north,0,1,0
ALT-1981,48,101.84,3,1,16,4.5,11.4,quarterly,card,metro,1,0,0
ALT-1982,44,67.1,1,0,7,9.1,5.8,annual,card,center,0,1,0
ALT-1983,52,101.5,1,0,22,6.6,6.2,monthly,bank_transfer,metro,1,1,0
ALT-1984,61,129.82,2,2,20,7.5,7.6,monthly,cash,south,1,1,0
ALT-1985,28,57.89,1,0,15,9.8,8.9,monthly,bank_transfer,center,0,1,0
ALT-1986,44,112.99,3,0,10,5.5,8.8,monthly,cash,center,1,0,0
ALT-1987,53,82.7,2,0,1,7.9,11.5,annual,cash,south,0,0,0
ALT-1988,58,122.69,5,0,22,9.3,9.3,monthly,cash,metro,1,1,0
ALT-1989,28,81.89,3,1,20,2.8,8.3,quarterly,bank_transfer,metro,1,0,0
ALT-1990,46,86.65,2,0,11,6.2,1.1,monthly,cash,metro,0,0,0
ALT-1991,20,58.26,4,1,8,4.0,6.2,quarterly,digital_wallet,south,1,0,1
ALT-1992,72,122.95,2,1,25,6.5,10.6,monthly,card,metro,0,1,0
ALT-1993,8,58.56,3,2,19,3.5,0.8,monthly,bank_transfer,center,1,1,1
ALT-1994,53,97.49,2,2,31,4.6,9.5,quarterly,card,north,1,1,0
ALT-1995,67,130.04,4,2,24,7.1,10.9,monthly,card,center,0,1,0
ALT-1996,32,60.73,2,0,25,5.1,0.2,monthly,bank_transfer,north,1,1,0
ALT-1997,43,40.52,2,0,22,8.0,3.7,annual,bank_transfer,metro,1,0,0
ALT-1998,59,105.65,1,1,19,8.4,13.3,monthly,digital_wallet,north,1,0,0
ALT-1999,47,109.38,3,2,25,4.3,11.9,monthly,card,north,0,0,0
ALT-2000,49,105.01,2,2,25,6.1,9.0,monthly,cash,center,1,0,0
