customer_id,tenure_months,monthly_spend,support_tickets,late_payments,num_logins_30d,satisfaction_score,streaming_hours_week,contract_type,payment_method,region,uses_mobile_app,uses_addon_security,churn
CUST-0001,38,47.54,0,1,25,5,7.8,Mensual,Tarjeta,Centro,1,0,0
CUST-0002,30,43.58,2,0,26,7,9.6,Bienal,Transferencia,Norte,1,1,0
CUST-0003,15,99.83,3,0,10,5,4.4,Mensual,Tarjeta,Sur,1,0,1
CUST-0004,17,69.64,3,1,30,8,4.2,Mensual,Transferencia,Centro,1,0,0
CUST-0005,44,54.81,3,0,16,9,11.6,Mensual,Billetera,Occidente,1,1,0
CUST-0006,13,88.42,5,0,16,3,1.5,Mensual,Transferencia,Sur,1,0,1
CUST-0007,20,58.51,0,0,25,6,16.2,Mensual,Billetera,Centro,1,1,0
CUST-0008,13,80.83,3,1,7,3,2.2,Mensual,Débito,Centro,1,0,1
CUST-0009,49,43.52,0,0,26,7,9.6,Mensual,Transferencia,Norte,1,0,0
CUST-0010,31,42.02,1,0,15,7,12.2,Mensual,Tarjeta,Occidente,0,1,0
CUST-0011,28,54.23,2,1,1,7,12.1,Anual,Transferencia,Norte,1,0,0
CUST-0012,10,56.54,4,3,20,5,1.9,Mensual,Transferencia,Occidente,1,0,0
CUST-0013,14,35.96,2,1,31,4,9.4,Mensual,Billetera,Centro,1,0,0
CUST-0014,12,66.47,2,0,12,5,4.0,Mensual,Transferencia,Centro,1,0,0
CUST-0015,42,26.28,0,0,27,8,7.3,Anual,Débito,Sur,1,1,0
CUST-0016,25,32.68,2,0,24,8,9.9,Bienal,Billetera,Occidente,1,1,0
CUST-0017,20,41.93,1,0,38,8,6.9,Bienal,Billetera,Norte,1,0,0
CUST-0018,33,41.08,2,1,23,7,4.6,Anual,Transferencia,Centro,1,0,0
CUST-0019,15,70.86,3,2,14,7,3.1,Mensual,Billetera,Sur,1,0,0
CUST-0020,24,44.63,0,0,32,7,10.0,Anual,Billetera,Sur,0,0,0
CUST-0021,21,58.36,1,0,33,6,10.6,Mensual,Débito,Centro,1,1,0
CUST-0022,33,49.65,1,0,27,7,9.5,Mensual,Billetera,Centro,1,1,0
CUST-0023,12,89.33,6,2,6,6,4.4,Anual,Transferencia,Occidente,1,0,1
CUST-0024,14,94.4,4,2,11,4,5.4,Mensual,Tarjeta,Centro,1,0,0
CUST-0025,18,98.07,3,1,32,8,11.6,Bienal,Tarjeta,Sur,1,1,0
CUST-0026,44,44.63,1,0,17,7,9.7,Anual,Tarjeta,Sur,1,1,0
CUST-0027,23,64.61,2,0,10,7,7.2,Anual,Débito,Centro,1,0,0
CUST-0028,39,55.09,0,0,40,8,3.4,Mensual,Transferencia,Occidente,1,1,0
CUST-0029,40,57.71,0,0,24,8,3.4,Anual,Débito,Centro,1,1,0
CUST-0030,18,72.07,4,0,35,8,17.2,Mensual,Billetera,Norte,1,0,0
CUST-0031,4,64.39,4,1,45,7,13.9,Mensual,Transferencia,Sur,1,1,0
CUST-0032,10,61.75,5,0,1,4,5.0,Mensual,Billetera,Sur,1,0,1
CUST-0033,20,52.98,1,2,25,8,10.4,Anual,Tarjeta,Sur,1,0,0
CUST-0034,22,56.58,0,0,1,7,14.7,Bienal,Débito,Sur,1,0,0
CUST-0035,39,53.36,2,0,27,9,12.6,Anual,Transferencia,Norte,0,0,0
CUST-0036,30,43.12,1,0,26,8,14.8,Bienal,Billetera,Norte,1,1,0
CUST-0037,34,54.95,1,0,41,8,10.3,Anual,Tarjeta,Centro,1,1,0
CUST-0038,50,51.03,2,0,23,8,9.3,Mensual,Tarjeta,Sur,1,0,0
CUST-0039,11,46.74,2,0,36,9,11.0,Mensual,Transferencia,Occidente,1,1,0
CUST-0040,20,81.14,5,0,37,6,8.5,Bienal,Tarjeta,Norte,1,1,0
CUST-0041,7,55.05,4,0,19,9,7.2,Bienal,Transferencia,Centro,1,0,0
CUST-0042,1,83.56,2,3,16,5,3.2,Mensual,Transferencia,Sur,1,0,0
CUST-0043,1,54.96,0,1,19,8,17.4,Anual,Transferencia,Centro,1,0,0
CUST-0044,51,43.77,0,0,40,7,8.9,Anual,Tarjeta,Centro,1,1,0
CUST-0045,4,60.3,3,2,15,8,4.1,Mensual,Billetera,Occidente,1,1,0
CUST-0046,5,70.61,3,0,3,3,4.8,Mensual,Transferencia,Norte,1,0,1
CUST-0047,34,43.47,0,2,24,6,9.6,Bienal,Tarjeta,Occidente,1,0,0
CUST-0048,32,47.63,1,0,23,9,6.9,Anual,Tarjeta,Sur,1,0,0
CUST-0049,13,81.48,0,0,37,7,16.9,Anual,Billetera,Sur,1,0,0
CUST-0050,52,51.59,1,0,24,9,10.7,Bienal,Transferencia,Occidente,1,0,0
CUST-0051,14,71.72,0,0,21,9,7.4,Bienal,Débito,Sur,0,0,0
CUST-0052,24,38.62,0,0,29,8,10.2,Bienal,Débito,Sur,1,1,0
CUST-0053,1,87.0,6,3,11,7,9.9,Anual,Transferencia,Centro,1,0,1
CUST-0054,38,72.6,4,0,38,8,8.0,Anual,Billetera,Sur,1,1,0
CUST-0055,30,67.64,6,1,16,8,9.8,Bienal,Transferencia,Centro,1,0,0
CUST-0056,9,92.89,5,3,20,4,3.3,Anual,Tarjeta,Sur,1,0,1
CUST-0057,25,48.49,2,3,33,8,8.4,Mensual,Transferencia,Centro,1,0,0
CUST-0058,31,60.65,1,2,16,8,8.7,Mensual,Billetera,Norte,1,0,0
CUST-0059,22,40.6,0,1,24,8,8.2,Anual,Tarjeta,Sur,1,1,0
CUST-0060,31,53.39,2,1,22,9,6.9,Anual,Tarjeta,Centro,1,1,0
CUST-0061,6,47.52,6,1,22,8,16.7,Mensual,Billetera,Occidente,0,1,0
CUST-0062,33,57.48,1,0,24,8,9.5,Anual,Tarjeta,Sur,1,1,0
CUST-0063,12,57.44,3,3,29,6,8.2,Anual,Billetera,Centro,1,0,0
CUST-0064,2,78.29,1,0,28,8,13.6,Mensual,Billetera,Centro,1,0,0
CUST-0065,20,74.25,0,3,26,6,4.7,Mensual,Billetera,Centro,1,0,0
CUST-0066,16,56.59,1,1,22,9,9.4,Anual,Débito,Norte,1,0,0
CUST-0067,12,56.26,4,1,33,6,14.3,Mensual,Billetera,Norte,1,0,0
CUST-0068,35,69.71,1,0,19,7,7.9,Bienal,Débito,Norte,1,1,0
CUST-0069,42,59.12,0,0,29,7,9.0,Anual,Billetera,Sur,1,0,0
CUST-0070,44,60.65,1,0,28,8,12.6,Anual,Transferencia,Occidente,1,0,0
CUST-0071,22,42.19,2,0,35,9,9.7,Bienal,Billetera,Norte,1,0,0
CUST-0072,17,56.59,1,0,13,9,13.6,Mensual,Transferencia,Centro,1,1,0
CUST-0073,11,37.63,3,2,17,5,6.0,Mensual,Tarjeta,Occidente,1,0,0
CUST-0074,32,41.04,1,0,24,7,11.4,Anual,Débito,Norte,1,0,0
CUST-0075,46,49.24,3,1,26,10,13.7,Anual,Tarjeta,Norte,1,1,0
CUST-0076,26,40.89,1,0,13,8,6.8,Mensual,Tarjeta,Occidente,1,1,0
CUST-0077,49,44.18,1,0,24,8,8.6,Mensual,Transferencia,Centro,1,0,0
CUST-0078,24,58.58,3,0,31,9,6.9,Mensual,Billetera,Norte,1,1,0
CUST-0079,11,93.47,0,0,29,7,9.7,Anual,Billetera,Occidente,0,0,0
CUST-0080,6,119.39,5,1,20,5,9.1,Mensual,Débito,Occidente,1,0,1
CUST-0081,7,97.97,1,4,26,4,16.2,Mensual,Débito,Norte,1,0,0
CUST-0082,44,42.2,1,3,14,10,10.2,Anual,Débito,Centro,1,0,0
CUST-0083,5,82.91,4,2,5,5,8.7,Mensual,Tarjeta,Sur,1,0,1
CUST-0084,39,59.67,1,0,16,8,7.6,Mensual,Débito,Occidente,1,1,0
CUST-0085,36,78.66,0,1,26,8,15.2,Anual,Transferencia,Sur,1,0,0
CUST-0086,24,48.89,1,0,20,7,9.7,Anual,Billetera,Centro,0,0,0
CUST-0087,26,81.57,1,0,42,5,17.3,Anual,Billetera,Occidente,1,1,0
CUST-0088,45,48.15,2,0,17,8,12.6,Mensual,Transferencia,Norte,1,1,0
CUST-0089,24,34.02,1,0,28,8,10.7,Mensual,Billetera,Occidente,1,0,0
CUST-0090,18,53.65,0,0,38,8,14.1,Anual,Tarjeta,Occidente,1,1,0
CUST-0091,29,53.47,3,1,27,8,7.2,Bienal,Tarjeta,Centro,1,1,0
CUST-0092,22,71.32,1,2,23,5,16.3,Mensual,Billetera,Occidente,1,0,0
CUST-0093,35,56.53,0,1,18,9,11.1,Anual,Transferencia,Norte,1,1,0
CUST-0094,24,50.04,1,1,22,9,7.7,Mensual,Débito,Centro,1,1,0
CUST-0095,39,52.85,0,0,24,8,11.1,Anual,Débito,Centro,1,1,0
CUST-0096,27,84.4,3,1,29,8,6.2,Mensual,Billetera,Norte,1,0,0
CUST-0097,46,57.9,0,1,17,8,9.8,Bienal,Transferencia,Occidente,1,0,0
CUST-0098,46,48.46,0,1,26,7,13.9,Anual,Débito,Occidente,1,1,0
CUST-0099,28,53.74,0,0,21,7,12.2,Mensual,Débito,Norte,1,1,0
CUST-0100,1,64.21,5,2,8,3,4.6,Mensual,Transferencia,Occidente,1,0,1
CUST-0101,10,70.06,0,3,29,6,6.6,Mensual,Transferencia,Sur,0,0,0
CUST-0102,19,79.31,1,2,18,6,12.7,Mensual,Billetera,Sur,1,0,0
CUST-0103,31,49.23,1,0,24,8,8.3,Anual,Tarjeta,Sur,1,1,0
CUST-0104,16,51.57,4,6,18,4,2.3,Mensual,Tarjeta,Sur,1,0,1
CUST-0105,6,63.45,3,2,29,6,14.5,Anual,Billetera,Occidente,1,0,0
CUST-0106,11,61.9,3,0,22,4,8.8,Mensual,Billetera,Centro,1,0,0
CUST-0107,28,53.79,1,1,14,9,14.0,Anual,Débito,Sur,1,0,0
CUST-0108,35,44.7,2,1,33,8,8.7,Bienal,Débito,Centro,1,0,0
CUST-0109,54,58.51,5,0,24,8,14.8,Anual,Débito,Centro,1,1,0
CUST-0110,8,95.61,1,1,22,6,9.3,Mensual,Tarjeta,Centro,0,0,0
CUST-0111,18,33.22,1,1,8,9,11.8,Anual,Débito,Centro,1,1,0
CUST-0112,10,46.33,3,2,32,9,9.8,Mensual,Tarjeta,Centro,1,1,0
CUST-0113,49,48.5,1,1,22,9,10.9,Mensual,Débito,Centro,1,1,0
CUST-0114,8,70.66,0,0,37,7,10.8,Mensual,Tarjeta,Centro,1,0,0
CUST-0115,30,29.97,0,0,27,7,4.4,Mensual,Débito,Sur,1,1,0
CUST-0116,1,94.88,7,1,17,4,6.8,Mensual,Tarjeta,Occidente,1,0,1
CUST-0117,16,69.15,2,1,28,8,18.7,Mensual,Débito,Centro,1,1,0
CUST-0118,21,61.91,0,0,32,7,14.2,Mensual,Billetera,Centro,1,0,0
CUST-0119,56,36.72,1,1,34,10,10.3,Anual,Transferencia,Norte,1,1,0
CUST-0120,26,99.27,3,1,35,7,14.6,Mensual,Tarjeta,Norte,1,0,0
CUST-0121,25,80.87,0,0,28,7,9.5,Anual,Billetera,Occidente,0,0,0
CUST-0122,29,72.46,4,1,39,7,6.6,Mensual,Billetera,Occidente,1,0,0
CUST-0123,49,44.28,1,1,30,9,10.9,Mensual,Débito,Norte,1,1,0
CUST-0124,38,43.85,0,0,11,8,5.7,Anual,Tarjeta,Centro,0,1,0
CUST-0125,19,72.68,0,0,18,8,7.1,Bienal,Transferencia,Occidente,0,0,0
CUST-0126,21,102.4,1,2,38,6,9.2,Mensual,Billetera,Occidente,1,0,0
CUST-0127,25,55.27,0,0,28,8,8.2,Mensual,Débito,Centro,1,1,0
CUST-0128,42,54.34,0,0,24,9,11.8,Bienal,Tarjeta,Sur,1,1,0
CUST-0129,36,40.17,4,0,36,7,7.6,Anual,Billetera,Sur,1,0,0
CUST-0130,2,76.5,2,1,35,6,10.0,Anual,Billetera,Centro,1,0,0
CUST-0131,29,58.11,1,0,33,9,10.3,Bienal,Transferencia,Norte,1,1,0
CUST-0132,18,61.15,4,1,19,7,1.8,Mensual,Tarjeta,Occidente,1,0,0
CUST-0133,14,73.83,2,3,27,6,11.1,Mensual,Billetera,Sur,1,0,0
CUST-0134,38,52.21,3,0,18,8,9.6,Mensual,Débito,Centro,0,1,0
CUST-0135,15,59.16,3,1,28,6,17.7,Mensual,Billetera,Norte,1,0,0
CUST-0136,33,52.55,1,0,23,10,11.6,Anual,Tarjeta,Norte,1,1,0
CUST-0137,1,57.32,6,3,12,6,5.2,Mensual,Débito,Centro,1,0,1
CUST-0138,7,67.79,2,0,32,8,9.0,Mensual,Billetera,Sur,1,0,0
CUST-0139,1,35.88,1,5,14,3,4.6,Mensual,Transferencia,Centro,1,0,1
CUST-0140,48,78.07,1,0,22,8,7.0,Anual,Tarjeta,Occidente,1,1,0
CUST-0141,18,76.33,0,1,24,5,15.0,Anual,Billetera,Sur,1,0,0
CUST-0142,18,85.21,2,0,34,8,11.8,Anual,Billetera,Occidente,1,0,0
CUST-0143,10,70.66,6,4,6,3,2.3,Mensual,Transferencia,Norte,0,0,1
CUST-0144,11,67.44,2,0,32,6,10.6,Anual,Tarjeta,Centro,1,1,0
CUST-0145,24,52.4,3,0,32,8,7.1,Anual,Tarjeta,Centro,1,0,0
CUST-0146,30,45.18,2,1,29,10,9.5,Bienal,Tarjeta,Occidente,1,1,0
CUST-0147,37,32.72,2,2,25,7,7.6,Bienal,Débito,Occidente,0,0,0
CUST-0148,11,60.39,1,1,23,7,11.3,Mensual,Tarjeta,Centro,1,1,0
CUST-0149,28,55.87,1,0,30,9,10.8,Anual,Billetera,Norte,1,1,0
CUST-0150,38,39.11,1,0,22,8,8.5,Bienal,Billetera,Sur,0,1,0
CUST-0151,7,97.94,6,2,11,4,1.9,Mensual,Transferencia,Sur,0,0,1
CUST-0152,14,81.08,1,2,18,7,5.3,Mensual,Tarjeta,Centro,1,0,0
CUST-0153,46,60.7,1,0,29,7,10.1,Anual,Tarjeta,Centro,1,1,0
CUST-0154,27,51.5,3,2,32,7,25.8,Anual,Billetera,Occidente,1,0,0
CUST-0155,32,28.2,0,0,27,7,6.9,Anual,Débito,Occidente,1,1,0
CUST-0156,6,71.0,4,1,37,7,12.3,Bienal,Billetera,Occidente,1,1,0
CUST-0157,37,23.8,1,0,12,10,8.9,Mensual,Tarjeta,Occidente,1,0,0
CUST-0158,25,71.64,0,2,18,4,13.3,Anual,Billetera,Sur,0,0,0
CUST-0159,18,76.32,3,1,29,8,16.8,Anual,Billetera,Centro,1,0,0
CUST-0160,7,52.66,1,3,34,5,17.6,Bienal,Tarjeta,Norte,1,0,0
CUST-0161,34,38.82,4,1,35,8,7.7,Mensual,Transferencia,Occidente,1,1,0
CUST-0162,21,71.35,5,1,13,6,4.7,Mensual,Transferencia,Norte,0,0,0
CUST-0163,42,46.13,1,0,3,9,7.6,Anual,Transferencia,Sur,1,0,0
CUST-0164,29,30.11,1,1,21,7,14.0,Anual,Tarjeta,Centro,1,0,0
CUST-0165,18,66.89,1,1,30,7,13.0,Mensual,Billetera,Centro,1,0,0
CUST-0166,26,50.2,0,0,16,8,12.1,Mensual,Transferencia,Centro,1,1,0
CUST-0167,18,88.39,1,3,17,5,3.8,Mensual,Tarjeta,Occidente,0,0,0
CUST-0168,9,57.34,2,3,22,5,6.1,Mensual,Transferencia,Occidente,1,0,0
CUST-0169,32,57.83,2,0,31,6,4.5,Bienal,Transferencia,Centro,0,1,0
CUST-0170,6,91.0,5,2,4,5,5.4,Mensual,Transferencia,Centro,1,0,1
CUST-0171,51,48.01,1,0,23,6,13.3,Anual,Débito,Centro,1,1,0
CUST-0172,20,68.51,5,1,20,6,6.0,Mensual,Tarjeta,Sur,1,1,0
CUST-0173,43,43.93,2,0,6,8,5.9,Anual,Tarjeta,Sur,1,0,0
CUST-0174,5,73.56,1,3,7,5,6.3,Mensual,Tarjeta,Sur,1,0,0
CUST-0175,30,78.12,1,1,31,7,10.5,Mensual,Transferencia,Occidente,1,0,0
CUST-0176,38,51.75,1,0,15,8,8.0,Mensual,Débito,Norte,1,1,0
CUST-0177,28,23.17,2,1,30,7,13.8,Anual,Transferencia,Centro,1,1,0
CUST-0178,19,64.52,5,3,10,5,8.1,Mensual,Débito,Sur,1,0,0
CUST-0179,13,110.3,1,1,12,3,7.1,Mensual,Débito,Centro,0,0,1
CUST-0180,1,81.64,1,1,25,7,19.1,Mensual,Billetera,Centro,1,0,0
CUST-0181,8,89.59,1,2,0,5,7.0,Anual,Billetera,Norte,0,0,0
CUST-0182,1,83.6,7,2,9,5,6.6,Mensual,Débito,Centro,1,0,1
CUST-0183,20,58.61,2,2,38,9,15.0,Mensual,Tarjeta,Centro,1,1,0
CUST-0184,48,35.32,1,0,20,7,7.3,Anual,Tarjeta,Occidente,1,0,0
CUST-0185,17,64.01,1,1,35,6,7.9,Anual,Billetera,Norte,1,0,0
CUST-0186,1,47.34,3,1,29,6,11.8,Mensual,Débito,Sur,1,1,0
CUST-0187,29,50.75,0,0,24,7,6.2,Anual,Tarjeta,Sur,1,0,0
CUST-0188,48,58.54,2,0,20,9,9.5,Anual,Billetera,Centro,1,1,0
CUST-0189,32,64.51,1,0,25,5,6.0,Mensual,Billetera,Centro,1,0,0
CUST-0190,32,53.33,1,0,24,9,7.5,Bienal,Tarjeta,Sur,1,1,0
CUST-0191,5,87.93,7,0,11,1,2.7,Anual,Transferencia,Centro,1,0,1
CUST-0192,37,45.08,0,1,6,8,9.0,Anual,Billetera,Centro,1,1,0
CUST-0193,32,48.06,0,1,14,7,3.8,Bienal,Transferencia,Centro,1,0,0
CUST-0194,12,93.38,4,2,5,6,1.0,Mensual,Transferencia,Occidente,1,0,1
CUST-0195,31,57.58,1,0,24,8,12.7,Anual,Tarjeta,Occidente,1,1,0
CUST-0196,55,55.95,0,0,29,8,12.4,Anual,Transferencia,Sur,1,0,0
CUST-0197,18,71.14,3,1,26,7,12.3,Anual,Débito,Sur,1,0,0
CUST-0198,9,88.45,4,5,3,2,2.2,Mensual,Débito,Occidente,1,0,1
CUST-0199,38,51.25,1,0,23,9,11.7,Anual,Débito,Sur,1,1,0
CUST-0200,14,46.18,1,2,11,9,11.0,Anual,Tarjeta,Sur,1,0,0
CUST-0201,18,45.19,3,0,36,7,14.1,Mensual,Billetera,Occidente,1,1,0
CUST-0202,8,82.07,4,2,10,6,8.7,Mensual,Billetera,Occidente,0,0,0
CUST-0203,36,81.61,2,0,24,7,13.4,Anual,Débito,Occidente,1,0,0
CUST-0204,44,44.95,1,0,12,9,12.6,Anual,Billetera,Norte,1,1,0
CUST-0205,39,44.37,2,0,16,8,7.4,Anual,Billetera,Centro,1,1,0
CUST-0206,33,59.13,1,0,9,9,15.2,Anual,Tarjeta,Sur,1,0,0
CUST-0207,36,43.14,2,1,26,8,4.8,Anual,Billetera,Sur,1,0,0
CUST-0208,28,52.31,1,2,32,7,13.1,Anual,Tarjeta,Sur,1,0,0
CUST-0209,38,61.93,1,0,16,8,8.1,Bienal,Débito,Norte,1,1,0
CUST-0210,10,67.53,1,1,29,7,10.3,Mensual,Billetera,Sur,1,1,0
CUST-0211,14,47.35,3,1,38,8,17.0,Mensual,Transferencia,Sur,1,1,0
CUST-0212,7,63.08,3,1,22,5,12.0,Anual,Tarjeta,Norte,1,1,1
CUST-0213,33,45.73,1,0,15,9,6.1,Anual,Débito,Occidente,1,0,0
CUST-0214,19,69.39,6,1,5,4,5.5,Mensual,Billetera,Norte,1,0,1
CUST-0215,36,67.57,2,0,28,8,21.2,Anual,Tarjeta,Norte,1,0,0
CUST-0216,18,50.75,3,0,28,7,15.2,Mensual,Billetera,Sur,1,1,0
CUST-0217,35,31.93,2,0,27,9,9.8,Anual,Transferencia,Sur,0,0,0
CUST-0218,30,53.96,2,1,20,9,4.0,Mensual,Débito,Occidente,0,0,0
CUST-0219,10,78.84,5,2,20,5,2.7,Mensual,Transferencia,Centro,1,0,0
CUST-0220,32,43.82,1,0,40,9,3.8,Mensual,Tarjeta,Norte,1,0,0
CUST-0221,22,51.75,1,0,24,7,9.3,Anual,Billetera,Centro,1,1,0
CUST-0222,7,54.0,1,2,18,6,6.1,Mensual,Tarjeta,Centro,1,0,0
CUST-0223,14,71.06,1,2,36,4,17.4,Anual,Débito,Occidente,1,0,0
CUST-0224,8,93.62,5,1,9,6,3.2,Anual,Billetera,Centro,1,0,1
CUST-0225,45,52.9,1,1,35,9,5.2,Mensual,Tarjeta,Norte,1,1,0
CUST-0226,14,87.57,5,1,7,6,3.3,Mensual,Transferencia,Norte,1,0,1
CUST-0227,38,37.06,1,1,17,9,14.3,Anual,Billetera,Norte,1,1,0
CUST-0228,11,62.37,6,0,30,6,17.4,Mensual,Billetera,Centro,1,1,0
CUST-0229,27,74.39,4,1,30,9,20.1,Mensual,Billetera,Sur,1,0,0
CUST-0230,52,62.23,0,0,31,8,12.4,Mensual,Tarjeta,Centro,1,0,0
CUST-0231,20,66.21,1,0,26,9,6.5,Anual,Tarjeta,Centro,0,0,0
CUST-0232,28,50.65,1,0,39,7,14.4,Anual,Billetera,Centro,1,1,0
CUST-0233,11,94.15,4,2,6,5,9.5,Mensual,Billetera,Norte,1,1,0
CUST-0234,5,38.72,3,0,34,8,4.9,Bienal,Billetera,Centro,1,0,0
CUST-0235,19,49.47,0,4,16,7,0.6,Mensual,Transferencia,Centro,1,0,0
CUST-0236,9,77.28,3,2,12,3,8.1,Mensual,Tarjeta,Norte,0,1,1
CUST-0237,33,33.04,1,1,11,8,12.9,Anual,Tarjeta,Sur,1,0,0
CUST-0238,14,44.59,4,4,19,5,7.8,Anual,Billetera,Sur,1,1,0
CUST-0239,24,56.62,0,1,19,8,13.3,Bienal,Transferencia,Sur,1,1,0
CUST-0240,31,20.75,0,0,30,8,7.2,Anual,Débito,Norte,1,1,0
CUST-0241,5,79.33,3,4,1,4,4.1,Mensual,Billetera,Centro,1,0,1
CUST-0242,15,63.49,4,1,6,6,5.1,Anual,Transferencia,Occidente,0,0,0
CUST-0243,20,50.59,1,0,23,10,14.1,Anual,Tarjeta,Sur,1,1,0
CUST-0244,12,60.41,2,1,41,10,13.8,Bienal,Tarjeta,Occidente,1,1,0
CUST-0245,19,75.97,2,2,26,6,16.1,Mensual,Billetera,Occidente,1,1,0
CUST-0246,7,92.1,7,3,21,7,7.0,Anual,Transferencia,Sur,0,0,0
CUST-0247,22,76.82,4,0,29,7,13.9,Anual,Tarjeta,Centro,1,1,0
CUST-0248,38,15.0,1,0,36,5,11.8,Mensual,Tarjeta,Centro,1,1,0
CUST-0249,29,26.66,0,2,11,7,4.2,Mensual,Transferencia,Occidente,1,0,0
CUST-0250,32,25.6,2,1,21,8,12.0,Mensual,Débito,Centro,1,0,0
CUST-0251,21,63.42,1,2,31,8,9.9,Mensual,Billetera,Sur,1,0,0
CUST-0252,20,88.81,5,2,7,2,4.4,Mensual,Tarjeta,Centro,1,0,1
CUST-0253,38,51.0,1,0,27,10,4.5,Anual,Tarjeta,Norte,1,0,0
CUST-0254,42,49.2,1,0,10,7,12.4,Mensual,Transferencia,Norte,1,0,0
CUST-0255,13,54.43,0,0,33,9,12.4,Anual,Tarjeta,Norte,1,0,0
CUST-0256,11,61.05,1,0,38,6,13.0,Bienal,Tarjeta,Occidente,1,0,0
CUST-0257,6,112.69,1,4,14,5,8.3,Mensual,Transferencia,Centro,1,0,0
CUST-0258,30,30.55,1,0,38,9,6.3,Anual,Transferencia,Occidente,0,1,0
CUST-0259,23,53.7,0,0,25,7,10.2,Bienal,Transferencia,Sur,1,1,0
CUST-0260,9,60.75,0,1,33,7,15.5,Mensual,Tarjeta,Centro,1,0,0
CUST-0261,29,33.05,0,0,8,9,11.9,Anual,Transferencia,Centro,1,0,0
CUST-0262,5,74.85,5,4,16,7,6.8,Mensual,Billetera,Centro,1,0,0
CUST-0263,30,58.36,1,1,33,7,10.4,Anual,Débito,Sur,1,0,0
CUST-0264,35,78.37,0,0,13,9,7.5,Mensual,Transferencia,Occidente,0,0,0
CUST-0265,10,92.09,2,2,21,8,8.5,Anual,Billetera,Centro,1,0,0
CUST-0266,34,45.07,2,0,37,8,9.2,Bienal,Débito,Occidente,1,1,0
CUST-0267,32,55.34,3,0,22,10,17.1,Bienal,Tarjeta,Centro,1,0,0
CUST-0268,35,55.35,2,0,14,7,11.3,Anual,Débito,Norte,1,0,0
CUST-0269,47,27.12,1,0,45,6,11.1,Anual,Tarjeta,Centro,1,1,0
CUST-0270,42,31.62,4,0,33,7,8.7,Anual,Billetera,Centro,1,1,0
CUST-0271,48,49.04,0,0,19,7,6.7,Anual,Tarjeta,Norte,1,1,0
CUST-0272,32,43.22,0,0,7,9,9.7,Anual,Débito,Norte,1,1,0
CUST-0273,18,51.7,1,1,28,7,4.7,Anual,Débito,Norte,1,1,0
CUST-0274,10,48.31,2,2,28,7,6.7,Mensual,Transferencia,Centro,1,0,0
CUST-0275,32,84.6,1,1,33,6,15.0,Anual,Débito,Sur,1,0,0
CUST-0276,43,42.6,0,0,18,8,5.4,Mensual,Débito,Centro,1,1,0
CUST-0277,22,46.19,1,1,27,10,10.1,Bienal,Transferencia,Norte,1,1,0
CUST-0278,25,67.35,1,1,44,5,8.8,Mensual,Billetera,Centro,1,1,0
CUST-0279,15,110.62,3,1,17,6,2.8,Mensual,Transferencia,Occidente,1,0,0
CUST-0280,13,81.14,3,1,11,4,6.4,Anual,Tarjeta,Sur,1,1,0
CUST-0281,45,60.33,0,0,12,9,10.5,Mensual,Tarjeta,Sur,1,1,0
CUST-0282,17,57.83,2,1,37,8,14.9,Anual,Transferencia,Occidente,1,1,0
CUST-0283,48,41.3,1,0,38,10,4.0,Anual,Transferencia,Occidente,1,0,0
CUST-0284,28,68.37,2,0,40,9,3.5,Anual,Transferencia,Sur,1,1,0
CUST-0285,11,63.51,2,0,16,6,16.0,Bienal,Billetera,Occidente,1,1,0
CUST-0286,43,33.08,2,1,30,9,6.8,Bienal,Débito,Centro,1,1,0
CUST-0287,16,65.93,1,0,18,9,12.0,Anual,Tarjeta,Centro,0,1,0
CUST-0288,26,66.82,2,1,23,9,7.0,Anual,Débito,Centro,1,0,0
CUST-0289,15,60.43,2,0,29,6,16.9,Anual,Billetera,Centro,1,1,0
CUST-0290,31,57.62,2,0,14,8,5.7,Anual,Débito,Sur,1,1,0
CUST-0291,2,85.72,3,0,14,9,4.9,Mensual,Débito,Occidente,1,0,0
CUST-0292,60,56.47,0,0,13,9,6.1,Mensual,Tarjeta,Centro,1,1,0
CUST-0293,2,44.31,6,2,1,8,0.3,Mensual,Transferencia,Occidente,1,1,1
CUST-0294,37,55.6,0,0,23,7,6.2,Mensual,Billetera,Occidente,1,0,0
CUST-0295,28,75.81,4,2,0,5,1.4,Mensual,Billetera,Sur,1,0,1
CUST-0296,4,99.39,3,1,23,4,9.6,Mensual,Billetera,Centro,1,0,1
CUST-0297,23,73.34,2,2,20,6,11.1,Mensual,Transferencia,Sur,0,0,0
CUST-0298,13,76.96,2,3,1,4,6.4,Mensual,Billetera,Norte,0,0,1
CUST-0299,28,43.99,4,2,26,6,7.5,Mensual,Billetera,Centro,1,0,0
CUST-0300,3,47.79,1,1,29,8,1.3,Mensual,Débito,Sur,1,0,0
CUST-0301,3,81.63,1,0,28,9,13.4,Mensual,Billetera,Norte,1,1,0
CUST-0302,35,63.87,0,0,37,10,9.0,Bienal,Transferencia,Centro,1,0,0
CUST-0303,17,53.03,0,2,39,8,10.9,Mensual,Billetera,Sur,1,1,0
CUST-0304,31,73.67,1,1,23,7,3.6,Mensual,Tarjeta,Occidente,1,0,0
CUST-0305,15,67.91,6,1,0,5,7.6,Anual,Transferencia,Norte,0,0,1
CUST-0306,35,60.68,1,0,27,7,6.9,Bienal,Billetera,Sur,1,1,0
CUST-0307,38,51.63,1,0,28,8,12.3,Bienal,Tarjeta,Centro,1,0,0
CUST-0308,28,86.57,1,0,22,6,10.7,Anual,Tarjeta,Norte,1,1,0
CUST-0309,33,69.26,3,0,22,7,9.2,Bienal,Débito,Norte,1,0,0
CUST-0310,39,43.59,2,1,14,7,12.8,Bienal,Tarjeta,Norte,1,1,0
CUST-0311,16,54.88,2,0,22,8,11.5,Anual,Transferencia,Occidente,1,1,0
CUST-0312,47,41.67,1,0,15,9,11.7,Anual,Tarjeta,Sur,1,0,0
CUST-0313,33,56.48,1,1,24,10,10.7,Bienal,Débito,Centro,1,0,0
CUST-0314,49,53.71,2,1,18,8,7.9,Bienal,Débito,Centro,0,0,0
CUST-0315,42,57.42,1,0,15,7,9.1,Anual,Transferencia,Norte,1,0,0
CUST-0316,24,35.87,0,0,20,8,12.2,Bienal,Transferencia,Centro,1,1,0
CUST-0317,31,43.98,0,0,16,8,10.5,Mensual,Transferencia,Centro,1,1,0
CUST-0318,14,71.22,4,0,17,8,7.7,Mensual,Tarjeta,Centro,1,1,0
CUST-0319,28,35.95,1,0,31,7,14.2,Bienal,Tarjeta,Norte,1,1,0
CUST-0320,16,105.0,2,4,0,5,9.4,Mensual,Tarjeta,Norte,1,1,0
CUST-0321,9,110.96,6,5,6,7,6.7,Mensual,Débito,Sur,0,0,1
CUST-0322,16,51.02,1,1,21,9,18.2,Anual,Billetera,Sur,1,0,0
CUST-0323,54,48.43,2,0,24,8,5.5,Bienal,Transferencia,Occidente,1,0,0
CUST-0324,17,45.69,2,0,25,5,9.5,Anual,Transferencia,Norte,1,0,0
CUST-0325,24,71.73,5,2,17,4,7.4,Mensual,Transferencia,Centro,0,0,1
CUST-0326,18,54.9,0,0,25,7,8.0,Anual,Billetera,Centro,1,0,0
CUST-0327,8,53.19,4,0,13,4,9.1,Mensual,Transferencia,Norte,0,0,1
CUST-0328,23,58.51,4,1,29,5,10.3,Mensual,Débito,Centro,1,1,0
CUST-0329,6,86.2,3,0,34,5,16.3,Mensual,Transferencia,Sur,1,0,0
CUST-0330,24,43.16,0,0,10,8,11.4,Bienal,Tarjeta,Norte,1,1,0
CUST-0331,26,47.23,4,0,27,5,7.9,Mensual,Billetera,Norte,1,0,0
CUST-0332,42,36.69,3,0,29,10,4.1,Mensual,Transferencia,Sur,1,1,0
CUST-0333,5,60.0,1,1,28,6,12.8,Anual,Transferencia,Norte,1,0,0
CUST-0334,5,68.14,5,0,18,8,7.3,Bienal,Débito,Centro,0,0,0
CUST-0335,31,48.5,1,0,22,6,14.2,Anual,Débito,Sur,1,1,0
CUST-0336,39,79.31,6,4,26,5,7.6,Anual,Billetera,Occidente,1,0,0
CUST-0337,37,45.67,2,0,15,8,10.4,Mensual,Billetera,Centro,1,1,0
CUST-0338,3,39.3,1,0,25,6,10.4,Mensual,Billetera,Centro,1,0,0
CUST-0339,35,63.58,1,0,24,9,12.9,Bienal,Débito,Norte,1,0,0
CUST-0340,8,69.73,4,1,0,8,4.0,Mensual,Transferencia,Norte,1,0,1
CUST-0341,53,55.27,0,0,9,10,7.3,Anual,Débito,Centro,1,1,0
CUST-0342,22,85.9,7,3,5,5,8.6,Mensual,Billetera,Occidente,1,1,1
CUST-0343,6,93.08,5,2,9,5,8.7,Mensual,Transferencia,Norte,1,1,0
CUST-0344,21,71.74,0,1,38,7,6.0,Mensual,Billetera,Occidente,1,1,0
CUST-0345,12,48.38,5,1,11,5,4.0,Mensual,Transferencia,Centro,1,0,0
CUST-0346,1,93.17,1,3,16,5,4.0,Mensual,Débito,Occidente,1,0,0
CUST-0347,12,80.47,4,1,14,5,1.4,Mensual,Débito,Norte,1,1,0
CUST-0348,49,54.33,1,0,22,8,7.7,Mensual,Billetera,Occidente,1,1,0
CUST-0349,12,55.07,3,1,28,5,15.3,Mensual,Transferencia,Centro,1,0,0
CUST-0350,48,58.18,1,0,14,8,7.8,Anual,Transferencia,Occidente,0,1,0
CUST-0351,23,62.02,2,0,21,7,8.3,Mensual,Billetera,Sur,1,0,0
CUST-0352,46,69.0,2,0,16,8,2.0,Mensual,Tarjeta,Occidente,1,0,0
CUST-0353,9,55.89,1,0,27,9,9.1,Mensual,Billetera,Occidente,1,0,0
CUST-0354,22,69.32,2,1,33,7,14.7,Bienal,Billetera,Sur,1,1,0
CUST-0355,25,62.83,0,2,11,9,7.8,Bienal,Tarjeta,Occidente,1,1,0
CUST-0356,21,50.14,1,1,30,7,9.6,Anual,Débito,Norte,1,1,0
CUST-0357,11,58.8,2,1,29,5,11.3,Mensual,Billetera,Sur,1,0,0
CUST-0358,20,102.98,3,3,10,7,10.0,Mensual,Tarjeta,Norte,1,0,0
CUST-0359,18,71.34,0,0,27,7,14.5,Bienal,Billetera,Occidente,1,1,0
CUST-0360,19,57.58,3,0,38,7,12.3,Anual,Transferencia,Centro,1,0,0
CUST-0361,1,62.23,4,2,11,4,8.3,Mensual,Billetera,Norte,1,1,0
CUST-0362,32,40.06,0,0,24,9,11.7,Bienal,Tarjeta,Norte,0,0,0
CUST-0363,60,45.72,4,0,20,9,3.7,Mensual,Débito,Sur,0,0,0
CUST-0364,32,55.59,4,0,32,7,13.1,Mensual,Transferencia,Centro,1,1,0
CUST-0365,11,80.6,2,1,37,7,17.0,Mensual,Tarjeta,Centro,1,0,0
CUST-0366,30,53.06,1,0,23,8,8.5,Anual,Transferencia,Occidente,1,1,0
CUST-0367,25,65.23,2,1,38,8,7.9,Mensual,Billetera,Occidente,1,0,0
CUST-0368,1,57.12,3,0,20,6,7.0,Bienal,Billetera,Centro,1,1,0
CUST-0369,14,60.23,1,0,19,8,6.8,Anual,Débito,Centro,1,1,0
CUST-0370,13,80.85,4,2,13,5,3.7,Mensual,Débito,Norte,1,0,0
CUST-0371,12,40.53,1,0,48,7,6.8,Mensual,Billetera,Norte,1,0,0
CUST-0372,51,52.59,2,0,29,8,11.0,Mensual,Billetera,Occidente,1,1,0
CUST-0373,38,41.69,1,2,26,9,10.7,Anual,Débito,Centro,0,1,0
CUST-0374,32,48.73,2,0,29,6,12.3,Mensual,Transferencia,Centro,1,0,0
CUST-0375,46,50.42,1,0,23,7,7.8,Mensual,Débito,Norte,1,1,0
CUST-0376,42,46.99,1,1,20,9,7.4,Anual,Débito,Norte,1,0,0
CUST-0377,16,73.2,3,2,9,6,0.0,Mensual,Transferencia,Centro,1,0,0
CUST-0378,29,51.88,1,1,27,9,2.4,Anual,Tarjeta,Sur,1,1,0
CUST-0379,33,56.6,1,0,24,8,6.6,Bienal,Débito,Occidente,1,1,0
CUST-0380,11,76.89,3,0,30,5,11.2,Mensual,Billetera,Sur,1,1,0
CUST-0381,1,51.81,0,3,31,6,7.4,Anual,Tarjeta,Centro,1,1,0
CUST-0382,15,68.8,2,3,7,4,3.6,Mensual,Billetera,Sur,0,0,0
CUST-0383,18,76.09,4,3,14,3,4.4,Mensual,Billetera,Sur,0,0,1
CUST-0384,29,48.69,1,0,7,8,1.6,Anual,Tarjeta,Norte,1,0,0
CUST-0385,36,24.62,0,1,28,8,7.4,Bienal,Billetera,Norte,1,0,0
CUST-0386,10,87.97,4,1,10,3,12.3,Mensual,Transferencia,Norte,1,1,0
CUST-0387,15,46.26,5,2,38,5,9.7,Bienal,Billetera,Occidente,1,0,0
CUST-0388,17,75.37,5,0,13,3,2.5,Anual,Billetera,Sur,0,0,0
CUST-0389,49,49.2,0,1,15,8,11.0,Anual,Billetera,Centro,1,1,0
CUST-0390,14,99.45,5,3,16,6,6.3,Anual,Transferencia,Occidente,1,0,0
CUST-0391,14,51.87,5,1,21,7,11.3,Mensual,Billetera,Occidente,1,1,0
CUST-0392,27,48.92,2,0,30,7,11.6,Anual,Tarjeta,Occidente,0,1,0
CUST-0393,5,72.32,0,2,41,6,6.7,Mensual,Débito,Occidente,1,0,0
CUST-0394,13,51.86,2,2,28,6,5.2,Anual,Billetera,Centro,1,0,0
CUST-0395,33,62.38,1,0,11,8,6.7,Bienal,Tarjeta,Occidente,1,1,0
CUST-0396,45,40.2,4,0,29,8,8.6,Anual,Tarjeta,Centro,1,1,0
CUST-0397,22,77.6,2,4,1,8,2.1,Mensual,Débito,Centro,1,0,0
CUST-0398,34,54.53,2,0,37,7,11.3,Bienal,Tarjeta,Occidente,1,1,0
CUST-0399,35,48.13,2,0,18,10,4.8,Mensual,Transferencia,Occidente,1,0,0
CUST-0400,37,63.84,1,0,9,8,6.6,Anual,Tarjeta,Centro,1,0,0
CUST-0401,24,62.86,2,0,35,7,11.2,Mensual,Tarjeta,Occidente,1,0,0
CUST-0402,11,87.48,4,3,8,5,7.3,Mensual,Tarjeta,Occidente,0,0,0
CUST-0403,18,84.74,2,1,7,7,9.5,Mensual,Transferencia,Norte,0,0,0
CUST-0404,39,52.94,4,1,12,8,15.4,Mensual,Tarjeta,Centro,1,0,0
CUST-0405,4,100.03,3,1,8,7,16.5,Mensual,Tarjeta,Sur,1,0,1
CUST-0406,10,110.0,5,5,7,4,7.2,Mensual,Billetera,Occidente,1,0,1
CUST-0407,44,42.61,2,0,34,9,6.9,Anual,Transferencia,Norte,1,1,0
CUST-0408,3,90.17,4,3,9,5,7.0,Anual,Billetera,Sur,1,0,0
CUST-0409,31,28.08,1,0,19,10,5.5,Bienal,Billetera,Norte,1,1,0
CUST-0410,8,65.63,6,2,1,5,6.7,Mensual,Billetera,Sur,1,0,1
CUST-0411,23,88.6,1,1,31,5,7.9,Mensual,Tarjeta,Sur,1,0,0
CUST-0412,14,46.15,4,0,22,5,13.6,Bienal,Transferencia,Norte,1,0,0
CUST-0413,24,70.32,2,1,24,8,8.7,Bienal,Transferencia,Occidente,1,0,0
CUST-0414,13,81.57,4,2,5,3,8.9,Mensual,Billetera,Norte,1,0,0
CUST-0415,35,55.88,4,0,25,8,9.8,Anual,Débito,Occidente,1,1,0
CUST-0416,60,56.37,1,1,29,8,10.2,Mensual,Transferencia,Occidente,1,0,0
CUST-0417,42,41.19,2,0,25,9,6.4,Anual,Tarjeta,Sur,1,0,0
CUST-0418,23,67.72,3,1,20,7,15.7,Bienal,Tarjeta,Sur,1,0,0
CUST-0419,39,57.36,0,1,19,9,8.3,Anual,Tarjeta,Occidente,1,1,0
CUST-0420,22,100.96,2,2,10,3,3.6,Mensual,Transferencia,Sur,0,0,0
CUST-0421,20,57.99,3,0,14,9,20.3,Mensual,Transferencia,Occidente,1,0,0
CUST-0422,33,42.17,3,0,25,9,8.5,Bienal,Tarjeta,Centro,1,0,0
CUST-0423,32,66.48,2,0,36,8,13.0,Mensual,Transferencia,Sur,1,1,0
CUST-0424,26,54.98,3,1,29,8,11.2,Bienal,Tarjeta,Norte,1,1,0
CUST-0425,11,49.28,2,1,32,7,10.5,Mensual,Billetera,Centro,1,1,0
CUST-0426,23,99.63,3,2,4,6,5.0,Mensual,Débito,Centro,0,0,0
CUST-0427,49,57.74,1,0,19,7,10.5,Anual,Tarjeta,Occidente,0,1,0
CUST-0428,7,80.63,3,2,14,5,3.8,Mensual,Transferencia,Norte,1,0,0
CUST-0429,19,49.36,1,0,33,8,12.8,Anual,Tarjeta,Occidente,1,1,0
CUST-0430,14,90.36,3,2,12,4,1.1,Mensual,Tarjeta,Sur,0,1,1
CUST-0431,2,71.34,2,4,7,4,5.2,Mensual,Débito,Sur,1,0,0
CUST-0432,23,72.69,3,1,44,8,13.2,Anual,Billetera,Occidente,1,0,0
CUST-0433,13,95.72,1,0,31,6,15.8,Anual,Tarjeta,Centro,1,0,0
CUST-0434,18,97.86,2,4,4,5,0.0,Mensual,Transferencia,Norte,0,0,0
CUST-0435,52,27.33,1,2,28,7,11.1,Bienal,Débito,Sur,1,1,0
CUST-0436,32,49.27,0,1,27,9,7.3,Mensual,Transferencia,Occidente,1,0,0
CUST-0437,23,75.26,3,0,22,4,9.2,Mensual,Transferencia,Occidente,1,0,0
CUST-0438,24,54.41,2,2,37,6,12.9,Mensual,Billetera,Occidente,1,0,0
CUST-0439,12,35.47,1,0,33,6,10.9,Bienal,Billetera,Centro,1,1,0
CUST-0440,7,39.57,0,1,32,7,14.4,Mensual,Billetera,Norte,1,1,0
CUST-0441,11,91.51,5,1,9,3,5.8,Mensual,Transferencia,Sur,0,0,1
CUST-0442,19,42.26,1,0,21,8,7.7,Anual,Billetera,Norte,1,0,0
CUST-0443,5,44.79,2,0,28,7,10.1,Bienal,Billetera,Centro,1,1,0
CUST-0444,47,41.98,3,0,27,8,11.9,Mensual,Billetera,Norte,1,1,0
CUST-0445,33,52.37,3,1,28,8,9.0,Anual,Billetera,Centro,1,0,0
CUST-0446,17,30.15,1,1,36,6,12.2,Mensual,Billetera,Sur,1,0,0
CUST-0447,6,103.32,1,4,9,3,0.5,Mensual,Débito,Occidente,1,0,0
CUST-0448,21,65.37,3,0,20,6,5.7,Mensual,Billetera,Norte,1,0,0
CUST-0449,46,54.48,0,0,30,8,7.9,Mensual,Transferencia,Sur,1,0,0
CUST-0450,13,91.25,4,1,19,8,13.7,Mensual,Billetera,Centro,1,0,0
CUST-0451,14,57.22,0,0,14,9,5.5,Anual,Tarjeta,Centro,0,1,0
CUST-0452,3,67.65,5,5,2,3,7.8,Mensual,Débito,Norte,1,0,1
CUST-0453,36,62.63,2,0,40,9,4.5,Mensual,Tarjeta,Norte,1,0,0
CUST-0454,25,43.0,1,0,36,8,14.4,Anual,Débito,Occidente,1,1,0
CUST-0455,20,57.54,1,0,34,8,6.4,Anual,Débito,Centro,1,0,0
CUST-0456,44,25.05,4,2,28,9,8.4,Anual,Transferencia,Centro,1,1,0
CUST-0457,15,77.98,4,1,20,6,0.6,Mensual,Tarjeta,Centro,1,0,0
CUST-0458,51,38.55,1,0,20,9,12.9,Bienal,Débito,Centro,1,0,0
CUST-0459,6,96.68,2,3,17,4,4.4,Mensual,Tarjeta,Centro,0,0,0
CUST-0460,7,87.69,3,1,14,7,13.5,Mensual,Transferencia,Centro,1,0,0
CUST-0461,1,56.27,3,2,30,5,12.4,Anual,Billetera,Occidente,1,1,0
CUST-0462,15,67.66,1,2,20,8,7.1,Mensual,Débito,Occidente,1,1,0
CUST-0463,3,87.45,3,1,19,6,7.3,Mensual,Billetera,Norte,1,0,0
CUST-0464,47,35.16,2,0,45,8,6.8,Mensual,Tarjeta,Sur,1,0,0
CUST-0465,35,51.97,4,1,36,8,18.1,Bienal,Billetera,Norte,1,1,0
CUST-0466,12,56.55,0,0,26,6,9.0,Mensual,Transferencia,Norte,1,0,0
CUST-0467,12,37.43,2,0,17,6,6.5,Anual,Débito,Sur,1,0,0
CUST-0468,5,80.86,4,1,15,5,4.4,Mensual,Tarjeta,Sur,0,1,0
CUST-0469,24,53.77,2,0,27,7,8.9,Mensual,Tarjeta,Sur,1,1,0
CUST-0470,8,60.33,3,1,17,7,16.3,Mensual,Débito,Centro,1,0,0
CUST-0471,32,36.01,4,0,34,7,12.3,Mensual,Tarjeta,Centro,1,1,0
CUST-0472,46,60.08,1,2,25,8,12.6,Bienal,Tarjeta,Sur,1,1,0
CUST-0473,25,38.32,2,0,19,6,5.1,Anual,Transferencia,Sur,1,1,0
CUST-0474,22,52.08,3,0,16,9,0.5,Mensual,Tarjeta,Centro,1,0,0
CUST-0475,57,31.92,2,0,23,8,6.2,Bienal,Billetera,Sur,1,0,0
CUST-0476,38,50.45,0,0,27,8,11.4,Bienal,Débito,Norte,1,1,0
CUST-0477,42,48.72,0,0,22,9,18.7,Anual,Débito,Sur,1,0,0
CUST-0478,17,75.12,4,2,15,7,7.5,Mensual,Billetera,Sur,1,0,0
CUST-0479,27,60.29,1,0,21,5,14.1,Mensual,Billetera,Sur,1,1,0
CUST-0480,33,40.77,0,1,15,8,9.0,Mensual,Tarjeta,Occidente,0,1,0
CUST-0481,33,41.45,1,0,20,7,9.2,Anual,Transferencia,Centro,1,0,0
CUST-0482,27,56.63,2,1,41,10,11.1,Bienal,Débito,Centro,1,0,0
CUST-0483,13,76.04,0,1,27,7,7.5,Anual,Billetera,Sur,1,1,0
CUST-0484,34,45.66,1,1,25,7,7.7,Bienal,Transferencia,Norte,1,1,0
CUST-0485,60,41.05,1,0,34,7,12.8,Anual,Débito,Sur,1,0,0
CUST-0486,26,46.91,1,0,30,9,9.8,Bienal,Tarjeta,Sur,1,1,0
CUST-0487,33,45.3,3,0,44,7,6.8,Anual,Tarjeta,Sur,1,1,0
CUST-0488,19,27.32,2,0,15,8,7.2,Mensual,Tarjeta,Centro,1,1,0
CUST-0489,27,73.65,2,1,21,9,9.0,Mensual,Débito,Centro,1,0,0
CUST-0490,9,73.43,0,1,36,7,11.6,Anual,Tarjeta,Occidente,1,0,0
CUST-0491,10,54.53,4,1,34,6,14.4,Mensual,Billetera,Centro,1,1,0
CUST-0492,5,90.57,1,0,18,8,7.8,Mensual,Billetera,Centro,1,1,0
CUST-0493,41,74.67,1,0,30,6,14.1,Anual,Billetera,Centro,1,0,0
CUST-0494,13,50.31,0,1,38,9,5.8,Anual,Débito,Occidente,1,1,0
CUST-0495,9,74.77,3,1,8,1,7.0,Mensual,Transferencia,Sur,0,0,1
CUST-0496,23,59.53,1,2,31,5,7.9,Anual,Billetera,Norte,1,0,0
CUST-0497,59,53.85,1,0,18,7,12.0,Anual,Transferencia,Sur,1,0,0
CUST-0498,42,56.01,2,1,11,7,11.3,Mensual,Transferencia,Centro,1,1,0
CUST-0499,40,46.03,0,0,22,8,11.9,Bienal,Tarjeta,Sur,1,0,0
CUST-0500,8,74.29,0,0,30,8,11.8,Anual,Tarjeta,Occidente,1,1,0
CUST-0501,14,61.76,4,0,35,7,15.8,Mensual,Billetera,Sur,1,1,0
CUST-0502,15,92.05,4,1,7,5,5.4,Mensual,Débito,Sur,1,1,1
CUST-0503,24,91.18,4,0,7,3,6.7,Mensual,Transferencia,Norte,0,1,0
CUST-0504,25,46.04,3,0,41,8,14.8,Bienal,Billetera,Occidente,1,0,0
CUST-0505,17,64.98,6,0,22,4,12.0,Anual,Billetera,Sur,1,1,0
CUST-0506,20,74.99,4,1,9,6,6.8,Mensual,Tarjeta,Norte,0,0,1
CUST-0507,44,48.26,0,0,35,9,8.9,Anual,Tarjeta,Centro,1,0,0
CUST-0508,1,93.16,2,2,13,5,9.0,Anual,Transferencia,Sur,1,0,1
CUST-0509,29,44.05,2,1,29,5,23.3,Mensual,Billetera,Sur,1,0,0
CUST-0510,36,26.42,2,0,27,8,13.6,Bienal,Débito,Occidente,1,0,0
CUST-0511,56,55.15,1,0,32,9,5.3,Anual,Tarjeta,Centro,1,0,0
CUST-0512,7,87.38,3,2,9,5,3.4,Mensual,Transferencia,Sur,1,0,1
CUST-0513,38,57.83,1,0,22,9,9.1,Bienal,Débito,Sur,1,1,0
CUST-0514,43,53.18,2,0,10,7,4.5,Bienal,Transferencia,Centro,0,0,0
CUST-0515,30,36.12,2,0,23,10,5.0,Mensual,Débito,Occidente,1,1,0
CUST-0516,31,43.84,0,0,20,8,10.7,Mensual,Tarjeta,Sur,1,1,0
CUST-0517,48,46.75,0,0,26,8,7.3,Bienal,Transferencia,Norte,1,0,0
CUST-0518,19,65.27,2,1,16,8,13.6,Bienal,Billetera,Sur,1,1,0
CUST-0519,14,36.49,1,0,40,8,7.1,Mensual,Débito,Centro,1,1,0
CUST-0520,5,78.24,2,1,10,5,9.5,Mensual,Billetera,Sur,1,0,0
CUST-0521,30,51.93,0,2,8,4,5.9,Mensual,Transferencia,Sur,1,0,0
CUST-0522,54,71.61,1,1,30,8,12.8,Anual,Débito,Norte,0,0,0
CUST-0523,36,51.17,1,1,28,7,5.0,Mensual,Tarjeta,Sur,0,0,0
CUST-0524,13,60.52,0,1,10,9,14.5,Mensual,Transferencia,Centro,1,0,0
CUST-0525,45,47.95,3,0,34,9,8.5,Anual,Tarjeta,Centro,1,1,0
CUST-0526,22,33.63,2,0,31,9,9.9,Bienal,Transferencia,Sur,1,0,0
CUST-0527,6,107.16,5,2,9,6,5.4,Mensual,Débito,Centro,0,1,1
CUST-0528,13,91.41,7,4,1,4,6.6,Mensual,Débito,Sur,1,0,1
CUST-0529,8,52.45,1,1,33,9,10.6,Bienal,Billetera,Occidente,1,1,0
CUST-0530,31,34.83,0,0,24,7,5.3,Anual,Transferencia,Sur,1,0,0
CUST-0531,21,49.53,4,1,32,4,7.5,Bienal,Billetera,Occidente,1,0,0
CUST-0532,16,89.89,1,1,29,4,8.3,Mensual,Billetera,Centro,1,0,1
CUST-0533,45,44.71,2,1,10,8,3.3,Anual,Transferencia,Sur,1,1,0
CUST-0534,16,52.14,3,1,22,6,8.8,Anual,Tarjeta,Centro,1,0,0
CUST-0535,49,55.36,0,0,14,6,10.3,Bienal,Tarjeta,Centro,1,0,0
CUST-0536,36,43.7,1,0,44,8,10.4,Bienal,Billetera,Sur,1,0,0
CUST-0537,29,67.25,3,1,35,5,10.1,Mensual,Billetera,Norte,1,0,0
CUST-0538,25,61.98,0,0,20,8,4.6,Bienal,Tarjeta,Sur,1,1,0
CUST-0539,43,34.59,0,0,20,10,7.8,Mensual,Tarjeta,Occidente,0,1,0
CUST-0540,10,61.88,2,1,6,4,9.8,Anual,Transferencia,Norte,1,0,0
CUST-0541,13,69.34,3,3,9,5,5.3,Mensual,Transferencia,Sur,0,0,1
CUST-0542,27,67.0,3,2,29,7,16.7,Bienal,Billetera,Centro,1,0,0
CUST-0543,8,111.28,5,1,14,5,1.2,Mensual,Tarjeta,Sur,1,0,1
CUST-0544,7,70.21,1,5,17,4,2.8,Bienal,Transferencia,Norte,1,0,1
CUST-0545,30,44.32,0,0,31,8,9.5,Mensual,Billetera,Centro,1,0,0
CUST-0546,47,32.73,1,0,19,8,4.8,Anual,Transferencia,Occidente,1,1,0
CUST-0547,24,64.03,2,0,21,9,12.5,Anual,Billetera,Sur,1,1,0
CUST-0548,43,55.49,2,0,18,8,8.8,Bienal,Débito,Sur,1,0,0
CUST-0549,11,48.37,4,0,26,6,11.1,Anual,Billetera,Occidente,1,0,0
CUST-0550,13,39.38,2,0,24,8,13.8,Anual,Tarjeta,Sur,0,0,0
CUST-0551,40,52.29,2,0,19,10,14.7,Anual,Tarjeta,Occidente,1,0,0
CUST-0552,44,46.63,1,0,19,8,10.1,Bienal,Tarjeta,Centro,1,1,0
CUST-0553,29,44.5,1,0,26,7,9.4,Bienal,Débito,Norte,1,0,0
CUST-0554,1,110.31,1,1,4,3,3.1,Mensual,Billetera,Sur,1,0,1
CUST-0555,26,27.15,4,2,13,7,11.3,Mensual,Tarjeta,Centro,1,0,0
CUST-0556,36,46.2,0,0,31,8,12.1,Bienal,Transferencia,Sur,1,1,0
CUST-0557,37,57.37,1,1,28,9,9.9,Anual,Tarjeta,Occidente,0,0,0
CUST-0558,20,67.56,1,2,37,9,10.4,Anual,Transferencia,Occidente,1,1,0
CUST-0559,15,60.4,3,0,28,8,14.9,Anual,Billetera,Occidente,1,0,0
CUST-0560,22,50.77,2,0,21,8,12.6,Anual,Tarjeta,Centro,1,0,0
CUST-0561,18,50.2,2,0,7,8,13.3,Mensual,Tarjeta,Norte,1,0,0
CUST-0562,32,55.19,0,0,32,9,5.9,Mensual,Tarjeta,Centro,1,1,0
CUST-0563,16,72.13,4,2,15,2,3.6,Mensual,Transferencia,Occidente,1,0,1
CUST-0564,14,65.12,3,1,34,8,9.8,Mensual,Transferencia,Sur,1,0,0
CUST-0565,18,36.47,3,0,32,7,13.8,Mensual,Billetera,Sur,1,1,0
CUST-0566,25,77.6,3,0,39,6,14.0,Mensual,Billetera,Occidente,1,1,0
CUST-0567,16,79.29,1,1,28,5,16.2,Bienal,Débito,Sur,1,0,0
CUST-0568,22,70.27,3,0,25,8,13.1,Anual,Tarjeta,Centro,1,1,0
CUST-0569,29,45.86,4,0,25,7,11.9,Bienal,Transferencia,Norte,1,0,0
CUST-0570,27,52.71,1,2,30,7,15.9,Mensual,Transferencia,Norte,1,0,0
CUST-0571,41,42.53,2,4,36,8,12.0,Anual,Transferencia,Occidente,0,0,0
CUST-0572,3,95.9,4,0,12,4,8.0,Mensual,Transferencia,Occidente,0,0,1
CUST-0573,21,74.87,1,1,26,7,11.5,Anual,Débito,Norte,0,1,0
CUST-0574,38,89.95,1,2,28,6,13.0,Anual,Tarjeta,Occidente,1,0,0
CUST-0575,15,71.92,7,2,13,3,6.8,Bienal,Transferencia,Norte,0,1,0
CUST-0576,24,85.43,1,2,33,6,7.2,Mensual,Billetera,Occidente,1,0,0
CUST-0577,23,72.09,4,2,5,3,8.4,Mensual,Billetera,Norte,1,0,1
CUST-0578,15,57.61,2,0,28,10,20.5,Bienal,Transferencia,Occidente,1,1,0
CUST-0579,24,77.81,6,4,9,4,7.4,Mensual,Transferencia,Norte,1,0,1
CUST-0580,26,35.46,1,1,32,10,8.8,Bienal,Tarjeta,Centro,1,1,0
CUST-0581,7,68.27,4,1,9,8,4.5,Anual,Débito,Centro,1,0,0
CUST-0582,13,86.72,2,0,35,6,10.9,Mensual,Billetera,Norte,1,1,0
CUST-0583,32,50.69,0,1,19,8,9.0,Anual,Tarjeta,Norte,1,1,0
CUST-0584,24,62.14,0,1,21,8,14.2,Mensual,Billetera,Sur,1,1,0
CUST-0585,17,91.2,1,2,13,4,5.3,Mensual,Transferencia,Centro,1,0,0
CUST-0586,18,36.79,0,0,33,9,4.2,Mensual,Billetera,Norte,1,1,0
CUST-0587,33,25.75,0,0,22,9,12.4,Anual,Tarjeta,Occidente,1,1,0
CUST-0588,5,46.77,0,0,36,9,8.3,Bienal,Transferencia,Sur,1,0,0
CUST-0589,50,68.91,1,1,24,9,8.6,Bienal,Transferencia,Centro,1,1,0
CUST-0590,37,37.23,1,0,27,9,10.6,Anual,Débito,Centro,1,0,0
CUST-0591,12,90.09,3,1,13,6,2.8,Mensual,Transferencia,Norte,1,0,0
CUST-0592,46,62.36,1,1,20,9,7.4,Anual,Transferencia,Centro,1,1,0
CUST-0593,25,66.19,3,3,19,8,9.0,Anual,Tarjeta,Centro,1,1,0
CUST-0594,28,82.47,1,1,33,5,11.7,Bienal,Tarjeta,Centro,1,1,0
CUST-0595,57,61.8,2,0,26,5,16.3,Bienal,Tarjeta,Sur,1,1,0
CUST-0596,20,52.36,1,0,33,8,7.8,Anual,Tarjeta,Centro,1,1,0
CUST-0597,28,90.59,3,2,34,7,15.1,Mensual,Billetera,Norte,1,1,0
CUST-0598,20,70.8,2,0,33,6,9.1,Mensual,Tarjeta,Sur,1,1,0
CUST-0599,1,50.34,7,1,13,7,3.7,Mensual,Transferencia,Centro,1,1,1
CUST-0600,27,55.37,7,1,23,8,5.9,Mensual,Tarjeta,Occidente,1,1,0
CUST-0601,27,52.92,1,0,24,9,13.3,Anual,Tarjeta,Norte,1,1,0
CUST-0602,17,71.27,4,1,38,6,9.8,Mensual,Billetera,Centro,1,1,0
CUST-0603,18,70.27,5,0,16,5,7.0,Anual,Transferencia,Occidente,0,0,0
CUST-0604,9,52.09,3,1,33,6,13.9,Anual,Transferencia,Norte,0,0,0
CUST-0605,8,68.08,5,2,0,6,1.7,Mensual,Transferencia,Occidente,1,0,1
CUST-0606,13,85.13,1,2,12,5,8.4,Mensual,Tarjeta,Norte,0,1,0
CUST-0607,16,90.13,3,3,19,4,4.1,Mensual,Billetera,Sur,1,0,0
CUST-0608,49,29.45,3,0,25,8,6.6,Bienal,Transferencia,Centro,1,0,0
CUST-0609,6,69.97,1,0,36,7,14.0,Mensual,Billetera,Centro,1,0,0
CUST-0610,30,77.5,0,0,25,10,9.6,Bienal,Débito,Centro,1,1,0
CUST-0611,3,76.35,0,0,18,5,16.8,Anual,Transferencia,Norte,1,1,0
CUST-0612,21,67.81,1,0,28,6,19.6,Anual,Transferencia,Centro,1,0,0
CUST-0613,2,42.53,4,1,10,4,1.9,Anual,Billetera,Sur,1,0,0
CUST-0614,6,94.46,5,2,6,6,4.0,Mensual,Billetera,Sur,1,0,1
CUST-0615,39,43.11,3,0,25,8,10.4,Anual,Tarjeta,Centro,0,1,0
CUST-0616,21,54.61,4,0,41,7,8.6,Anual,Débito,Centro,1,0,0
CUST-0617,13,73.43,3,1,33,7,15.2,Mensual,Billetera,Sur,1,1,0
CUST-0618,43,57.48,1,0,40,7,6.6,Bienal,Tarjeta,Norte,1,1,0
CUST-0619,23,34.32,3,2,14,6,5.7,Bienal,Débito,Occidente,1,1,0
CUST-0620,31,53.8,1,1,15,8,6.6,Bienal,Billetera,Centro,1,0,0
CUST-0621,25,68.61,2,1,29,9,11.9,Mensual,Transferencia,Sur,1,1,0
CUST-0622,34,74.83,1,1,26,7,11.6,Anual,Transferencia,Occidente,1,0,0
CUST-0623,8,92.21,4,2,7,7,6.8,Mensual,Transferencia,Centro,1,0,0
CUST-0624,54,61.11,3,0,29,7,11.2,Anual,Transferencia,Sur,1,1,0
CUST-0625,19,69.88,2,1,3,4,6.8,Mensual,Tarjeta,Occidente,0,0,0
CUST-0626,23,79.65,2,0,24,8,6.3,Mensual,Tarjeta,Centro,1,1,0
CUST-0627,5,103.01,7,1,3,6,5.0,Mensual,Transferencia,Sur,1,1,1
CUST-0628,28,36.02,2,0,38,7,10.3,Anual,Débito,Norte,1,0,0
CUST-0629,18,64.22,2,0,22,6,11.1,Anual,Billetera,Occidente,1,0,0
CUST-0630,19,93.16,10,1,8,3,6.7,Anual,Transferencia,Sur,1,0,0
CUST-0631,12,76.7,5,1,11,4,8.2,Mensual,Transferencia,Occidente,1,1,0
CUST-0632,9,75.54,3,1,10,3,5.4,Mensual,Transferencia,Centro,1,0,0
CUST-0633,49,56.74,1,0,17,9,9.0,Mensual,Débito,Norte,1,1,0
CUST-0634,39,30.05,0,1,21,8,4.6,Anual,Tarjeta,Occidente,1,1,0
CUST-0635,12,52.34,1,1,24,5,8.1,Mensual,Débito,Occidente,1,0,0
CUST-0636,33,64.7,3,0,36,9,9.4,Bienal,Débito,Occidente,1,1,0
CUST-0637,7,62.89,1,0,36,7,13.8,Anual,Billetera,Norte,1,0,0
CUST-0638,9,53.15,2,1,28,8,9.6,Bienal,Billetera,Centro,1,0,0
CUST-0639,29,82.98,3,0,17,9,14.1,Anual,Tarjeta,Centro,1,0,0
CUST-0640,16,100.98,4,4,1,6,5.2,Mensual,Débito,Centro,1,0,1
CUST-0641,9,85.92,1,0,28,5,17.4,Anual,Billetera,Norte,1,1,0
CUST-0642,14,38.46,3,1,2,4,5.6,Bienal,Billetera,Sur,1,0,1
CUST-0643,18,52.26,0,0,18,7,9.7,Bienal,Transferencia,Occidente,1,1,0
CUST-0644,15,53.7,1,0,22,9,8.1,Anual,Billetera,Occidente,1,0,0
CUST-0645,25,86.12,0,1,30,6,5.4,Mensual,Tarjeta,Centro,0,1,0
CUST-0646,11,115.9,6,1,6,6,5.5,Mensual,Transferencia,Norte,1,1,1
CUST-0647,31,45.92,0,0,7,8,9.7,Anual,Débito,Sur,1,0,0
CUST-0648,9,67.02,2,0,28,6,10.3,Anual,Billetera,Centro,1,0,0
CUST-0649,2,56.06,4,0,29,7,12.0,Anual,Billetera,Occidente,1,1,0
CUST-0650,38,46.73,0,2,45,8,7.2,Mensual,Débito,Centro,1,1,0
CUST-0651,40,49.24,1,0,27,9,9.2,Anual,Transferencia,Centro,1,1,0
CUST-0652,21,55.23,2,1,4,4,4.8,Mensual,Transferencia,Occidente,0,0,0
CUST-0653,25,49.0,3,1,24,5,15.9,Anual,Débito,Sur,1,0,0
CUST-0654,37,35.36,0,0,9,8,5.6,Bienal,Tarjeta,Centro,1,0,0
CUST-0655,8,128.82,7,1,0,5,3.6,Mensual,Tarjeta,Norte,1,0,1
CUST-0656,39,60.87,0,0,13,8,16.8,Bienal,Débito,Occidente,1,0,0
CUST-0657,9,69.72,4,2,7,4,11.2,Anual,Billetera,Norte,1,1,0
CUST-0658,49,51.26,1,0,18,8,5.2,Anual,Tarjeta,Norte,1,1,0
CUST-0659,19,64.09,3,1,36,6,11.9,Anual,Transferencia,Sur,1,1,0
CUST-0660,34,65.58,1,0,14,8,7.6,Anual,Billetera,Sur,1,1,0
CUST-0661,38,51.6,6,0,22,8,9.6,Bienal,Tarjeta,Norte,1,0,0
CUST-0662,1,88.63,4,1,12,4,3.6,Anual,Transferencia,Centro,1,0,1
CUST-0663,25,35.46,2,1,15,7,9.0,Anual,Débito,Occidente,1,0,0
CUST-0664,33,37.59,2,0,34,9,3.2,Anual,Tarjeta,Norte,1,0,0
CUST-0665,22,54.9,2,0,30,10,8.3,Anual,Débito,Occidente,1,1,0
CUST-0666,34,36.07,3,0,23,4,9.5,Mensual,Billetera,Sur,1,0,0
CUST-0667,7,58.89,0,1,7,5,0.0,Mensual,Débito,Norte,1,0,0
CUST-0668,18,61.29,3,1,7,7,5.2,Mensual,Débito,Occidente,1,0,0
CUST-0669,25,56.92,1,0,17,8,7.4,Anual,Tarjeta,Centro,1,1,0
CUST-0670,32,38.71,1,0,32,8,8.3,Anual,Transferencia,Occidente,1,1,0
CUST-0671,23,64.77,3,0,7,8,6.8,Mensual,Tarjeta,Centro,1,1,0
CUST-0672,17,64.81,1,0,30,7,12.5,Bienal,Billetera,Centro,1,0,0
CUST-0673,12,70.91,5,3,18,4,9.2,Mensual,Transferencia,Norte,0,0,1
CUST-0674,20,76.52,6,0,27,8,9.1,Anual,Billetera,Centro,1,0,0
CUST-0675,22,56.36,3,0,26,7,12.6,Mensual,Débito,Centro,1,0,0
CUST-0676,41,50.8,1,1,29,7,6.2,Bienal,Transferencia,Norte,1,1,0
CUST-0677,16,73.83,4,1,13,7,3.2,Bienal,Débito,Norte,1,1,0
CUST-0678,4,56.49,1,0,34,5,14.4,Mensual,Billetera,Sur,1,0,0
CUST-0679,31,63.21,2,1,21,9,8.9,Bienal,Tarjeta,Sur,1,1,0
CUST-0680,35,36.29,1,0,17,8,11.6,Anual,Tarjeta,Occidente,1,1,0
CUST-0681,27,42.2,0,1,37,9,5.0,Anual,Transferencia,Occidente,1,1,0
CUST-0682,25,46.83,2,0,29,8,6.3,Anual,Billetera,Occidente,1,1,0
CUST-0683,26,32.88,1,1,24,9,9.9,Bienal,Tarjeta,Sur,1,0,0
CUST-0684,38,36.01,1,0,22,9,5.2,Bienal,Débito,Sur,1,0,0
CUST-0685,12,65.42,1,1,36,7,16.4,Mensual,Billetera,Occidente,1,1,0
CUST-0686,35,69.59,3,1,28,8,11.2,Anual,Billetera,Occidente,1,1,0
CUST-0687,28,46.11,4,1,32,8,7.4,Anual,Tarjeta,Norte,0,1,0
CUST-0688,1,108.21,3,3,23,6,8.3,Mensual,Débito,Occidente,0,1,1
CUST-0689,14,75.82,2,0,19,7,13.0,Anual,Tarjeta,Norte,1,1,0
CUST-0690,21,86.68,2,1,38,8,13.8,Bienal,Billetera,Occidente,1,1,0
CUST-0691,43,66.12,1,0,22,7,8.3,Anual,Tarjeta,Sur,1,0,0
CUST-0692,12,82.97,2,2,10,6,5.0,Anual,Débito,Sur,1,0,0
CUST-0693,55,28.71,0,0,28,9,11.6,Bienal,Débito,Centro,1,0,0
CUST-0694,29,38.28,1,0,21,7,11.2,Bienal,Débito,Centro,1,1,0
CUST-0695,11,77.09,4,3,19,5,4.4,Mensual,Transferencia,Sur,1,1,0
CUST-0696,16,59.26,2,0,26,6,16.1,Mensual,Billetera,Sur,1,0,0
CUST-0697,21,63.42,1,0,28,8,8.7,Mensual,Billetera,Centro,1,0,0
CUST-0698,11,58.05,2,1,30,7,8.7,Anual,Billetera,Centro,1,1,0
CUST-0699,11,59.71,2,1,36,6,4.5,Mensual,Débito,Centro,1,0,0
CUST-0700,33,48.79,3,2,39,7,14.2,Mensual,Débito,Sur,0,1,0
CUST-0701,24,47.55,1,0,19,9,8.4,Bienal,Tarjeta,Occidente,1,0,0
CUST-0702,34,51.94,1,0,19,8,10.4,Anual,Tarjeta,Occidente,1,0,0
CUST-0703,50,42.94,1,0,29,9,11.7,Anual,Transferencia,Occidente,1,0,0
CUST-0704,10,80.86,2,2,13,4,1.1,Mensual,Transferencia,Occidente,1,0,1
CUST-0705,25,33.26,0,0,30,7,8.1,Mensual,Débito,Sur,1,1,0
CUST-0706,12,54.74,1,1,20,7,15.1,Mensual,Billetera,Norte,1,1,0
CUST-0707,5,90.44,1,2,9,3,6.6,Mensual,Débito,Sur,0,0,1
CUST-0708,13,98.97,3,0,18,6,4.0,Mensual,Transferencia,Norte,1,0,0
CUST-0709,55,41.12,2,0,24,10,13.7,Mensual,Débito,Occidente,1,1,0
CUST-0710,36,45.36,0,0,24,8,6.4,Anual,Tarjeta,Centro,1,0,0
CUST-0711,11,73.17,1,2,8,5,4.7,Mensual,Billetera,Sur,1,0,0
CUST-0712,23,73.88,4,1,13,6,16.7,Anual,Billetera,Norte,1,0,0
CUST-0713,6,69.64,2,2,10,3,0.0,Mensual,Débito,Occidente,0,0,0
CUST-0714,9,76.43,0,1,17,5,1.0,Mensual,Tarjeta,Occidente,1,1,0
CUST-0715,3,98.37,5,2,16,6,6.4,Bienal,Débito,Sur,1,1,0
CUST-0716,17,63.27,5,0,21,10,8.4,Anual,Débito,Norte,1,0,0
CUST-0717,20,85.72,2,1,28,6,14.2,Anual,Tarjeta,Occidente,1,1,0
CUST-0718,41,50.61,0,0,25,8,5.0,Bienal,Débito,Occidente,1,1,0
CUST-0719,18,50.7,2,0,21,5,16.6,Mensual,Tarjeta,Norte,1,0,0
CUST-0720,12,121.13,8,1,9,5,7.4,Bienal,Transferencia,Norte,1,0,1
CUST-0721,20,66.32,1,3,24,6,19.5,Mensual,Billetera,Centro,1,0,0
CUST-0722,48,41.91,4,0,21,8,14.7,Anual,Tarjeta,Centro,1,0,0
CUST-0723,16,56.16,1,0,26,9,10.6,Anual,Tarjeta,Centro,0,1,0
CUST-0724,9,78.51,7,4,0,4,1.6,Mensual,Débito,Norte,0,1,1
CUST-0725,35,44.62,1,1,29,8,12.3,Bienal,Tarjeta,Sur,1,0,0
CUST-0726,53,57.53,2,0,32,7,15.8,Anual,Tarjeta,Sur,1,1,0
CUST-0727,42,56.94,2,1,28,8,9.6,Anual,Transferencia,Centro,1,1,0
CUST-0728,45,52.48,2,0,24,8,8.1,Bienal,Transferencia,Centro,1,1,0
CUST-0729,28,50.28,1,1,33,8,8.9,Anual,Transferencia,Centro,1,1,0
CUST-0730,4,49.36,1,0,37,8,20.0,Anual,Billetera,Occidente,1,1,0
CUST-0731,51,61.51,2,1,35,9,8.0,Anual,Transferencia,Occidente,1,1,0
CUST-0732,36,53.63,0,2,26,6,13.7,Bienal,Tarjeta,Norte,1,1,0
CUST-0733,46,51.72,0,0,33,9,5.6,Mensual,Transferencia,Sur,1,1,0
CUST-0734,48,55.35,1,0,25,8,5.6,Bienal,Transferencia,Sur,1,1,0
CUST-0735,36,79.46,1,0,1,9,11.4,Bienal,Tarjeta,Norte,1,1,0
CUST-0736,18,77.5,5,0,43,6,9.6,Anual,Billetera,Occidente,0,1,0
CUST-0737,42,36.66,2,2,23,7,8.8,Anual,Transferencia,Norte,1,0,0
CUST-0738,30,72.16,3,0,18,8,5.8,Anual,Tarjeta,Norte,0,1,0
CUST-0739,20,27.3,2,1,12,7,9.0,Bienal,Transferencia,Occidente,1,1,0
CUST-0740,21,28.42,1,0,14,8,8.3,Mensual,Tarjeta,Norte,1,1,0
CUST-0741,42,50.16,1,0,35,9,10.6,Anual,Tarjeta,Norte,0,1,0
CUST-0742,36,22.69,1,0,28,7,13.5,Bienal,Billetera,Centro,1,1,0
CUST-0743,11,58.82,2,5,9,4,1.5,Mensual,Transferencia,Sur,0,0,1
CUST-0744,13,39.92,2,0,43,8,9.0,Mensual,Débito,Norte,1,0,0
CUST-0745,15,88.65,3,0,32,4,13.1,Mensual,Transferencia,Sur,1,0,0
CUST-0746,28,96.64,3,1,24,8,11.5,Anual,Transferencia,Occidente,1,1,0
CUST-0747,50,62.08,0,0,23,9,7.3,Anual,Transferencia,Centro,1,1,0
CUST-0748,38,64.27,1,0,17,7,8.4,Anual,Tarjeta,Sur,0,1,0
CUST-0749,19,83.88,8,1,8,6,5.8,Mensual,Tarjeta,Norte,1,0,0
CUST-0750,16,67.52,4,4,10,7,5.1,Mensual,Transferencia,Centro,1,0,1
CUST-0751,28,52.95,1,1,32,9,6.9,Anual,Tarjeta,Sur,1,1,0
CUST-0752,16,56.87,3,0,22,8,15.5,Bienal,Tarjeta,Centro,1,1,0
CUST-0753,12,46.16,1,3,26,8,9.4,Anual,Débito,Sur,1,0,0
CUST-0754,32,42.33,2,0,34,7,9.7,Mensual,Tarjeta,Occidente,1,1,0
CUST-0755,10,50.76,4,1,33,8,18.7,Bienal,Billetera,Sur,1,0,0
CUST-0756,44,60.46,3,1,15,9,5.1,Anual,Billetera,Centro,0,0,0
CUST-0757,43,59.2,1,0,23,8,6.8,Anual,Transferencia,Centro,1,0,0
CUST-0758,18,59.25,3,1,6,5,8.3,Bienal,Billetera,Sur,1,0,0
CUST-0759,23,48.73,0,2,13,8,12.3,Anual,Débito,Centro,1,1,0
CUST-0760,51,36.41,2,0,41,10,7.5,Mensual,Transferencia,Occidente,1,0,0
CUST-0761,22,60.31,1,0,36,6,11.8,Mensual,Transferencia,Sur,1,0,0
CUST-0762,33,52.45,0,0,12,9,6.1,Anual,Transferencia,Centro,1,0,0
CUST-0763,19,40.44,2,0,27,9,11.0,Mensual,Transferencia,Centro,1,1,0
CUST-0764,22,71.36,0,0,24,8,4.5,Bienal,Billetera,Sur,1,0,0
CUST-0765,18,109.32,4,2,5,5,5.2,Mensual,Débito,Norte,1,0,1
CUST-0766,1,54.28,0,0,28,8,11.0,Bienal,Tarjeta,Centro,0,0,0
CUST-0767,45,47.65,0,0,39,9,7.1,Bienal,Tarjeta,Centro,1,0,0
CUST-0768,25,45.8,1,0,17,8,10.2,Anual,Débito,Occidente,1,0,0
CUST-0769,51,60.96,2,1,28,8,11.1,Bienal,Transferencia,Sur,1,1,0
CUST-0770,15,71.55,1,1,32,7,8.5,Bienal,Billetera,Occidente,1,0,0
CUST-0771,45,38.71,1,1,22,10,8.7,Bienal,Débito,Norte,1,1,0
CUST-0772,31,65.78,3,1,26,8,7.5,Anual,Billetera,Occidente,1,0,0
CUST-0773,5,72.22,6,2,18,7,10.5,Mensual,Débito,Centro,1,0,0
CUST-0774,20,81.69,6,2,16,6,4.4,Mensual,Tarjeta,Centro,0,0,0
CUST-0775,32,39.09,0,1,29,6,5.0,Bienal,Tarjeta,Centro,1,1,0
CUST-0776,11,87.76,1,3,20,6,3.7,Mensual,Transferencia,Occidente,0,0,0
CUST-0777,20,53.64,5,1,36,9,17.8,Anual,Billetera,Norte,1,1,0
CUST-0778,19,47.7,1,1,25,8,12.5,Anual,Débito,Occidente,1,0,0
CUST-0779,10,56.04,2,0,34,7,10.8,Mensual,Billetera,Norte,1,0,0
CUST-0780,13,71.22,6,2,25,3,4.5,Mensual,Tarjeta,Centro,0,0,1
CUST-0781,22,54.74,1,0,23,8,8.5,Mensual,Transferencia,Norte,1,1,0
CUST-0782,16,85.94,2,1,12,6,7.5,Mensual,Transferencia,Occidente,0,0,0
CUST-0783,33,60.96,1,0,14,8,11.3,Mensual,Débito,Sur,1,0,0
CUST-0784,22,59.66,2,0,24,6,13.4,Bienal,Billetera,Centro,1,1,0
CUST-0785,3,78.23,7,2,18,5,4.2,Mensual,Billetera,Sur,1,0,0
CUST-0786,23,45.03,1,0,11,9,6.0,Bienal,Transferencia,Occidente,1,0,0
CUST-0787,19,111.78,3,1,0,7,3.6,Mensual,Transferencia,Sur,0,1,0
CUST-0788,14,66.09,0,0,19,9,10.8,Bienal,Transferencia,Centro,1,0,0
CUST-0789,6,85.18,2,1,8,4,6.7,Anual,Tarjeta,Centro,0,0,0
CUST-0790,20,63.22,1,1,35,7,2.0,Bienal,Billetera,Centro,1,0,0
CUST-0791,23,52.39,0,1,22,10,8.3,Mensual,Tarjeta,Sur,0,0,0
CUST-0792,37,47.33,2,0,33,7,13.3,Anual,Tarjeta,Occidente,0,0,0
CUST-0793,32,60.3,0,0,15,8,10.0,Mensual,Débito,Centro,0,0,0
CUST-0794,30,64.07,2,0,24,8,10.8,Anual,Tarjeta,Norte,1,0,0
CUST-0795,41,53.16,1,0,25,7,4.9,Mensual,Transferencia,Centro,1,1,0
CUST-0796,51,29.81,1,0,7,10,7.8,Anual,Tarjeta,Centro,1,1,0
CUST-0797,29,39.17,1,0,24,7,7.5,Mensual,Transferencia,Occidente,1,0,0
CUST-0798,38,52.07,3,2,34,8,13.9,Mensual,Tarjeta,Centro,1,1,0
CUST-0799,12,44.07,2,1,19,4,23.5,Mensual,Billetera,Sur,1,0,0
CUST-0800,23,51.55,1,2,21,7,13.1,Anual,Billetera,Sur,1,0,0
CUST-0801,3,60.99,2,0,17,4,8.1,Bienal,Transferencia,Centro,1,0,0
CUST-0802,37,46.65,0,0,22,9,4.2,Anual,Débito,Norte,1,1,0
CUST-0803,17,65.16,7,2,12,6,5.8,Mensual,Transferencia,Norte,0,0,1
CUST-0804,31,46.37,4,0,26,5,16.6,Mensual,Billetera,Norte,1,0,0
CUST-0805,39,42.31,2,0,23,7,4.4,Bienal,Tarjeta,Sur,1,1,0
CUST-0806,3,80.83,0,0,14,7,9.9,Mensual,Débito,Centro,1,0,0
CUST-0807,14,54.07,3,2,31,9,11.8,Bienal,Billetera,Centro,1,1,0
CUST-0808,34,48.27,0,0,30,8,6.0,Anual,Tarjeta,Sur,1,1,0
CUST-0809,24,65.72,2,1,20,6,8.4,Mensual,Billetera,Occidente,1,0,0
CUST-0810,10,97.66,3,2,13,4,2.9,Mensual,Transferencia,Centro,1,0,1
CUST-0811,26,48.06,1,0,13,8,6.7,Bienal,Tarjeta,Norte,1,1,0
CUST-0812,52,51.06,1,0,22,8,12.7,Mensual,Tarjeta,Occidente,1,0,0
CUST-0813,6,64.61,2,1,7,7,1.1,Mensual,Tarjeta,Sur,0,0,0
CUST-0814,9,39.46,1,0,31,5,8.1,Mensual,Tarjeta,Norte,1,0,0
CUST-0815,25,42.04,3,0,14,8,15.5,Anual,Transferencia,Norte,1,1,0
CUST-0816,14,93.22,6,3,5,6,3.3,Anual,Transferencia,Norte,1,0,0
CUST-0817,12,113.1,4,1,22,4,0.7,Anual,Transferencia,Centro,0,0,1
CUST-0818,23,71.76,3,0,21,8,19.1,Bienal,Tarjeta,Sur,1,0,0
CUST-0819,20,78.06,1,1,28,9,19.8,Mensual,Billetera,Sur,1,1,0
CUST-0820,16,53.61,2,0,23,9,7.0,Bienal,Transferencia,Sur,1,0,0
CUST-0821,21,37.67,2,1,15,8,7.1,Anual,Transferencia,Occidente,1,0,0
CUST-0822,37,34.43,3,0,33,7,8.1,Mensual,Billetera,Centro,1,1,0
CUST-0823,53,36.78,2,0,25,9,6.6,Mensual,Débito,Occidente,1,0,0
CUST-0824,1,83.93,5,0,32,8,12.6,Mensual,Tarjeta,Centro,1,1,0
CUST-0825,13,80.54,4,2,8,5,8.5,Anual,Billetera,Centro,1,0,0
CUST-0826,25,64.3,1,0,13,9,12.0,Bienal,Transferencia,Occidente,1,1,0
CUST-0827,15,65.32,1,1,17,8,12.1,Mensual,Transferencia,Sur,1,0,0
CUST-0828,43,51.33,1,0,35,8,13.4,Mensual,Débito,Occidente,1,0,0
CUST-0829,26,76.52,2,2,21,6,11.6,Mensual,Transferencia,Occidente,0,1,0
CUST-0830,28,38.02,1,0,33,8,12.5,Bienal,Débito,Occidente,1,1,0
CUST-0831,13,51.34,3,0,27,8,13.0,Mensual,Billetera,Centro,1,0,0
CUST-0832,11,77.72,0,2,41,6,13.9,Mensual,Billetera,Norte,1,1,0
CUST-0833,8,49.85,0,0,27,7,11.4,Bienal,Transferencia,Centro,1,1,0
CUST-0834,20,70.53,1,0,34,6,13.6,Bienal,Billetera,Norte,1,1,0
CUST-0835,31,52.07,1,1,21,8,11.4,Anual,Tarjeta,Centro,1,0,0
CUST-0836,14,57.07,4,1,30,6,10.9,Anual,Tarjeta,Centro,1,0,0
CUST-0837,17,66.47,1,1,28,6,11.6,Mensual,Billetera,Norte,1,0,0
CUST-0838,6,90.0,7,1,10,4,7.5,Mensual,Transferencia,Norte,1,1,1
CUST-0839,38,79.62,0,0,22,7,13.3,Anual,Tarjeta,Centro,1,1,0
CUST-0840,28,61.63,2,2,31,6,15.9,Mensual,Billetera,Norte,1,0,0
CUST-0841,48,69.4,2,0,36,6,8.1,Anual,Tarjeta,Occidente,1,1,0
CUST-0842,9,64.51,6,2,4,3,2.6,Mensual,Débito,Norte,0,0,1
CUST-0843,13,75.13,3,1,29,9,8.6,Bienal,Billetera,Centro,0,0,0
CUST-0844,31,29.22,1,0,21,8,6.7,Mensual,Transferencia,Norte,1,1,0
CUST-0845,30,41.59,2,1,23,9,11.3,Anual,Tarjeta,Occidente,1,0,0
CUST-0846,17,95.3,2,2,13,5,1.3,Mensual,Débito,Norte,0,1,0
CUST-0847,34,61.15,1,2,28,8,11.0,Anual,Tarjeta,Sur,1,0,0
CUST-0848,10,33.05,2,2,30,8,6.5,Mensual,Tarjeta,Sur,1,0,0
CUST-0849,35,47.42,2,1,29,9,11.0,Anual,Débito,Centro,1,0,0
CUST-0850,16,98.75,5,2,12,5,9.5,Bienal,Transferencia,Centro,1,0,0
CUST-0851,43,53.67,0,1,24,9,8.8,Anual,Tarjeta,Centro,1,0,0
CUST-0852,29,52.53,1,0,36,7,4.2,Anual,Tarjeta,Occidente,1,0,0
CUST-0853,13,50.21,3,3,14,7,1.7,Mensual,Billetera,Norte,0,0,0
CUST-0854,18,97.83,4,2,4,5,7.6,Mensual,Transferencia,Norte,0,0,1
CUST-0855,37,50.7,1,1,31,8,7.7,Bienal,Tarjeta,Sur,0,1,0
CUST-0856,28,42.56,1,0,39,6,6.1,Bienal,Tarjeta,Sur,1,0,0
CUST-0857,1,45.85,0,1,33,4,9.5,Anual,Billetera,Sur,1,0,0
CUST-0858,11,106.18,5,2,20,2,3.6,Anual,Transferencia,Norte,1,1,0
CUST-0859,27,48.58,1,0,21,7,14.3,Bienal,Transferencia,Centro,1,0,0
CUST-0860,10,66.89,1,0,24,6,10.6,Mensual,Tarjeta,Sur,1,0,0
CUST-0861,29,66.49,2,1,36,9,9.1,Anual,Billetera,Norte,1,0,0
CUST-0862,24,81.3,2,0,18,7,13.9,Mensual,Billetera,Occidente,1,1,0
CUST-0863,10,111.9,1,2,14,4,3.4,Mensual,Billetera,Sur,1,0,0
CUST-0864,7,36.76,2,1,26,7,8.2,Mensual,Billetera,Sur,1,0,0
CUST-0865,40,48.91,1,0,23,7,13.3,Anual,Débito,Occidente,0,0,0
CUST-0866,11,52.97,5,0,17,6,1.8,Mensual,Billetera,Centro,1,0,0
CUST-0867,5,42.1,4,4,12,3,12.5,Mensual,Transferencia,Norte,0,0,0
CUST-0868,22,68.05,3,2,14,4,6.8,Mensual,Transferencia,Norte,0,0,0
CUST-0869,42,47.01,1,1,18,9,9.3,Bienal,Débito,Centro,1,0,0
CUST-0870,39,65.5,0,0,32,9,11.7,Anual,Billetera,Sur,1,1,0
CUST-0871,1,83.62,1,1,34,6,7.5,Bienal,Billetera,Norte,1,0,0
CUST-0872,23,49.28,3,2,18,8,7.3,Anual,Transferencia,Sur,1,0,0
CUST-0873,13,106.64,1,3,16,3,2.4,Mensual,Billetera,Sur,1,0,1
CUST-0874,23,33.56,0,1,23,9,11.6,Bienal,Débito,Centro,1,0,0
CUST-0875,29,69.56,3,1,42,7,12.9,Mensual,Billetera,Occidente,1,0,0
CUST-0876,4,80.66,2,2,0,7,3.7,Bienal,Transferencia,Occidente,0,0,0
CUST-0877,36,53.57,1,0,31,8,11.8,Mensual,Tarjeta,Centro,1,1,0
CUST-0878,30,55.14,0,0,12,6,8.6,Anual,Transferencia,Occidente,1,1,0
CUST-0879,13,62.93,3,2,39,4,11.1,Bienal,Tarjeta,Occidente,1,0,0
CUST-0880,2,75.85,2,1,18,5,9.5,Mensual,Billetera,Sur,1,1,0
CUST-0881,36,49.11,1,0,22,8,4.7,Mensual,Débito,Norte,1,1,0
CUST-0882,16,75.23,2,1,18,8,18.6,Anual,Billetera,Centro,1,0,0
CUST-0883,7,60.96,5,1,17,5,6.6,Mensual,Tarjeta,Sur,1,1,0
CUST-0884,24,40.67,0,0,20,9,5.9,Anual,Transferencia,Centro,1,1,0
CUST-0885,32,38.08,1,0,32,7,11.0,Bienal,Tarjeta,Centro,1,1,0
CUST-0886,43,66.64,0,1,21,6,4.8,Mensual,Billetera,Sur,1,0,0
CUST-0887,19,59.49,0,1,30,8,5.7,Mensual,Débito,Norte,1,0,0
CUST-0888,30,34.96,3,1,26,9,10.7,Mensual,Transferencia,Centro,1,1,0
CUST-0889,47,36.9,1,1,17,8,8.1,Bienal,Tarjeta,Sur,1,1,0
CUST-0890,1,80.55,2,2,27,7,12.7,Mensual,Débito,Occidente,1,1,0
CUST-0891,41,49.38,3,0,38,10,9.2,Anual,Transferencia,Occidente,0,0,0
CUST-0892,14,61.47,1,4,14,5,4.5,Mensual,Transferencia,Occidente,1,0,0
CUST-0893,28,42.25,1,0,36,9,14.9,Anual,Billetera,Sur,1,1,0
CUST-0894,50,34.01,0,0,33,9,10.6,Anual,Tarjeta,Centro,1,0,0
CUST-0895,16,59.24,2,1,24,6,0.5,Anual,Débito,Occidente,1,1,0
CUST-0896,18,97.96,8,0,12,6,2.6,Bienal,Tarjeta,Centro,1,0,0
CUST-0897,50,36.65,1,0,16,7,8.1,Anual,Transferencia,Sur,1,0,0
CUST-0898,35,49.02,2,0,34,8,9.5,Bienal,Transferencia,Sur,1,1,0
CUST-0899,19,40.19,3,1,14,9,11.3,Mensual,Tarjeta,Occidente,1,1,0
CUST-0900,23,64.47,1,0,35,7,14.7,Mensual,Billetera,Norte,1,0,0
CUST-0901,39,52.37,1,1,32,8,5.3,Anual,Billetera,Centro,1,1,0
CUST-0902,53,23.31,1,0,20,8,9.6,Mensual,Transferencia,Norte,0,0,0
CUST-0903,23,72.66,2,0,24,8,9.7,Bienal,Débito,Centro,1,0,0
CUST-0904,16,79.38,2,2,14,8,13.0,Anual,Billetera,Occidente,1,1,0
CUST-0905,10,64.09,5,3,18,5,10.4,Anual,Transferencia,Sur,1,1,0
CUST-0906,17,25.81,2,0,41,6,9.1,Anual,Billetera,Centro,1,0,0
CUST-0907,17,30.32,2,2,22,7,7.6,Mensual,Tarjeta,Centro,1,0,0
CUST-0908,43,45.33,4,0,21,7,4.7,Anual,Transferencia,Norte,1,1,0
CUST-0909,9,46.18,3,1,21,8,9.9,Bienal,Billetera,Centro,1,1,0
CUST-0910,29,56.69,2,0,24,8,11.9,Bienal,Transferencia,Centro,1,1,0
CUST-0911,39,75.02,3,0,44,6,12.1,Mensual,Billetera,Occidente,1,0,0
CUST-0912,6,91.15,5,2,10,4,6.0,Mensual,Débito,Centro,1,0,1
CUST-0913,12,80.52,3,0,6,5,8.4,Bienal,Transferencia,Centro,1,0,0
CUST-0914,1,74.98,8,5,0,4,9.0,Mensual,Tarjeta,Norte,0,0,1
CUST-0915,11,106.82,2,2,15,6,0.0,Mensual,Tarjeta,Centro,0,1,0
CUST-0916,19,86.32,5,2,2,3,2.9,Mensual,Tarjeta,Sur,0,0,1
CUST-0917,40,47.22,1,1,14,8,8.2,Bienal,Tarjeta,Centro,1,1,0
CUST-0918,16,32.59,0,0,27,8,9.7,Mensual,Tarjeta,Norte,1,0,0
CUST-0919,29,51.73,1,0,16,8,10.1,Mensual,Tarjeta,Norte,1,1,0
CUST-0920,15,84.72,0,2,24,10,9.3,Mensual,Billetera,Sur,1,1,0
CUST-0921,8,42.2,0,1,16,9,8.9,Anual,Débito,Norte,0,1,0
CUST-0922,1,107.2,3,6,7,4,5.4,Mensual,Débito,Sur,1,1,1
CUST-0923,14,58.85,0,1,37,8,12.8,Mensual,Billetera,Centro,1,0,0
CUST-0924,7,45.27,3,2,40,6,14.1,Mensual,Billetera,Centro,1,0,0
CUST-0925,31,52.13,0,1,40,8,5.6,Mensual,Tarjeta,Centro,1,0,0
CUST-0926,34,47.36,1,0,12,7,11.6,Anual,Débito,Sur,1,0,0
CUST-0927,28,17.66,1,0,20,9,8.9,Anual,Tarjeta,Sur,1,1,0
CUST-0928,19,85.37,4,0,13,4,4.7,Mensual,Transferencia,Norte,0,0,1
CUST-0929,22,56.8,3,0,33,7,24.8,Mensual,Billetera,Sur,1,0,0
CUST-0930,27,58.93,2,1,34,7,9.2,Mensual,Billetera,Centro,1,0,0
CUST-0931,34,44.59,3,0,29,7,15.9,Anual,Transferencia,Centro,1,0,0
CUST-0932,42,50.97,3,0,17,9,11.2,Anual,Tarjeta,Centro,1,1,0
CUST-0933,41,20.77,2,0,21,7,3.6,Bienal,Débito,Centro,1,1,0
CUST-0934,10,64.89,2,1,23,6,20.9,Anual,Billetera,Sur,1,1,0
CUST-0935,15,52.88,3,1,31,6,8.7,Mensual,Billetera,Norte,1,0,0
CUST-0936,33,53.94,2,0,19,8,10.3,Anual,Tarjeta,Norte,1,1,0
CUST-0937,15,92.35,5,3,6,7,0.7,Mensual,Transferencia,Norte,0,0,0
CUST-0938,48,59.1,1,0,27,9,14.3,Anual,Tarjeta,Sur,1,1,0
CUST-0939,4,79.22,2,1,5,8,5.6,Anual,Billetera,Occidente,1,1,1
CUST-0940,36,31.68,0,0,32,8,13.7,Mensual,Débito,Centro,1,0,0
CUST-0941,25,52.32,0,0,14,8,7.4,Mensual,Transferencia,Sur,0,0,0
CUST-0942,10,85.3,3,5,2,3,0.9,Bienal,Billetera,Occidente,0,0,1
CUST-0943,40,71.51,4,0,38,9,10.6,Mensual,Transferencia,Centro,0,0,0
CUST-0944,36,52.26,0,0,24,8,9.7,Anual,Billetera,Norte,1,0,0
CUST-0945,26,60.2,0,0,15,7,14.1,Anual,Débito,Sur,1,1,0
CUST-0946,26,42.35,0,0,15,8,5.6,Bienal,Débito,Norte,1,0,0
CUST-0947,9,71.69,2,0,28,8,16.4,Anual,Tarjeta,Occidente,1,0,0
CUST-0948,1,75.09,2,0,13,4,9.1,Anual,Transferencia,Norte,1,0,0
CUST-0949,10,59.1,2,2,8,4,3.2,Mensual,Billetera,Centro,1,0,1
CUST-0950,41,41.4,1,2,32,10,9.8,Mensual,Débito,Occidente,1,1,0
CUST-0951,20,48.93,2,0,27,7,8.1,Anual,Billetera,Centro,1,0,0
CUST-0952,24,46.48,1,0,26,8,11.6,Mensual,Transferencia,Norte,0,0,0
CUST-0953,36,32.04,1,0,13,10,4.7,Bienal,Transferencia,Norte,1,0,0
CUST-0954,46,36.71,1,1,29,8,11.0,Anual,Tarjeta,Sur,0,1,0
CUST-0955,21,91.07,3,1,13,4,6.0,Mensual,Transferencia,Norte,0,1,0
CUST-0956,4,89.2,4,1,10,3,12.2,Mensual,Transferencia,Occidente,0,0,1
CUST-0957,17,69.94,0,2,46,8,10.2,Anual,Billetera,Centro,1,0,0
CUST-0958,23,68.31,3,1,36,7,17.3,Mensual,Billetera,Sur,1,1,0
CUST-0959,23,49.79,1,2,32,7,8.4,Bienal,Billetera,Norte,1,0,0
CUST-0960,10,65.05,2,0,21,8,18.5,Anual,Transferencia,Centro,1,0,0
CUST-0961,22,74.1,3,2,37,5,11.5,Mensual,Tarjeta,Centro,1,1,0
CUST-0962,46,60.14,0,0,27,9,9.2,Mensual,Billetera,Norte,1,1,0
CUST-0963,48,68.05,2,0,12,10,11.0,Anual,Tarjeta,Sur,1,1,0
CUST-0964,49,50.87,0,0,19,9,2.9,Anual,Tarjeta,Occidente,0,1,0
CUST-0965,17,58.46,4,2,17,6,6.5,Mensual,Tarjeta,Norte,1,0,0
CUST-0966,18,68.64,5,0,33,7,10.9,Anual,Débito,Centro,1,1,0
CUST-0967,1,47.62,4,0,11,4,9.2,Anual,Tarjeta,Occidente,0,0,0
CUST-0968,31,65.72,1,0,24,8,10.7,Bienal,Tarjeta,Norte,1,1,0
CUST-0969,18,86.53,4,0,25,7,10.9,Bienal,Tarjeta,Sur,1,0,0
CUST-0970,19,62.14,3,1,28,9,7.1,Mensual,Tarjeta,Norte,1,0,0
CUST-0971,48,55.17,1,0,17,8,8.9,Mensual,Transferencia,Norte,1,0,0
CUST-0972,25,51.47,1,0,12,7,13.0,Mensual,Tarjeta,Centro,1,1,0
CUST-0973,31,39.8,2,0,22,8,10.1,Bienal,Tarjeta,Sur,1,1,0
CUST-0974,18,91.94,4,1,22,7,7.9,Anual,Transferencia,Centro,1,0,0
CUST-0975,41,47.15,1,0,16,10,5.1,Bienal,Tarjeta,Occidente,1,0,0
CUST-0976,18,54.83,1,1,26,6,11.9,Anual,Billetera,Sur,1,0,0
CUST-0977,60,56.14,0,0,5,7,10.2,Bienal,Tarjeta,Sur,1,0,0
CUST-0978,28,52.69,1,2,32,9,6.6,Anual,Débito,Centro,1,0,0
CUST-0979,25,80.79,2,0,42,7,10.5,Mensual,Transferencia,Occidente,1,0,0
CUST-0980,43,62.06,3,0,32,8,6.2,Anual,Tarjeta,Sur,1,1,0
CUST-0981,9,54.3,3,1,7,4,5.9,Mensual,Tarjeta,Centro,1,1,1
CUST-0982,10,82.93,0,1,8,5,0.0,Mensual,Transferencia,Norte,1,1,0
CUST-0983,27,43.13,4,0,45,6,16.7,Bienal,Billetera,Centro,1,0,0
CUST-0984,28,63.04,0,1,4,9,8.0,Anual,Tarjeta,Occidente,1,1,0
CUST-0985,14,41.92,0,0,24,9,8.9,Bienal,Débito,Norte,1,1,0
CUST-0986,15,67.79,4,2,22,7,6.0,Anual,Billetera,Sur,1,0,0
CUST-0987,38,69.36,0,0,32,8,8.9,Mensual,Tarjeta,Norte,1,1,0
CUST-0988,37,54.14,1,1,8,9,8.4,Anual,Tarjeta,Centro,1,1,0
CUST-0989,11,59.54,1,0,19,7,12.2,Anual,Tarjeta,Sur,1,0,0
CUST-0990,9,80.68,6,2,10,5,8.5,Mensual,Transferencia,Occidente,1,0,0
CUST-0991,14,59.99,2,1,25,9,15.0,Anual,Billetera,Centro,0,0,0
CUST-0992,9,97.34,1,0,39,6,13.5,Mensual,Débito,Sur,1,0,0
CUST-0993,23,73.29,2,2,2,6,4.6,Mensual,Transferencia,Norte,0,0,0
CUST-0994,38,57.72,1,0,11,7,9.1,Bienal,Transferencia,Centro,0,1,0
CUST-0995,11,78.71,3,2,15,5,7.5,Mensual,Débito,Sur,1,0,0
CUST-0996,10,41.72,0,1,17,6,13.3,Anual,Tarjeta,Occidente,1,0,0
CUST-0997,28,60.82,3,0,28,8,13.1,Mensual,Billetera,Norte,0,1,0
CUST-0998,19,53.48,3,1,38,10,10.4,Anual,Transferencia,Norte,1,0,0
CUST-0999,13,33.19,4,1,11,6,4.2,Mensual,Transferencia,Sur,1,0,0
CUST-1000,36,56.18,0,0,27,6,8.5,Anual,Tarjeta,Sur,1,0,0
CUST-1001,13,28.8,2,0,20,10,10.8,Anual,Transferencia,Sur,0,0,0
CUST-1002,26,69.7,0,0,22,8,15.5,Bienal,Tarjeta,Centro,1,1,0
CUST-1003,29,56.32,2,0,19,7,4.3,Mensual,Billetera,Norte,1,1,0
CUST-1004,23,52.32,0,0,25,8,11.4,Mensual,Transferencia,Centro,0,1,0
CUST-1005,18,59.11,2,2,22,8,11.6,Bienal,Billetera,Occidente,1,0,0
CUST-1006,49,67.81,1,0,26,8,10.5,Anual,Tarjeta,Norte,1,0,0
CUST-1007,14,43.33,6,6,7,6,4.9,Anual,Transferencia,Centro,1,0,0
CUST-1008,33,48.78,5,1,21,8,8.3,Anual,Tarjeta,Centro,1,0,0
CUST-1009,27,54.3,1,0,28,9,6.0,Mensual,Tarjeta,Occidente,0,0,0
CUST-1010,35,57.47,1,0,26,10,11.8,Anual,Tarjeta,Sur,0,1,0
CUST-1011,21,60.1,2,2,34,8,14.3,Mensual,Billetera,Centro,1,0,1
CUST-1012,22,63.63,2,2,28,8,14.7,Mensual,Billetera,Sur,1,1,0
CUST-1013,29,27.35,0,0,31,8,11.9,Mensual,Tarjeta,Occidente,1,0,0
CUST-1014,15,74.73,6,3,14,5,11.3,Bienal,Transferencia,Occidente,1,0,0
CUST-1015,38,31.69,2,0,27,8,4.8,Bienal,Transferencia,Centro,1,0,0
CUST-1016,34,60.56,1,0,35,9,13.7,Mensual,Transferencia,Centro,1,1,0
CUST-1017,18,90.71,3,0,29,7,14.2,Mensual,Billetera,Sur,1,1,0
CUST-1018,17,101.37,4,3,6,5,3.4,Anual,Billetera,Occidente,0,1,1
CUST-1019,41,73.01,1,1,30,7,12.4,Mensual,Transferencia,Centro,1,0,0
CUST-1020,25,41.47,4,0,28,6,12.2,Mensual,Débito,Centro,1,0,0
CUST-1021,8,105.52,5,1,9,4,3.0,Anual,Tarjeta,Occidente,1,0,1
CUST-1022,16,46.48,2,0,27,6,10.7,Mensual,Billetera,Occidente,1,1,0
CUST-1023,23,59.92,5,1,6,4,1.5,Anual,Transferencia,Sur,0,0,0
CUST-1024,8,68.3,1,0,15,6,11.4,Anual,Billetera,Occidente,1,1,0
CUST-1025,12,46.58,2,1,35,7,12.5,Anual,Billetera,Centro,1,0,0
CUST-1026,40,43.74,0,1,25,10,8.1,Anual,Transferencia,Norte,1,1,0
CUST-1027,3,78.66,4,3,19,7,4.0,Mensual,Débito,Sur,1,0,1
CUST-1028,24,49.1,3,0,9,8,10.5,Bienal,Tarjeta,Norte,1,1,0
CUST-1029,8,64.46,4,1,32,7,18.0,Mensual,Billetera,Centro,0,1,0
CUST-1030,47,56.92,2,1,27,8,9.6,Bienal,Transferencia,Norte,1,1,0
CUST-1031,24,50.52,1,0,17,4,6.0,Anual,Billetera,Norte,1,1,0
CUST-1032,32,71.77,0,0,25,8,15.6,Mensual,Tarjeta,Sur,1,0,0
CUST-1033,21,59.57,0,0,22,5,11.1,Bienal,Transferencia,Occidente,1,1,0
CUST-1034,15,95.75,7,0,9,8,11.0,Mensual,Transferencia,Norte,0,0,0
CUST-1035,30,51.74,0,0,25,9,7.6,Anual,Billetera,Norte,1,1,0
CUST-1036,27,60.5,4,1,36,5,5.9,Bienal,Débito,Norte,0,1,0
CUST-1037,25,60.23,0,0,30,9,5.5,Anual,Billetera,Sur,1,0,0
CUST-1038,51,40.97,2,0,28,7,10.2,Bienal,Tarjeta,Norte,1,1,0
CUST-1039,35,61.58,2,1,29,5,8.8,Anual,Débito,Sur,1,1,0
CUST-1040,22,58.15,0,0,23,8,8.1,Anual,Transferencia,Norte,1,0,0
CUST-1041,50,57.28,1,0,25,8,10.5,Bienal,Billetera,Sur,1,0,0
CUST-1042,17,65.06,4,0,35,7,14.7,Mensual,Tarjeta,Centro,1,1,0
CUST-1043,24,81.5,2,0,33,7,18.0,Anual,Billetera,Occidente,1,0,0
CUST-1044,18,73.47,3,0,22,8,19.4,Anual,Débito,Centro,1,0,0
CUST-1045,52,47.81,2,0,29,7,9.3,Bienal,Débito,Sur,1,1,0
CUST-1046,53,55.64,1,1,38,8,11.7,Anual,Tarjeta,Norte,1,1,0
CUST-1047,30,21.48,0,0,26,7,10.6,Anual,Billetera,Centro,1,0,0
CUST-1048,11,66.4,5,2,29,5,13.3,Anual,Débito,Occidente,1,0,0
CUST-1049,21,72.23,3,2,11,4,5.8,Anual,Transferencia,Occidente,1,1,0
CUST-1050,39,17.54,1,1,21,9,11.2,Mensual,Tarjeta,Occidente,1,0,0
CUST-1051,4,57.9,1,1,22,7,13.1,Bienal,Billetera,Sur,1,0,0
CUST-1052,31,66.49,0,0,20,7,9.7,Mensual,Transferencia,Norte,1,0,0
CUST-1053,23,32.61,1,0,14,8,5.6,Bienal,Transferencia,Centro,1,1,0
CUST-1054,25,51.97,1,0,19,7,12.1,Mensual,Transferencia,Centro,1,1,0
CUST-1055,48,51.48,1,0,28,9,10.4,Mensual,Transferencia,Norte,1,0,0
CUST-1056,17,54.43,3,0,20,6,15.4,Anual,Tarjeta,Centro,1,0,0
CUST-1057,8,102.11,2,2,1,4,7.6,Mensual,Débito,Norte,1,1,0
CUST-1058,41,59.62,1,1,40,7,11.3,Anual,Débito,Sur,1,1,0
CUST-1059,16,75.57,2,0,22,7,17.3,Mensual,Billetera,Occidente,1,0,0
CUST-1060,27,64.73,2,1,38,6,13.3,Mensual,Billetera,Sur,1,1,0
CUST-1061,5,76.11,6,2,11,7,6.6,Mensual,Transferencia,Sur,1,0,1
CUST-1062,17,53.58,2,1,28,5,11.1,Anual,Billetera,Centro,1,1,0
CUST-1063,43,53.23,1,0,35,8,12.1,Mensual,Débito,Sur,0,1,0
CUST-1064,36,59.13,3,0,33,8,13.8,Mensual,Tarjeta,Sur,1,1,0
CUST-1065,42,35.31,1,0,40,8,5.3,Anual,Transferencia,Sur,1,0,0
CUST-1066,5,90.73,7,2,19,5,1.8,Mensual,Débito,Norte,1,1,1
CUST-1067,9,38.77,1,0,32,8,10.2,Mensual,Tarjeta,Occidente,1,1,0
CUST-1068,22,36.94,4,2,18,4,12.2,Bienal,Transferencia,Norte,1,0,0
CUST-1069,41,34.89,0,0,19,8,8.6,Mensual,Tarjeta,Sur,1,1,0
CUST-1070,24,58.61,0,0,25,7,4.2,Mensual,Transferencia,Sur,1,1,0
CUST-1071,8,107.6,2,1,14,5,1.5,Mensual,Tarjeta,Sur,1,1,0
CUST-1072,17,65.71,4,1,21,7,15.2,Mensual,Billetera,Occidente,1,0,0
CUST-1073,29,34.72,0,0,29,9,13.9,Bienal,Tarjeta,Centro,1,1,0
CUST-1074,22,102.41,5,1,18,5,5.0,Mensual,Billetera,Occidente,0,0,1
CUST-1075,6,69.04,5,2,10,6,4.2,Mensual,Transferencia,Sur,1,0,1
CUST-1076,23,58.13,2,0,29,8,9.6,Bienal,Débito,Occidente,0,0,0
CUST-1077,17,74.43,1,0,24,5,15.7,Mensual,Billetera,Centro,1,0,0
CUST-1078,29,84.44,1,1,24,9,5.2,Mensual,Débito,Norte,1,0,0
CUST-1079,13,79.68,3,0,44,7,0.8,Mensual,Tarjeta,Sur,1,0,0
CUST-1080,21,58.86,1,0,14,8,9.7,Anual,Transferencia,Centro,1,0,0
CUST-1081,52,54.05,2,0,18,9,9.4,Mensual,Transferencia,Occidente,1,0,0
CUST-1082,14,99.56,7,3,17,5,3.0,Anual,Transferencia,Sur,0,0,1
CUST-1083,9,103.44,3,2,0,5,4.8,Bienal,Transferencia,Sur,1,0,0
CUST-1084,12,102.09,5,2,10,5,3.5,Mensual,Billetera,Centro,0,0,1
CUST-1085,22,56.02,6,2,16,4,0.0,Mensual,Tarjeta,Sur,0,0,0
CUST-1086,6,70.72,2,1,22,6,14.1,Anual,Tarjeta,Norte,1,0,0
CUST-1087,12,63.88,2,0,25,6,14.8,Mensual,Billetera,Sur,1,1,0
CUST-1088,11,52.98,2,0,20,9,9.5,Mensual,Tarjeta,Norte,1,0,0
CUST-1089,12,90.2,2,2,32,7,12.7,Bienal,Billetera,Norte,1,1,0
CUST-1090,31,51.26,6,0,30,8,12.4,Anual,Transferencia,Occidente,1,1,0
CUST-1091,33,42.2,1,0,13,7,12.7,Mensual,Tarjeta,Occidente,1,1,0
CUST-1092,30,68.32,3,4,33,6,5.8,Anual,Billetera,Occidente,1,0,0
CUST-1093,53,53.68,1,1,17,8,6.6,Bienal,Transferencia,Occidente,1,1,0
CUST-1094,60,61.11,5,0,19,10,8.2,Mensual,Transferencia,Occidente,1,0,0
CUST-1095,6,61.39,3,0,32,7,3.4,Mensual,Billetera,Sur,1,1,0
CUST-1096,39,52.86,3,1,30,8,11.9,Mensual,Tarjeta,Centro,1,1,0
CUST-1097,22,56.63,2,3,21,9,9.2,Anual,Billetera,Centro,0,0,0
CUST-1098,13,82.45,4,1,12,5,3.2,Mensual,Débito,Occidente,0,0,1
CUST-1099,6,61.74,6,2,20,2,7.5,Bienal,Transferencia,Centro,1,0,1
CUST-1100,45,59.01,3,0,28,7,4.4,Mensual,Tarjeta,Occidente,1,0,0
CUST-1101,31,58.6,1,0,17,10,8.1,Mensual,Tarjeta,Occidente,0,1,0
CUST-1102,57,33.85,2,0,26,7,6.0,Bienal,Transferencia,Norte,1,1,0
CUST-1103,7,94.56,2,3,0,2,4.7,Mensual,Billetera,Sur,0,0,1
CUST-1104,7,85.31,2,3,10,3,4.4,Mensual,Tarjeta,Sur,1,0,1
CUST-1105,47,35.63,0,2,18,7,8.7,Bienal,Tarjeta,Sur,0,1,0
CUST-1106,37,92.58,4,1,33,6,7.4,Mensual,Débito,Centro,1,0,0
CUST-1107,21,60.02,1,1,20,9,3.6,Bienal,Tarjeta,Sur,1,1,0
CUST-1108,46,61.63,0,0,35,8,14.4,Anual,Tarjeta,Occidente,1,1,0
CUST-1109,12,77.15,6,0,10,3,6.2,Mensual,Transferencia,Sur,0,0,1
CUST-1110,36,54.77,2,0,23,7,0.5,Bienal,Transferencia,Centro,1,1,0
CUST-1111,28,65.46,3,0,32,7,10.8,Mensual,Débito,Centro,1,1,0
CUST-1112,29,35.03,0,0,11,8,7.1,Mensual,Tarjeta,Sur,1,0,0
CUST-1113,23,64.48,1,0,39,8,7.7,Mensual,Billetera,Sur,1,0,0
CUST-1114,12,82.04,1,0,19,3,0.9,Mensual,Tarjeta,Centro,0,0,0
CUST-1115,1,67.7,1,2,11,3,6.3,Bienal,Débito,Centro,0,0,0
CUST-1116,12,76.17,1,0,11,9,5.6,Anual,Billetera,Sur,1,0,0
CUST-1117,42,55.86,2,0,11,8,8.2,Anual,Tarjeta,Sur,1,0,0
CUST-1118,12,65.74,3,4,13,4,0.0,Mensual,Transferencia,Norte,1,1,0
CUST-1119,33,48.33,0,0,28,7,6.9,Mensual,Transferencia,Centro,1,1,0
CUST-1120,13,85.09,5,2,14,3,8.3,Mensual,Transferencia,Sur,0,1,0
CUST-1121,15,69.89,0,1,48,7,14.3,Anual,Débito,Centro,1,0,0
CUST-1122,41,39.04,0,1,16,10,11.6,Anual,Transferencia,Sur,0,0,0
CUST-1123,3,76.06,7,4,3,5,10.8,Mensual,Billetera,Norte,1,0,1
CUST-1124,28,47.61,0,0,23,10,10.8,Bienal,Transferencia,Norte,0,1,0
CUST-1125,17,46.06,0,0,39,8,9.5,Anual,Transferencia,Norte,1,1,0
CUST-1126,26,44.71,2,0,34,7,13.9,Mensual,Billetera,Occidente,1,0,0
CUST-1127,11,80.54,2,2,37,9,18.9,Mensual,Billetera,Centro,1,1,0
CUST-1128,16,54.68,0,1,20,9,14.9,Mensual,Billetera,Sur,1,0,0
CUST-1129,1,59.09,0,0,38,8,8.2,Mensual,Transferencia,Centro,0,0,0
CUST-1130,7,67.55,3,7,3,6,7.5,Mensual,Tarjeta,Occidente,0,0,1
CUST-1131,7,76.99,6,2,15,6,3.0,Mensual,Transferencia,Centro,0,0,0
CUST-1132,20,46.82,2,1,20,6,10.9,Bienal,Billetera,Norte,1,0,0
CUST-1133,14,73.5,1,0,28,9,4.3,Mensual,Tarjeta,Centro,1,1,0
CUST-1134,22,81.01,3,0,45,5,6.1,Mensual,Billetera,Centro,1,0,0
CUST-1135,11,36.38,3,2,6,7,9.5,Mensual,Billetera,Norte,1,0,0
CUST-1136,30,41.32,0,1,21,8,10.2,Mensual,Transferencia,Norte,1,1,0
CUST-1137,41,39.05,1,0,16,8,3.2,Anual,Transferencia,Norte,1,0,0
CUST-1138,29,33.31,3,0,34,8,13.1,Bienal,Tarjeta,Norte,1,0,0
CUST-1139,13,56.13,0,1,30,9,10.8,Bienal,Transferencia,Sur,1,0,0
CUST-1140,6,66.45,2,0,23,7,17.2,Mensual,Billetera,Sur,1,0,0
CUST-1141,24,52.86,0,0,25,9,8.7,Mensual,Tarjeta,Norte,1,0,0
CUST-1142,9,76.21,4,1,17,2,5.9,Anual,Billetera,Sur,0,1,0
CUST-1143,17,110.19,2,3,17,5,4.7,Mensual,Billetera,Sur,1,0,0
CUST-1144,19,66.5,6,1,19,4,10.0,Mensual,Transferencia,Sur,1,0,0
CUST-1145,30,62.25,2,0,20,9,5.5,Mensual,Billetera,Sur,1,0,0
CUST-1146,43,47.17,4,2,22,8,13.3,Mensual,Transferencia,Sur,1,1,0
CUST-1147,32,73.67,2,1,45,8,13.7,Anual,Tarjeta,Norte,1,0,0
CUST-1148,4,82.26,2,2,10,7,5.2,Mensual,Tarjeta,Occidente,0,1,0
CUST-1149,24,69.67,1,1,38,7,6.0,Mensual,Débito,Occidente,1,1,0
CUST-1150,5,65.09,3,4,15,5,5.3,Mensual,Tarjeta,Norte,1,0,0
CUST-1151,27,63.96,3,0,32,8,2.6,Anual,Tarjeta,Centro,1,0,0
CUST-1152,9,113.3,4,3,14,5,7.6,Mensual,Débito,Centro,1,1,0
CUST-1153,33,54.01,1,0,16,8,14.8,Mensual,Billetera,Sur,0,1,0
CUST-1154,56,72.99,1,0,19,9,6.0,Anual,Transferencia,Norte,1,0,0
CUST-1155,22,41.9,0,0,35,7,14.1,Mensual,Débito,Centro,1,1,0
CUST-1156,40,41.73,2,0,20,10,6.0,Mensual,Tarjeta,Centro,1,1,0
CUST-1157,37,81.13,2,1,26,10,6.1,Anual,Tarjeta,Centro,0,0,0
CUST-1158,26,44.89,0,0,17,8,11.3,Mensual,Billetera,Centro,0,0,0
CUST-1159,31,65.17,4,0,28,8,8.0,Anual,Débito,Occidente,1,1,0
CUST-1160,17,57.59,2,0,28,8,4.1,Mensual,Billetera,Centro,1,0,0
CUST-1161,37,53.06,4,1,27,10,11.9,Anual,Billetera,Norte,1,0,0
CUST-1162,14,76.4,5,0,40,7,14.1,Bienal,Billetera,Centro,1,0,0
CUST-1163,19,48.15,6,1,15,3,4.9,Mensual,Tarjeta,Centro,0,0,1
CUST-1164,30,63.08,1,0,27,7,12.4,Bienal,Billetera,Norte,1,1,0
CUST-1165,29,72.06,0,0,33,7,6.5,Anual,Tarjeta,Centro,1,1,0
CUST-1166,10,90.2,2,1,19,4,2.4,Mensual,Billetera,Norte,1,0,0
CUST-1167,12,82.8,3,5,3,4,5.7,Bienal,Transferencia,Norte,1,0,1
CUST-1168,23,49.36,1,0,28,6,12.8,Mensual,Billetera,Norte,1,0,0
CUST-1169,5,90.42,7,3,13,7,2.0,Mensual,Débito,Norte,0,0,0
CUST-1170,36,47.34,1,0,27,8,15.6,Anual,Débito,Sur,1,1,0
CUST-1171,47,29.43,2,0,28,7,8.1,Bienal,Tarjeta,Norte,1,1,0
CUST-1172,6,92.42,2,2,26,8,0.5,Bienal,Billetera,Sur,1,0,0
CUST-1173,53,57.05,1,0,37,9,12.7,Mensual,Billetera,Centro,1,0,0
CUST-1174,31,62.0,4,0,21,6,8.8,Mensual,Billetera,Centro,1,0,0
CUST-1175,16,72.71,3,0,36,8,9.9,Bienal,Billetera,Sur,1,0,0
CUST-1176,4,52.2,3,2,22,7,21.9,Mensual,Débito,Centro,1,1,0
CUST-1177,40,54.1,2,1,36,7,9.4,Bienal,Transferencia,Centro,1,1,0
CUST-1178,53,55.02,0,0,12,8,9.3,Mensual,Débito,Occidente,1,0,0
CUST-1179,40,53.69,1,0,4,8,9.0,Mensual,Tarjeta,Occidente,1,1,0
CUST-1180,40,37.7,0,2,26,7,8.2,Anual,Transferencia,Sur,1,0,0
CUST-1181,7,58.66,1,1,24,7,10.9,Anual,Tarjeta,Centro,1,1,0
CUST-1182,31,39.83,3,1,12,9,6.1,Bienal,Billetera,Norte,1,0,0
CUST-1183,21,40.58,3,1,32,8,7.3,Mensual,Tarjeta,Occidente,1,1,0
CUST-1184,48,43.26,4,0,21,6,7.6,Bienal,Transferencia,Sur,1,1,0
CUST-1185,33,44.82,3,0,15,8,4.3,Anual,Transferencia,Norte,1,1,0
CUST-1186,17,74.72,4,1,11,5,6.2,Mensual,Débito,Centro,1,0,1
CUST-1187,30,64.63,1,0,28,9,14.9,Anual,Transferencia,Centro,1,1,0
CUST-1188,10,83.4,4,0,5,3,0.4,Mensual,Tarjeta,Sur,1,0,1
CUST-1189,26,37.43,0,0,21,7,8.8,Bienal,Tarjeta,Sur,0,1,0
CUST-1190,3,80.72,6,2,39,8,6.5,Anual,Billetera,Sur,1,0,0
CUST-1191,45,31.68,2,0,26,8,12.4,Anual,Transferencia,Centro,1,1,0
CUST-1192,53,62.68,1,0,21,9,7.9,Bienal,Tarjeta,Occidente,1,1,0
CUST-1193,18,84.84,7,1,20,5,4.6,Anual,Transferencia,Sur,0,0,0
CUST-1194,10,42.05,7,4,11,6,1.3,Anual,Débito,Centro,0,0,1
CUST-1195,18,84.31,7,2,2,5,7.2,Mensual,Transferencia,Centro,0,1,1
CUST-1196,30,34.93,1,0,28,9,7.0,Bienal,Tarjeta,Centro,1,1,0
CUST-1197,21,44.34,1,0,11,9,8.7,Anual,Tarjeta,Sur,0,1,0
CUST-1198,11,46.73,1,0,28,7,13.6,Anual,Transferencia,Occidente,1,0,0
CUST-1199,33,47.34,4,0,13,7,9.7,Bienal,Tarjeta,Centro,1,1,0
CUST-1200,14,55.2,2,0,23,6,15.5,Mensual,Transferencia,Centro,1,1,0
CUST-1201,15,56.33,4,0,25,8,9.0,Anual,Billetera,Sur,1,0,0
CUST-1202,32,78.82,4,0,44,8,12.6,Mensual,Billetera,Occidente,1,0,0
CUST-1203,9,91.87,4,0,9,6,7.2,Anual,Transferencia,Sur,1,0,1
CUST-1204,17,56.77,1,1,35,5,12.8,Anual,Tarjeta,Sur,1,0,0
CUST-1205,45,47.9,2,0,9,9,14.6,Mensual,Débito,Sur,1,1,0
CUST-1206,38,37.47,1,0,10,8,7.3,Anual,Tarjeta,Norte,1,0,0
CUST-1207,15,67.18,1,0,27,8,14.9,Mensual,Billetera,Centro,1,1,0
CUST-1208,28,45.6,2,0,12,7,14.4,Mensual,Billetera,Norte,1,0,0
CUST-1209,38,62.31,0,1,22,7,11.0,Bienal,Tarjeta,Norte,0,1,0
CUST-1210,34,69.26,0,0,20,7,11.5,Mensual,Tarjeta,Centro,0,0,0
CUST-1211,17,50.7,0,0,28,6,16.2,Mensual,Billetera,Norte,1,1,0
CUST-1212,14,74.5,3,0,11,6,4.1,Mensual,Transferencia,Centro,1,0,0
CUST-1213,8,39.02,2,1,34,7,9.5,Mensual,Billetera,Sur,1,0,0
CUST-1214,26,55.53,2,0,28,9,9.4,Bienal,Débito,Sur,1,0,0
CUST-1215,34,48.41,1,1,18,9,8.8,Bienal,Transferencia,Centro,1,0,0
CUST-1216,4,88.53,3,0,29,8,8.1,Mensual,Tarjeta,Occidente,1,0,0
CUST-1217,22,19.72,1,1,28,7,6.5,Bienal,Transferencia,Occidente,1,1,0
CUST-1218,27,93.52,1,0,29,8,16.5,Anual,Tarjeta,Centro,1,1,0
CUST-1219,16,75.5,0,0,29,4,14.3,Anual,Billetera,Centro,1,1,0
CUST-1220,25,46.18,4,1,20,9,6.9,Mensual,Billetera,Sur,1,0,0
CUST-1221,51,35.54,2,1,15,6,9.8,Mensual,Débito,Norte,1,1,0
CUST-1222,33,44.72,3,0,22,8,8.8,Anual,Débito,Centro,0,0,0
CUST-1223,16,89.36,1,3,2,5,0.0,Anual,Tarjeta,Centro,0,0,0
CUST-1224,24,58.75,1,1,34,6,12.5,Mensual,Billetera,Sur,1,0,0
CUST-1225,26,56.63,3,0,9,10,12.5,Bienal,Tarjeta,Centro,1,0,0
CUST-1226,1,119.98,8,4,19,3,0.0,Anual,Transferencia,Centro,0,0,1
CUST-1227,55,29.67,1,0,18,9,8.9,Anual,Tarjeta,Sur,1,1,0
CUST-1228,22,40.15,2,0,7,7,10.2,Anual,Tarjeta,Sur,1,1,0
CUST-1229,13,87.2,3,4,10,5,5.5,Mensual,Débito,Centro,0,0,1
CUST-1230,50,36.07,2,0,7,7,9.9,Bienal,Débito,Norte,1,1,0
CUST-1231,39,46.01,2,0,34,6,10.4,Mensual,Débito,Occidente,1,1,0
CUST-1232,23,52.15,1,0,28,8,13.1,Mensual,Billetera,Norte,1,0,0
CUST-1233,38,55.68,2,0,24,8,4.1,Anual,Tarjeta,Norte,1,0,0
CUST-1234,15,67.02,2,1,37,4,8.2,Anual,Billetera,Norte,1,1,0
CUST-1235,33,34.6,2,0,27,8,11.3,Mensual,Tarjeta,Centro,1,1,0
CUST-1236,35,60.19,2,0,36,8,13.0,Bienal,Transferencia,Norte,0,0,0
CUST-1237,42,61.94,0,0,29,9,3.6,Mensual,Tarjeta,Norte,1,1,0
CUST-1238,33,54.41,1,0,13,5,7.8,Mensual,Transferencia,Occidente,1,1,0
CUST-1239,41,52.8,1,0,21,8,10.8,Mensual,Tarjeta,Norte,1,0,0
CUST-1240,30,40.25,2,1,25,10,9.7,Mensual,Débito,Sur,1,0,0
CUST-1241,7,81.83,6,4,10,3,3.2,Mensual,Tarjeta,Sur,1,0,1
CUST-1242,56,42.32,2,0,19,9,9.0,Bienal,Transferencia,Centro,1,1,0
CUST-1243,37,56.06,1,0,20,8,7.5,Bienal,Transferencia,Occidente,1,1,0
CUST-1244,25,53.24,1,1,17,6,11.4,Anual,Débito,Sur,1,0,0
CUST-1245,39,52.63,2,1,4,8,5.7,Anual,Débito,Norte,1,1,0
CUST-1246,52,57.86,0,1,25,7,11.7,Bienal,Transferencia,Sur,0,0,0
CUST-1247,25,59.87,2,0,16,6,14.6,Anual,Tarjeta,Centro,1,0,0
CUST-1248,36,51.58,3,0,27,8,2.2,Mensual,Tarjeta,Centro,1,0,0
CUST-1249,15,90.53,6,3,12,3,4.3,Anual,Tarjeta,Sur,1,1,0
CUST-1250,13,107.37,4,3,8,2,4.6,Mensual,Transferencia,Sur,1,0,1
CUST-1251,25,28.04,1,1,22,7,6.6,Bienal,Tarjeta,Centro,1,1,0
CUST-1252,36,46.15,1,0,26,9,8.5,Anual,Débito,Sur,1,1,0
CUST-1253,45,40.34,2,1,31,9,6.2,Anual,Débito,Sur,1,1,0
CUST-1254,13,79.4,1,1,30,6,8.3,Mensual,Billetera,Norte,1,1,0
CUST-1255,23,40.51,0,0,9,9,10.3,Mensual,Transferencia,Norte,1,1,0
CUST-1256,9,51.36,1,1,16,5,9.6,Mensual,Transferencia,Centro,1,0,0
CUST-1257,14,76.13,5,1,40,8,12.7,Mensual,Débito,Occidente,1,1,0
CUST-1258,8,94.25,3,3,16,6,4.7,Mensual,Transferencia,Occidente,1,0,0
CUST-1259,8,55.82,0,1,37,7,1.2,Bienal,Billetera,Centro,1,1,0
CUST-1260,16,65.37,5,2,10,5,4.0,Mensual,Transferencia,Norte,0,0,0
CUST-1261,25,40.32,4,1,28,7,11.9,Anual,Tarjeta,Occidente,1,0,0
CUST-1262,39,40.72,1,2,29,7,6.9,Bienal,Tarjeta,Occidente,1,1,0
CUST-1263,30,67.34,1,0,19,9,12.5,Mensual,Transferencia,Sur,1,0,0
CUST-1264,1,90.33,1,3,8,4,3.8,Mensual,Tarjeta,Occidente,1,0,1
CUST-1265,21,84.91,3,1,32,8,17.3,Bienal,Transferencia,Occidente,1,1,0
CUST-1266,1,115.53,3,2,10,4,9.9,Mensual,Billetera,Sur,0,1,1
CUST-1267,21,36.86,0,0,43,9,5.5,Mensual,Tarjeta,Occidente,1,1,0
CUST-1268,3,65.84,2,0,11,5,9.3,Mensual,Tarjeta,Sur,0,0,1
CUST-1269,18,50.98,3,1,19,7,11.6,Mensual,Billetera,Occidente,1,1,0
CUST-1270,23,65.05,0,0,34,6,15.0,Anual,Tarjeta,Occidente,1,0,0
CUST-1271,4,61.5,3,0,15,7,4.2,Mensual,Billetera,Norte,1,0,0
CUST-1272,45,64.38,4,0,26,9,14.9,Bienal,Billetera,Sur,1,0,0
CUST-1273,20,50.57,1,0,35,8,12.1,Anual,Billetera,Centro,1,1,0
CUST-1274,16,58.72,2,0,30,8,13.4,Bienal,Tarjeta,Sur,1,0,0
CUST-1275,3,68.91,1,0,27,7,7.3,Bienal,Transferencia,Centro,1,0,0
CUST-1276,36,53.72,3,0,36,9,7.6,Bienal,Transferencia,Centro,1,1,0
CUST-1277,49,19.05,3,0,16,8,11.6,Bienal,Tarjeta,Centro,1,1,0
CUST-1278,37,37.27,1,1,32,9,6.2,Anual,Débito,Centro,0,0,0
CUST-1279,13,105.14,7,1,18,5,2.4,Mensual,Transferencia,Centro,1,0,1
CUST-1280,11,77.46,2,0,20,5,15.0,Mensual,Billetera,Norte,1,1,0
CUST-1281,27,51.89,1,1,13,8,12.2,Bienal,Transferencia,Sur,1,0,0
CUST-1282,22,50.28,1,1,4,10,4.1,Mensual,Tarjeta,Norte,1,0,0
CUST-1283,29,45.38,4,1,33,8,10.6,Bienal,Tarjeta,Centro,1,1,0
CUST-1284,12,61.35,3,0,36,5,8.0,Mensual,Transferencia,Norte,1,1,0
CUST-1285,15,77.87,0,5,14,6,6.7,Mensual,Transferencia,Norte,1,0,0
CUST-1286,15,59.84,6,2,24,5,6.7,Mensual,Transferencia,Norte,0,0,0
CUST-1287,38,59.89,2,0,18,9,4.1,Anual,Transferencia,Centro,1,0,0
CUST-1288,39,61.09,2,0,23,6,8.8,Anual,Tarjeta,Occidente,1,1,0
CUST-1289,30,71.88,1,0,22,8,8.9,Anual,Transferencia,Centro,1,1,0
CUST-1290,1,64.46,2,0,38,6,14.7,Bienal,Billetera,Occidente,1,0,0
CUST-1291,29,57.24,2,2,27,8,5.3,Anual,Débito,Norte,0,1,0
CUST-1292,17,64.37,3,1,22,6,7.5,Bienal,Billetera,Norte,1,0,0
CUST-1293,6,45.99,0,1,27,6,14.9,Mensual,Billetera,Sur,1,0,0
CUST-1294,32,49.56,0,0,32,8,9.4,Anual,Transferencia,Norte,1,0,0
CUST-1295,47,59.26,1,0,30,8,9.8,Anual,Tarjeta,Norte,1,1,0
CUST-1296,46,44.58,1,0,22,6,14.2,Bienal,Débito,Occidente,1,1,0
CUST-1297,21,48.57,2,0,19,8,5.8,Bienal,Débito,Occidente,1,1,0
CUST-1298,31,62.8,3,0,4,7,10.3,Anual,Débito,Centro,1,1,0
CUST-1299,21,56.29,2,1,28,10,12.6,Mensual,Billetera,Centro,1,1,0
CUST-1300,46,56.24,1,1,21,8,11.4,Mensual,Tarjeta,Centro,1,0,0
CUST-1301,27,51.61,1,0,41,8,13.6,Anual,Transferencia,Sur,1,1,0
CUST-1302,4,61.59,1,2,41,5,20.4,Anual,Tarjeta,Occidente,1,0,0
CUST-1303,7,64.78,0,0,27,6,12.7,Bienal,Billetera,Centro,1,0,0
CUST-1304,23,44.45,1,0,19,9,9.0,Bienal,Débito,Sur,0,0,0
CUST-1305,1,83.7,5,1,10,7,6.3,Mensual,Tarjeta,Sur,1,1,0
CUST-1306,7,69.85,6,0,16,6,4.6,Bienal,Transferencia,Norte,1,0,0
CUST-1307,30,56.9,1,2,25,7,9.9,Anual,Billetera,Occidente,1,1,0
CUST-1308,24,88.62,2,1,14,6,14.9,Mensual,Tarjeta,Occidente,1,1,0
CUST-1309,27,53.99,1,0,26,7,8.9,Bienal,Transferencia,Sur,1,0,0
CUST-1310,7,71.64,4,1,16,5,3.0,Bienal,Billetera,Occidente,1,0,0
CUST-1311,54,50.49,3,2,31,6,8.3,Mensual,Débito,Centro,0,1,0
CUST-1312,3,84.12,1,3,11,5,8.3,Mensual,Débito,Norte,1,0,1
CUST-1313,32,73.46,3,0,36,7,10.9,Mensual,Tarjeta,Occidente,1,1,0
CUST-1314,27,63.15,0,1,29,8,8.4,Anual,Tarjeta,Sur,1,1,0
CUST-1315,30,56.22,1,0,29,8,12.3,Anual,Tarjeta,Norte,1,1,0
CUST-1316,23,57.37,7,1,32,5,14.0,Mensual,Tarjeta,Centro,1,0,0
CUST-1317,17,53.47,0,0,27,6,13.2,Mensual,Billetera,Sur,1,0,0
CUST-1318,40,45.57,4,0,30,8,4.4,Bienal,Tarjeta,Occidente,1,0,0
CUST-1319,17,81.52,3,0,17,5,9.9,Anual,Transferencia,Sur,1,1,0
CUST-1320,4,49.24,2,2,9,7,7.8,Mensual,Transferencia,Centro,1,0,0
CUST-1321,19,37.89,1,0,35,6,17.0,Anual,Tarjeta,Centro,1,0,0
CUST-1322,23,61.68,1,0,15,5,16.5,Mensual,Transferencia,Centro,1,1,0
CUST-1323,33,63.43,1,1,11,8,10.6,Bienal,Transferencia,Occidente,1,1,0
CUST-1324,26,51.18,5,0,9,5,4.3,Mensual,Transferencia,Norte,0,0,1
CUST-1325,28,50.41,2,0,15,8,8.6,Mensual,Transferencia,Norte,1,1,0
CUST-1326,6,93.27,4,2,17,5,8.9,Mensual,Tarjeta,Sur,0,0,1
CUST-1327,38,49.96,1,1,33,8,12.3,Mensual,Tarjeta,Norte,1,0,0
CUST-1328,24,58.44,1,0,29,7,8.5,Mensual,Billetera,Centro,1,0,0
CUST-1329,36,59.1,0,0,22,8,10.7,Bienal,Tarjeta,Centro,1,0,0
CUST-1330,53,65.18,2,0,22,8,14.6,Mensual,Transferencia,Sur,1,1,0
CUST-1331,13,69.77,0,1,25,6,19.5,Mensual,Billetera,Centro,1,1,0
CUST-1332,23,31.21,2,1,23,6,9.4,Bienal,Billetera,Centro,1,0,0
CUST-1333,24,52.09,3,0,36,6,10.9,Mensual,Débito,Centro,1,0,0
CUST-1334,17,60.05,3,5,0,6,5.5,Anual,Transferencia,Occidente,1,0,0
CUST-1335,20,83.44,3,5,16,4,2.1,Mensual,Transferencia,Centro,0,1,0
CUST-1336,19,81.75,5,3,9,3,6.7,Mensual,Débito,Norte,1,0,0
CUST-1337,26,60.71,2,0,13,10,11.9,Anual,Tarjeta,Norte,1,1,0
CUST-1338,11,62.23,0,1,35,5,3.4,Mensual,Billetera,Norte,1,0,0
CUST-1339,15,48.99,3,1,11,4,3.5,Mensual,Débito,Centro,0,1,0
CUST-1340,39,63.23,0,1,25,8,9.1,Mensual,Tarjeta,Norte,1,1,0
CUST-1341,30,65.32,0,0,16,8,9.0,Anual,Billetera,Occidente,0,0,0
CUST-1342,23,88.0,2,2,12,5,0.2,Mensual,Débito,Sur,0,0,0
CUST-1343,18,46.95,0,1,24,5,14.0,Mensual,Billetera,Norte,1,0,0
CUST-1344,12,62.12,2,0,33,9,8.8,Anual,Transferencia,Sur,1,0,0
CUST-1345,20,79.47,2,1,21,3,5.7,Mensual,Transferencia,Occidente,1,1,1
CUST-1346,10,31.92,1,2,30,5,8.7,Mensual,Billetera,Centro,1,0,0
CUST-1347,35,43.65,1,0,33,6,7.9,Anual,Transferencia,Norte,1,1,0
CUST-1348,27,45.24,2,1,11,9,13.8,Mensual,Débito,Centro,1,0,0
CUST-1349,32,65.45,0,0,25,7,6.7,Mensual,Billetera,Centro,1,1,0
CUST-1350,13,65.0,0,1,26,7,5.7,Anual,Tarjeta,Centro,1,0,0
CUST-1351,4,79.45,8,1,5,5,9.2,Mensual,Transferencia,Sur,1,0,1
CUST-1352,9,91.04,7,3,10,5,1.5,Bienal,Débito,Sur,0,0,0
CUST-1353,32,56.45,1,0,23,8,11.2,Bienal,Billetera,Sur,1,1,0
CUST-1354,36,54.79,1,1,23,10,11.6,Anual,Billetera,Occidente,1,0,0
CUST-1355,1,92.23,2,0,10,7,8.6,Mensual,Transferencia,Norte,1,0,0
CUST-1356,47,44.14,0,0,29,9,8.2,Bienal,Transferencia,Centro,0,0,0
CUST-1357,13,60.51,1,3,29,6,16.3,Anual,Débito,Occidente,1,0,0
CUST-1358,35,42.15,1,1,31,10,9.9,Bienal,Transferencia,Occidente,1,1,0
CUST-1359,21,74.58,2,2,18,7,18.2,Mensual,Débito,Norte,1,0,0
CUST-1360,37,38.57,2,0,31,10,11.6,Bienal,Tarjeta,Centro,1,0,0
CUST-1361,15,82.37,0,2,33,8,13.8,Mensual,Débito,Occidente,1,0,0
CUST-1362,38,45.26,3,0,38,7,8.8,Bienal,Débito,Sur,1,0,0
CUST-1363,12,62.83,2,1,26,8,8.8,Anual,Transferencia,Sur,1,1,0
CUST-1364,28,50.82,1,0,21,8,7.8,Mensual,Tarjeta,Sur,1,1,0
CUST-1365,22,43.52,2,0,20,7,7.3,Anual,Transferencia,Occidente,1,1,0
CUST-1366,19,54.11,0,0,37,6,6.5,Bienal,Billetera,Sur,1,0,0
CUST-1367,30,52.13,1,0,22,10,13.2,Bienal,Tarjeta,Centro,0,1,0
CUST-1368,10,44.22,0,0,23,8,6.0,Anual,Transferencia,Norte,1,0,0
CUST-1369,26,44.87,1,0,17,8,11.1,Anual,Tarjeta,Sur,1,1,0
CUST-1370,38,34.8,0,0,21,9,10.6,Mensual,Débito,Norte,0,1,0
CUST-1371,37,62.15,1,1,28,9,4.8,Bienal,Tarjeta,Norte,0,0,0
CUST-1372,15,111.19,1,1,14,6,0.7,Mensual,Transferencia,Sur,1,0,0
CUST-1373,36,46.92,0,0,18,8,11.9,Anual,Tarjeta,Centro,1,1,0
CUST-1374,13,101.99,3,5,7,5,7.1,Mensual,Transferencia,Occidente,1,0,0
CUST-1375,17,85.47,4,3,19,6,4.3,Mensual,Tarjeta,Centro,1,0,0
CUST-1376,41,50.24,1,0,18,6,9.4,Mensual,Tarjeta,Sur,1,1,0
CUST-1377,22,78.53,2,1,21,7,19.7,Mensual,Billetera,Centro,1,0,0
CUST-1378,12,81.02,7,3,14,3,4.6,Mensual,Transferencia,Norte,1,0,1
CUST-1379,29,55.17,0,0,38,6,14.0,Mensual,Billetera,Sur,1,1,0
CUST-1380,30,64.72,2,0,22,10,7.1,Anual,Débito,Sur,1,1,0
CUST-1381,33,52.57,1,0,34,7,10.3,Anual,Transferencia,Norte,1,0,0
CUST-1382,29,30.94,2,0,26,9,6.3,Mensual,Débito,Norte,1,1,0
CUST-1383,16,79.36,3,1,32,8,9.4,Mensual,Débito,Centro,1,1,0
CUST-1384,1,122.24,4,3,11,4,6.6,Anual,Billetera,Norte,1,0,1
CUST-1385,14,103.43,2,1,10,3,7.7,Mensual,Billetera,Norte,1,1,0
CUST-1386,42,47.9,1,0,13,7,12.5,Anual,Tarjeta,Sur,1,1,0
CUST-1387,16,50.51,2,1,13,6,14.8,Mensual,Transferencia,Sur,1,0,0
CUST-1388,32,44.84,3,2,24,9,7.5,Anual,Débito,Centro,1,1,0
CUST-1389,29,67.78,1,0,5,7,7.1,Anual,Tarjeta,Sur,1,0,0
CUST-1390,47,57.19,2,0,25,10,11.3,Mensual,Tarjeta,Occidente,1,0,0
CUST-1391,7,68.35,6,2,23,4,0.0,Mensual,Billetera,Occidente,1,1,0
CUST-1392,19,44.24,3,2,13,6,7.5,Mensual,Transferencia,Centro,1,1,0
CUST-1393,29,43.71,4,0,40,8,2.3,Mensual,Transferencia,Occidente,1,0,0
CUST-1394,21,46.51,2,1,22,9,11.2,Bienal,Tarjeta,Norte,0,1,0
CUST-1395,26,66.69,5,2,11,6,3.4,Anual,Billetera,Sur,1,0,0
CUST-1396,20,39.07,0,0,23,8,5.3,Bienal,Débito,Occidente,1,1,0
CUST-1397,25,64.52,0,0,27,6,14.6,Anual,Débito,Sur,1,0,0
CUST-1398,15,96.55,3,5,13,6,7.6,Mensual,Billetera,Norte,1,0,0
CUST-1399,27,82.49,3,0,32,8,15.5,Mensual,Transferencia,Sur,1,1,0
CUST-1400,25,75.81,1,0,23,9,10.0,Mensual,Transferencia,Norte,1,1,0
CUST-1401,37,37.9,5,0,20,7,10.4,Anual,Transferencia,Centro,1,1,0
CUST-1402,29,43.36,1,1,39,7,14.0,Mensual,Tarjeta,Sur,1,1,0
CUST-1403,1,75.77,4,3,16,5,5.9,Mensual,Transferencia,Occidente,1,0,1
CUST-1404,36,17.04,3,0,35,8,6.1,Mensual,Transferencia,Norte,1,1,0
CUST-1405,48,54.63,0,1,27,8,10.8,Bienal,Débito,Sur,1,1,0
CUST-1406,29,59.6,1,0,36,10,10.6,Anual,Tarjeta,Sur,1,0,0
CUST-1407,9,46.93,2,0,1,5,4.8,Mensual,Transferencia,Sur,0,0,0
CUST-1408,27,76.06,3,0,28,8,13.1,Bienal,Billetera,Occidente,1,1,0
CUST-1409,9,98.37,4,1,14,4,2.4,Mensual,Billetera,Occidente,0,0,0
CUST-1410,4,59.84,1,2,20,8,12.6,Mensual,Billetera,Norte,1,0,0
CUST-1411,13,87.68,5,4,7,7,4.6,Mensual,Transferencia,Centro,0,0,0
CUST-1412,17,64.8,2,2,3,5,13.0,Mensual,Transferencia,Occidente,0,0,0
CUST-1413,9,71.15,10,1,15,6,6.1,Mensual,Transferencia,Norte,1,0,0
CUST-1414,17,73.04,5,2,2,6,0.6,Mensual,Transferencia,Norte,1,0,0
CUST-1415,37,57.77,1,2,20,7,8.8,Bienal,Tarjeta,Sur,1,0,0
CUST-1416,17,70.21,3,2,20,7,3.7,Mensual,Transferencia,Sur,1,0,0
CUST-1417,18,18.0,0,0,23,8,16.2,Anual,Billetera,Occidente,1,0,0
CUST-1418,30,58.04,1,1,37,6,14.3,Mensual,Billetera,Norte,1,0,0
CUST-1419,14,128.61,4,1,0,3,11.1,Mensual,Transferencia,Centro,0,1,1
CUST-1420,5,70.51,3,2,13,4,5.2,Mensual,Débito,Occidente,1,0,0
CUST-1421,9,75.48,1,0,19,7,11.8,Anual,Transferencia,Norte,1,0,0
CUST-1422,13,38.59,0,0,37,7,10.9,Anual,Billetera,Sur,1,1,0
CUST-1423,29,39.85,0,1,20,9,12.1,Bienal,Débito,Sur,1,0,0
CUST-1424,13,67.11,0,0,22,8,5.6,Mensual,Tarjeta,Sur,1,1,0
CUST-1425,45,51.72,0,0,37,8,6.6,Mensual,Billetera,Centro,1,0,0
CUST-1426,38,39.33,1,1,34,10,9.1,Anual,Tarjeta,Occidente,1,1,0
CUST-1427,41,33.73,1,0,12,8,8.6,Anual,Débito,Norte,1,1,0
CUST-1428,28,44.26,2,0,32,7,4.7,Anual,Tarjeta,Occidente,1,1,0
CUST-1429,21,78.55,0,1,32,7,4.1,Mensual,Tarjeta,Occidente,1,1,0
CUST-1430,42,52.07,0,1,22,9,5.9,Bienal,Tarjeta,Sur,1,1,0
CUST-1431,8,76.9,8,0,9,6,8.7,Mensual,Tarjeta,Occidente,1,0,1
CUST-1432,7,72.65,2,1,43,9,9.3,Bienal,Billetera,Centro,1,1,0
CUST-1433,27,64.83,1,1,22,9,6.4,Anual,Transferencia,Norte,1,1,0
CUST-1434,22,46.25,2,0,18,7,8.1,Anual,Transferencia,Centro,1,1,0
CUST-1435,45,75.37,1,0,27,8,11.7,Bienal,Débito,Sur,1,1,0
CUST-1436,12,110.89,5,2,10,4,4.5,Anual,Billetera,Norte,0,0,1
CUST-1437,37,65.12,3,0,26,7,10.5,Mensual,Tarjeta,Norte,1,0,0
CUST-1438,28,58.18,2,1,26,8,8.3,Anual,Billetera,Norte,1,1,0
CUST-1439,7,97.76,3,1,18,2,4.0,Mensual,Billetera,Occidente,1,0,0
CUST-1440,1,103.96,3,1,4,6,1.1,Mensual,Débito,Occidente,1,0,1
CUST-1441,22,50.69,1,0,18,8,11.2,Bienal,Transferencia,Sur,1,0,0
CUST-1442,38,28.99,2,0,17,10,8.7,Bienal,Transferencia,Centro,1,0,0
CUST-1443,52,47.48,2,0,13,7,9.4,Anual,Tarjeta,Norte,1,1,0
CUST-1444,36,36.75,3,0,20,7,6.0,Bienal,Tarjeta,Norte,0,1,0
CUST-1445,33,41.93,0,0,26,7,11.2,Mensual,Tarjeta,Sur,1,0,0
CUST-1446,13,66.08,1,1,36,6,20.4,Bienal,Débito,Norte,1,1,0
CUST-1447,1,105.54,5,2,11,3,6.5,Anual,Tarjeta,Norte,0,0,1
CUST-1448,20,93.18,2,1,28,8,12.9,Mensual,Transferencia,Sur,1,1,0
CUST-1449,17,77.49,0,1,32,7,13.4,Bienal,Débito,Centro,1,1,0
CUST-1450,28,67.36,2,0,28,8,13.0,Anual,Tarjeta,Centro,1,0,0
CUST-1451,14,51.35,5,2,5,6,6.8,Anual,Billetera,Occidente,1,1,0
CUST-1452,21,84.38,2,2,30,5,9.1,Anual,Transferencia,Centro,1,0,0
CUST-1453,9,60.84,4,2,12,2,1.7,Mensual,Billetera,Occidente,0,0,1
CUST-1454,12,90.61,4,3,19,4,6.5,Mensual,Transferencia,Centro,1,1,1
CUST-1455,19,37.43,0,0,32,8,9.2,Anual,Tarjeta,Occidente,1,1,0
CUST-1456,41,53.62,0,0,9,8,13.9,Anual,Débito,Occidente,0,1,0
CUST-1457,24,43.57,1,0,19,6,6.3,Anual,Débito,Centro,1,1,0
CUST-1458,46,67.71,2,1,16,7,6.0,Mensual,Transferencia,Norte,1,0,0
CUST-1459,11,88.39,5,5,12,5,5.6,Mensual,Débito,Norte,1,0,0
CUST-1460,40,46.51,5,1,25,10,6.5,Mensual,Billetera,Sur,1,0,0
CUST-1461,25,78.27,3,2,33,5,12.5,Mensual,Tarjeta,Norte,1,0,0
CUST-1462,9,50.59,0,0,31,6,17.7,Anual,Billetera,Occidente,1,1,0
CUST-1463,35,56.97,0,0,26,7,7.6,Mensual,Transferencia,Norte,1,0,0
CUST-1464,33,47.63,4,1,33,9,7.9,Anual,Transferencia,Norte,1,1,0
CUST-1465,23,56.09,3,0,26,9,8.6,Bienal,Transferencia,Centro,1,1,0
CUST-1466,28,75.16,2,2,39,6,9.8,Mensual,Débito,Norte,1,0,0
CUST-1467,36,63.8,2,0,18,6,3.4,Mensual,Transferencia,Occidente,1,0,0
CUST-1468,51,39.54,1,0,25,8,9.3,Mensual,Tarjeta,Sur,1,1,0
CUST-1469,12,65.8,7,1,27,8,17.7,Mensual,Transferencia,Norte,1,0,0
CUST-1470,44,58.9,1,0,33,10,1.6,Anual,Tarjeta,Norte,1,1,0
CUST-1471,2,26.01,5,0,6,6,3.7,Mensual,Transferencia,Sur,1,0,0
CUST-1472,31,60.66,0,1,26,7,11.3,Anual,Transferencia,Occidente,1,1,0
CUST-1473,47,46.62,1,0,22,8,9.5,Anual,Tarjeta,Norte,1,0,0
CUST-1474,11,79.2,4,0,33,6,8.0,Anual,Billetera,Occidente,1,0,0
CUST-1475,30,66.74,4,1,40,8,12.0,Bienal,Débito,Norte,1,0,0
CUST-1476,12,69.76,0,2,24,5,7.6,Mensual,Billetera,Centro,1,0,0
CUST-1477,42,26.11,0,1,31,6,7.6,Bienal,Transferencia,Norte,1,1,0
CUST-1478,22,57.88,4,0,10,3,6.6,Mensual,Transferencia,Centro,1,0,0
CUST-1479,28,56.63,1,1,24,7,11.0,Bienal,Billetera,Sur,1,0,0
CUST-1480,21,45.78,0,1,21,7,11.9,Bienal,Débito,Norte,1,0,0
CUST-1481,43,39.58,1,1,10,8,6.3,Mensual,Billetera,Centro,1,1,0
CUST-1482,29,63.65,3,0,23,9,3.4,Anual,Débito,Norte,1,0,0
CUST-1483,7,56.6,5,1,27,6,7.3,Mensual,Billetera,Centro,1,0,0
CUST-1484,34,51.19,2,0,15,8,9.2,Bienal,Tarjeta,Sur,1,0,0
CUST-1485,24,70.85,4,0,39,5,15.1,Mensual,Billetera,Occidente,1,0,0
CUST-1486,40,47.71,1,0,22,9,11.6,Bienal,Billetera,Centro,1,1,0
CUST-1487,12,93.01,7,0,19,4,4.6,Mensual,Billetera,Occidente,1,0,0
CUST-1488,35,34.14,1,0,23,8,11.9,Bienal,Transferencia,Sur,1,1,0
CUST-1489,13,110.96,3,2,0,6,5.4,Mensual,Tarjeta,Norte,1,0,0
CUST-1490,17,54.91,0,0,20,10,5.4,Bienal,Transferencia,Occidente,1,0,0
CUST-1491,39,51.18,0,0,23,9,10.3,Mensual,Tarjeta,Occidente,1,0,0
CUST-1492,24,51.53,7,0,14,5,6.2,Mensual,Transferencia,Sur,0,0,0
CUST-1493,10,55.79,3,0,12,7,12.3,Bienal,Billetera,Centro,1,0,0
CUST-1494,14,81.4,3,1,12,2,3.2,Mensual,Transferencia,Sur,0,0,1
CUST-1495,21,36.63,4,0,20,7,9.6,Bienal,Débito,Centro,1,0,0
CUST-1496,31,52.88,1,3,25,7,8.3,Mensual,Tarjeta,Centro,1,1,0
CUST-1497,9,57.27,7,1,10,4,6.8,Mensual,Billetera,Norte,0,0,0
CUST-1498,30,57.02,3,1,33,6,7.2,Bienal,Billetera,Sur,1,1,0
CUST-1499,18,55.67,1,1,12,8,8.8,Anual,Tarjeta,Occidente,1,1,0
CUST-1500,20,65.47,0,1,35,9,9.3,Anual,Billetera,Centro,1,0,0
CUST-1501,25,66.79,0,0,24,6,13.9,Mensual,Billetera,Sur,1,0,0
CUST-1502,23,93.59,3,1,18,6,5.1,Mensual,Débito,Centro,0,0,0
CUST-1503,26,54.53,1,1,14,7,9.2,Bienal,Tarjeta,Occidente,1,1,0
CUST-1504,30,34.72,2,2,11,8,11.5,Anual,Billetera,Centro,0,1,0
CUST-1505,12,76.08,3,1,0,5,3.9,Bienal,Tarjeta,Sur,0,0,0
CUST-1506,4,68.66,5,1,21,9,9.6,Anual,Tarjeta,Norte,1,1,0
CUST-1507,15,65.67,1,1,36,7,18.7,Mensual,Transferencia,Centro,1,0,0
CUST-1508,37,65.72,2,0,17,6,14.7,Anual,Débito,Sur,1,1,0
CUST-1509,30,56.05,2,0,26,9,13.4,Anual,Tarjeta,Occidente,1,0,0
CUST-1510,25,68.73,3,0,27,6,6.1,Anual,Billetera,Centro,1,1,0
CUST-1511,48,35.68,1,2,24,9,13.6,Anual,Débito,Norte,1,0,0
CUST-1512,55,33.68,2,0,38,8,12.4,Mensual,Transferencia,Norte,1,0,0
CUST-1513,9,92.39,3,1,33,8,12.6,Mensual,Tarjeta,Occidente,1,0,0
CUST-1514,18,76.94,1,1,29,7,16.4,Mensual,Billetera,Norte,1,0,0
CUST-1515,3,57.81,6,1,2,5,5.5,Mensual,Billetera,Occidente,1,0,1
CUST-1516,4,54.86,3,1,39,7,8.7,Anual,Transferencia,Centro,1,1,0
CUST-1517,49,44.76,3,0,25,8,5.6,Anual,Transferencia,Centro,1,1,0
CUST-1518,20,87.85,5,0,8,5,2.7,Mensual,Transferencia,Sur,0,0,0
CUST-1519,26,59.68,0,0,29,9,12.2,Anual,Transferencia,Norte,1,1,0
CUST-1520,32,42.65,0,0,19,7,6.5,Mensual,Transferencia,Sur,1,1,0
CUST-1521,33,64.39,0,0,23,9,7.4,Mensual,Tarjeta,Occidente,1,0,0
CUST-1522,15,66.52,2,2,27,7,11.0,Mensual,Transferencia,Occidente,1,0,0
CUST-1523,11,78.43,2,2,8,6,8.9,Anual,Tarjeta,Centro,1,1,0
CUST-1524,29,78.58,2,0,18,6,12.2,Anual,Tarjeta,Sur,1,0,0
CUST-1525,15,94.97,0,0,29,10,19.9,Anual,Débito,Norte,1,0,0
CUST-1526,39,41.32,2,0,15,7,10.9,Mensual,Débito,Occidente,1,1,0
CUST-1527,33,54.11,3,0,23,8,6.9,Anual,Tarjeta,Norte,1,1,0
CUST-1528,18,29.98,2,1,30,7,6.5,Bienal,Débito,Centro,1,1,0
CUST-1529,32,46.55,0,0,27,8,11.8,Bienal,Transferencia,Sur,0,1,0
CUST-1530,42,59.65,4,3,25,5,7.0,Mensual,Transferencia,Sur,1,0,0
CUST-1531,32,40.56,3,0,31,7,10.7,Mensual,Billetera,Centro,0,1,0
CUST-1532,12,41.78,0,1,22,10,5.7,Bienal,Tarjeta,Centro,1,0,0
CUST-1533,15,76.96,0,2,39,6,15.3,Mensual,Transferencia,Centro,1,0,0
CUST-1534,6,52.31,2,0,38,8,10.1,Mensual,Billetera,Sur,1,1,0
CUST-1535,39,78.97,2,0,11,10,11.9,Bienal,Débito,Sur,1,0,0
CUST-1536,8,55.78,2,0,46,8,9.7,Mensual,Tarjeta,Centro,1,0,0
CUST-1537,7,106.21,6,4,3,5,0.0,Mensual,Transferencia,Occidente,1,0,1
CUST-1538,5,50.73,4,0,21,7,9.8,Mensual,Billetera,Centro,1,0,0
CUST-1539,11,73.38,6,2,17,2,7.6,Mensual,Transferencia,Occidente,1,1,1
CUST-1540,20,58.05,3,0,27,9,7.9,Anual,Billetera,Centro,1,1,0
CUST-1541,13,93.72,8,0,12,6,7.3,Mensual,Tarjeta,Occidente,1,1,0
CUST-1542,29,35.37,2,2,20,7,9.1,Anual,Transferencia,Norte,1,1,0
CUST-1543,17,52.18,0,0,19,7,9.4,Mensual,Transferencia,Sur,1,0,0
CUST-1544,40,67.85,0,0,25,6,9.5,Anual,Tarjeta,Occidente,0,1,0
CUST-1545,26,34.14,2,1,36,6,12.9,Anual,Transferencia,Sur,1,1,0
CUST-1546,46,37.2,6,0,26,8,5.5,Bienal,Tarjeta,Sur,1,1,0
CUST-1547,30,51.8,2,0,28,8,6.3,Mensual,Tarjeta,Sur,1,1,0
CUST-1548,20,45.73,2,0,29,6,21.1,Bienal,Tarjeta,Sur,1,0,0
CUST-1549,27,51.29,1,1,22,9,4.9,Anual,Transferencia,Centro,1,0,0
CUST-1550,41,48.63,3,0,20,7,9.9,Bienal,Billetera,Centro,1,0,0
CUST-1551,10,62.92,4,0,18,8,10.6,Bienal,Tarjeta,Centro,1,1,0
CUST-1552,25,57.27,1,0,29,9,11.1,Mensual,Tarjeta,Sur,0,0,0
CUST-1553,41,38.06,2,1,28,8,7.4,Bienal,Tarjeta,Centro,1,1,0
CUST-1554,24,50.0,2,0,18,7,6.3,Bienal,Débito,Occidente,1,1,0
CUST-1555,16,61.6,0,0,6,8,10.3,Anual,Transferencia,Centro,1,1,0
CUST-1556,6,70.16,2,0,31,7,13.8,Mensual,Débito,Centro,1,0,0
CUST-1557,13,95.68,4,2,13,4,6.3,Mensual,Billetera,Centro,1,0,1
CUST-1558,13,76.08,2,1,37,6,9.0,Mensual,Billetera,Norte,1,1,0
CUST-1559,11,53.52,5,1,21,6,10.0,Mensual,Billetera,Sur,1,0,0
CUST-1560,18,60.53,0,0,12,5,8.2,Mensual,Billetera,Centro,0,0,0
CUST-1561,1,66.7,5,3,6,5,8.5,Mensual,Transferencia,Norte,0,0,1
CUST-1562,8,60.89,2,0,34,8,8.3,Mensual,Billetera,Centro,1,1,0
CUST-1563,22,77.81,6,4,14,4,0.5,Mensual,Transferencia,Occidente,1,0,1
CUST-1564,18,62.04,2,3,0,6,8.7,Mensual,Transferencia,Sur,0,0,0
CUST-1565,15,78.06,8,2,10,4,6.8,Anual,Tarjeta,Norte,0,0,1
CUST-1566,34,37.27,2,1,6,9,7.3,Bienal,Tarjeta,Centro,1,1,0
CUST-1567,31,25.02,3,0,28,9,6.3,Mensual,Transferencia,Occidente,1,1,0
CUST-1568,36,33.67,3,0,38,8,4.0,Bienal,Billetera,Centro,1,0,0
CUST-1569,24,34.27,1,0,23,9,12.3,Anual,Débito,Occidente,1,0,0
CUST-1570,4,57.65,0,2,29,7,15.8,Bienal,Transferencia,Occidente,1,0,0
CUST-1571,39,59.33,3,1,45,9,10.5,Anual,Tarjeta,Norte,1,0,0
CUST-1572,18,58.33,4,1,38,5,9.8,Mensual,Tarjeta,Norte,1,0,0
CUST-1573,9,44.76,1,0,22,7,9.1,Anual,Billetera,Centro,1,0,0
CUST-1574,23,59.52,5,2,16,5,8.3,Mensual,Billetera,Norte,1,1,0
CUST-1575,29,54.85,3,1,41,8,4.0,Mensual,Débito,Centro,1,0,0
CUST-1576,44,75.23,1,0,30,7,8.6,Anual,Tarjeta,Occidente,1,1,0
CUST-1577,1,79.42,1,1,9,6,5.8,Mensual,Transferencia,Sur,0,1,0
CUST-1578,18,67.82,3,1,11,4,0.5,Mensual,Billetera,Norte,0,0,0
CUST-1579,1,84.06,1,3,14,4,8.4,Anual,Débito,Sur,0,0,0
CUST-1580,9,67.28,3,1,5,4,4.3,Bienal,Transferencia,Centro,0,0,1
CUST-1581,4,93.56,3,2,13,7,2.2,Mensual,Billetera,Sur,0,0,0
CUST-1582,44,48.83,3,0,9,10,9.6,Anual,Tarjeta,Occidente,1,1,0
CUST-1583,15,54.54,1,0,29,7,7.5,Anual,Transferencia,Centro,1,1,0
CUST-1584,34,50.85,1,0,28,8,10.8,Bienal,Débito,Sur,1,1,0
CUST-1585,5,54.22,2,1,29,8,14.1,Anual,Tarjeta,Occidente,1,0,0
CUST-1586,22,80.92,8,3,4,4,3.6,Anual,Transferencia,Sur,1,0,1
CUST-1587,18,72.18,5,2,20,8,5.9,Mensual,Débito,Occidente,1,1,0
CUST-1588,31,50.2,6,2,39,6,3.2,Mensual,Billetera,Sur,1,0,0
CUST-1589,38,34.27,2,1,12,7,8.2,Anual,Tarjeta,Occidente,1,1,0
CUST-1590,45,62.61,2,0,35,7,10.7,Anual,Tarjeta,Centro,0,1,0
CUST-1591,43,49.67,3,0,17,6,5.2,Anual,Transferencia,Centro,1,1,0
CUST-1592,32,34.88,1,0,24,8,6.5,Anual,Débito,Centro,1,0,0
CUST-1593,8,122.4,3,0,15,5,3.0,Mensual,Tarjeta,Sur,0,0,0
CUST-1594,36,47.09,1,0,5,9,8.8,Anual,Tarjeta,Centro,1,1,0
CUST-1595,26,73.59,3,0,22,4,6.0,Mensual,Tarjeta,Centro,0,0,0
CUST-1596,16,56.26,2,0,34,10,11.0,Anual,Billetera,Centro,1,0,0
CUST-1597,51,51.96,2,0,20,8,7.6,Bienal,Débito,Norte,1,0,0
CUST-1598,15,47.56,1,0,7,10,8.3,Mensual,Tarjeta,Occidente,1,1,0
CUST-1599,29,73.51,3,0,15,5,6.7,Mensual,Tarjeta,Occidente,1,0,0
CUST-1600,24,48.72,1,0,31,9,13.7,Anual,Transferencia,Centro,1,1,0
CUST-1601,5,90.97,2,1,6,5,8.2,Mensual,Transferencia,Sur,1,0,0
CUST-1602,17,65.5,2,1,28,9,11.1,Anual,Transferencia,Sur,1,0,0
CUST-1603,19,71.24,3,1,35,8,12.8,Mensual,Débito,Norte,1,0,0
CUST-1604,10,91.47,3,0,17,5,2.9,Mensual,Débito,Norte,0,1,0
CUST-1605,57,56.99,1,0,7,7,7.5,Anual,Tarjeta,Centro,0,1,0
CUST-1606,43,38.84,3,1,31,8,9.8,Bienal,Transferencia,Centro,1,1,0
CUST-1607,13,108.19,7,1,2,7,6.5,Mensual,Transferencia,Occidente,0,0,1
CUST-1608,38,49.16,2,1,9,8,4.4,Anual,Billetera,Norte,0,0,0
CUST-1609,38,52.17,3,0,25,8,8.2,Bienal,Débito,Norte,1,0,0
CUST-1610,50,59.79,0,1,4,8,7.8,Mensual,Débito,Norte,1,0,0
CUST-1611,20,57.67,1,2,32,7,10.2,Bienal,Débito,Occidente,1,1,0
CUST-1612,22,78.71,2,0,35,5,12.2,Mensual,Tarjeta,Norte,1,1,0
CUST-1613,6,43.53,1,0,30,6,17.9,Anual,Débito,Sur,1,1,0
CUST-1614,34,71.77,0,0,35,9,11.3,Anual,Transferencia,Norte,1,1,0
CUST-1615,9,57.81,4,1,0,5,3.2,Mensual,Transferencia,Sur,1,0,1
CUST-1616,24,62.46,2,1,20,8,10.9,Bienal,Tarjeta,Norte,1,1,0
CUST-1617,19,50.82,4,0,18,9,5.4,Mensual,Débito,Occidente,1,1,0
CUST-1618,12,79.35,1,2,39,7,0.5,Bienal,Billetera,Centro,1,0,0
CUST-1619,5,73.56,1,2,6,7,7.7,Mensual,Billetera,Occidente,1,1,0
CUST-1620,28,68.75,2,1,17,9,5.9,Anual,Tarjeta,Sur,1,1,0
CUST-1621,31,44.12,1,0,29,8,15.3,Bienal,Tarjeta,Sur,1,0,0
CUST-1622,26,76.8,1,1,28,7,9.3,Mensual,Billetera,Sur,1,0,0
CUST-1623,7,50.33,1,4,10,8,12.8,Mensual,Transferencia,Norte,1,1,0
CUST-1624,38,42.09,1,0,31,9,10.0,Anual,Tarjeta,Occidente,1,1,0
CUST-1625,34,49.59,2,1,11,6,6.3,Anual,Billetera,Centro,1,1,0
CUST-1626,31,60.85,1,0,31,8,13.0,Anual,Billetera,Sur,1,0,0
CUST-1627,41,60.06,4,0,19,9,8.4,Mensual,Tarjeta,Occidente,1,0,0
CUST-1628,27,49.42,0,0,23,9,9.5,Mensual,Transferencia,Sur,1,0,0
CUST-1629,39,77.05,1,2,28,8,8.2,Mensual,Débito,Norte,1,1,0
CUST-1630,47,60.33,2,0,12,8,14.4,Anual,Débito,Centro,0,0,0
CUST-1631,22,46.8,1,0,19,8,9.0,Mensual,Débito,Norte,1,0,0
CUST-1632,1,60.63,4,0,14,5,5.1,Mensual,Billetera,Sur,0,0,0
CUST-1633,9,64.25,3,2,29,7,14.5,Bienal,Billetera,Centro,1,0,0
CUST-1634,21,91.11,2,0,28,8,16.8,Bienal,Billetera,Sur,1,1,0
CUST-1635,18,56.17,3,1,13,5,9.2,Mensual,Transferencia,Norte,0,0,0
CUST-1636,33,89.18,0,1,21,8,9.8,Bienal,Tarjeta,Sur,1,0,0
CUST-1637,36,49.89,2,0,22,9,7.0,Mensual,Débito,Sur,1,1,0
CUST-1638,5,61.08,2,2,15,2,4.2,Anual,Billetera,Sur,1,0,0
CUST-1639,43,52.72,1,0,22,8,7.3,Bienal,Transferencia,Norte,0,0,0
CUST-1640,12,53.0,1,1,24,6,14.4,Anual,Billetera,Centro,1,1,0
CUST-1641,12,45.33,2,1,26,6,13.2,Bienal,Billetera,Occidente,1,1,0
CUST-1642,22,52.3,2,0,22,7,9.1,Bienal,Débito,Norte,1,0,0
CUST-1643,25,53.8,2,1,25,8,3.7,Mensual,Débito,Norte,1,1,0
CUST-1644,33,23.03,1,1,24,10,7.5,Anual,Billetera,Occidente,1,1,0
CUST-1645,44,66.59,1,1,28,9,11.7,Anual,Billetera,Sur,1,1,0
CUST-1646,26,28.81,5,0,28,9,10.6,Bienal,Débito,Sur,0,1,0
CUST-1647,37,58.48,2,0,25,7,12.5,Anual,Tarjeta,Norte,1,0,0
CUST-1648,12,76.83,6,2,3,6,3.5,Mensual,Transferencia,Sur,1,0,0
CUST-1649,8,76.44,5,2,8,4,5.2,Mensual,Transferencia,Norte,1,1,1
CUST-1650,5,49.0,4,1,12,9,5.2,Mensual,Transferencia,Norte,1,0,0
CUST-1651,48,47.59,1,1,27,10,13.4,Anual,Transferencia,Centro,1,1,0
CUST-1652,52,62.89,1,0,37,7,5.8,Anual,Billetera,Centro,1,1,0
CUST-1653,29,32.36,3,0,26,8,8.4,Anual,Transferencia,Occidente,0,0,0
CUST-1654,30,30.26,2,0,27,9,7.5,Mensual,Tarjeta,Norte,1,1,0
CUST-1655,29,83.65,4,1,9,7,2.3,Bienal,Transferencia,Sur,1,0,0
CUST-1656,28,81.75,0,0,31,7,6.4,Anual,Tarjeta,Norte,1,1,0
CUST-1657,28,55.51,0,0,27,8,9.0,Anual,Tarjeta,Centro,1,1,0
CUST-1658,14,87.47,5,4,7,5,8.5,Mensual,Transferencia,Sur,0,0,1
CUST-1659,40,44.39,0,0,16,8,5.2,Bienal,Tarjeta,Sur,1,0,0
CUST-1660,25,22.36,2,0,27,8,10.0,Bienal,Transferencia,Occidente,1,0,0
CUST-1661,20,40.25,0,0,5,8,11.7,Bienal,Tarjeta,Norte,0,1,0
CUST-1662,9,74.6,1,1,28,10,16.1,Bienal,Billetera,Centro,1,0,0
CUST-1663,15,47.74,2,1,14,4,9.9,Anual,Billetera,Centro,0,0,0
CUST-1664,40,43.22,2,1,23,8,8.6,Anual,Transferencia,Sur,1,1,0
CUST-1665,8,67.59,5,4,26,4,5.1,Mensual,Transferencia,Centro,1,1,0
CUST-1666,19,75.41,6,2,19,7,3.6,Mensual,Billetera,Norte,0,0,0
CUST-1667,5,67.89,4,1,10,7,5.9,Anual,Billetera,Norte,1,1,0
CUST-1668,26,56.36,1,0,20,7,7.2,Anual,Billetera,Sur,1,1,0
CUST-1669,30,49.83,4,0,19,7,5.6,Bienal,Débito,Norte,1,1,0
CUST-1670,3,92.67,4,2,5,6,3.7,Mensual,Transferencia,Occidente,1,0,1
CUST-1671,27,31.72,0,1,23,7,5.2,Anual,Tarjeta,Sur,1,0,0
CUST-1672,15,54.52,1,1,28,9,12.7,Anual,Transferencia,Centro,1,0,0
CUST-1673,10,34.16,2,1,23,7,9.1,Mensual,Billetera,Norte,1,0,0
CUST-1674,40,49.02,1,0,23,7,15.7,Bienal,Tarjeta,Occidente,1,0,0
CUST-1675,2,111.19,5,3,0,4,3.9,Mensual,Tarjeta,Norte,0,0,1
CUST-1676,6,85.45,4,0,10,3,10.4,Mensual,Transferencia,Centro,1,1,1
CUST-1677,18,50.36,4,0,31,6,5.4,Bienal,Transferencia,Centro,1,0,0
CUST-1678,30,58.47,1,0,20,8,5.2,Anual,Débito,Sur,1,0,0
CUST-1679,19,60.48,8,2,27,5,7.8,Mensual,Tarjeta,Norte,0,0,0
CUST-1680,13,34.72,2,2,31,6,12.4,Bienal,Billetera,Centro,1,0,0
CUST-1681,8,61.41,4,1,22,8,9.1,Mensual,Billetera,Centro,1,0,0
CUST-1682,2,66.93,5,2,10,5,5.1,Mensual,Tarjeta,Norte,0,0,1
CUST-1683,18,53.83,4,2,25,9,14.5,Mensual,Tarjeta,Centro,1,1,0
CUST-1684,28,31.14,2,0,31,8,4.2,Anual,Débito,Sur,1,1,0
CUST-1685,34,38.03,3,1,30,8,8.3,Anual,Débito,Sur,1,1,0
CUST-1686,45,54.73,2,0,24,8,2.7,Bienal,Tarjeta,Centro,1,1,0
CUST-1687,1,46.42,3,0,22,6,12.8,Mensual,Débito,Sur,1,1,0
CUST-1688,10,48.0,3,1,19,7,8.3,Mensual,Transferencia,Centro,1,1,0
CUST-1689,28,27.07,4,0,33,7,11.8,Bienal,Billetera,Sur,1,1,0
CUST-1690,43,39.46,1,1,28,9,12.2,Bienal,Débito,Norte,1,0,0
CUST-1691,11,108.13,5,2,9,4,6.4,Mensual,Transferencia,Centro,0,0,1
CUST-1692,6,85.1,2,4,15,4,5.5,Mensual,Tarjeta,Norte,1,0,1
CUST-1693,45,37.59,1,2,17,8,10.0,Mensual,Tarjeta,Occidente,1,1,0
CUST-1694,18,68.59,2,3,32,8,11.5,Mensual,Tarjeta,Centro,1,1,0
CUST-1695,16,44.79,3,0,30,10,16.7,Mensual,Billetera,Norte,1,0,0
CUST-1696,1,63.03,4,0,19,9,11.0,Bienal,Tarjeta,Sur,1,0,0
CUST-1697,30,43.72,2,0,32,7,6.9,Anual,Débito,Sur,1,1,0
CUST-1698,11,54.56,3,1,13,4,8.2,Mensual,Billetera,Sur,1,1,0
CUST-1699,1,83.13,4,0,9,4,2.0,Mensual,Transferencia,Centro,1,0,1
CUST-1700,22,42.87,1,0,27,5,13.8,Mensual,Billetera,Occidente,1,0,0
CUST-1701,15,97.92,6,4,16,6,4.9,Mensual,Billetera,Occidente,1,0,0
CUST-1702,21,47.73,0,4,2,3,2.3,Mensual,Transferencia,Norte,1,0,1
CUST-1703,30,51.74,1,1,11,7,9.3,Mensual,Tarjeta,Sur,1,1,0
CUST-1704,17,46.97,2,2,42,6,11.7,Anual,Billetera,Occidente,1,0,0
CUST-1705,32,38.9,1,1,8,9,12.3,Bienal,Débito,Norte,1,1,0
CUST-1706,5,92.86,5,1,14,6,7.6,Mensual,Billetera,Occidente,1,1,0
CUST-1707,33,45.95,2,0,27,8,9.6,Anual,Tarjeta,Occidente,1,0,0
CUST-1708,39,66.36,2,0,17,7,11.2,Mensual,Tarjeta,Norte,1,0,0
CUST-1709,1,90.49,3,0,9,4,5.1,Mensual,Transferencia,Sur,1,0,1
CUST-1710,20,70.7,0,0,21,8,10.3,Mensual,Débito,Sur,0,0,0
CUST-1711,9,55.63,3,1,11,6,2.7,Mensual,Débito,Centro,1,0,0
CUST-1712,42,38.09,2,0,23,7,8.9,Bienal,Tarjeta,Sur,0,0,0
CUST-1713,10,56.44,5,6,11,5,6.8,Mensual,Tarjeta,Sur,1,0,0
CUST-1714,11,58.18,5,4,5,5,9.1,Mensual,Transferencia,Occidente,1,0,1
CUST-1715,16,43.66,0,0,26,7,9.9,Mensual,Billetera,Sur,1,1,0
CUST-1716,18,65.82,2,3,28,6,12.7,Anual,Billetera,Centro,1,1,0
CUST-1717,18,67.84,1,0,31,8,13.0,Mensual,Transferencia,Occidente,0,0,0
CUST-1718,12,69.91,0,1,34,4,7.8,Mensual,Tarjeta,Centro,1,0,0
CUST-1719,16,80.03,1,1,27,6,12.1,Mensual,Billetera,Centro,1,1,0
CUST-1720,17,80.99,5,3,14,6,8.1,Mensual,Transferencia,Norte,0,0,0
CUST-1721,20,64.24,1,0,14,8,2.6,Bienal,Transferencia,Sur,1,1,0
CUST-1722,37,48.86,2,1,20,8,10.3,Bienal,Billetera,Centro,1,0,0
CUST-1723,12,85.57,2,0,19,5,3.9,Bienal,Billetera,Norte,1,1,0
CUST-1724,11,63.15,3,1,34,4,16.7,Bienal,Transferencia,Sur,1,0,0
CUST-1725,29,50.75,1,1,34,6,12.0,Anual,Tarjeta,Centro,1,0,0
CUST-1726,49,52.83,0,0,15,7,9.1,Mensual,Transferencia,Centro,1,0,0
CUST-1727,23,29.66,0,0,30,9,12.1,Bienal,Débito,Centro,1,1,0
CUST-1728,3,78.91,5,4,9,5,12.6,Mensual,Transferencia,Sur,1,0,1
CUST-1729,34,72.34,5,0,9,8,9.7,Bienal,Débito,Sur,1,1,0
CUST-1730,16,66.56,0,0,25,9,11.3,Bienal,Transferencia,Norte,1,1,0
CUST-1731,7,71.75,3,3,6,3,3.0,Mensual,Transferencia,Occidente,0,0,1
CUST-1732,32,48.02,1,0,26,8,7.8,Mensual,Tarjeta,Centro,1,1,0
CUST-1733,1,67.54,2,0,32,7,11.1,Bienal,Tarjeta,Centro,1,0,0
CUST-1734,33,64.55,1,1,17,9,6.4,Anual,Débito,Occidente,1,0,0
CUST-1735,10,114.21,2,1,10,7,7.2,Mensual,Tarjeta,Centro,0,1,0
CUST-1736,23,82.5,2,0,29,5,8.4,Bienal,Tarjeta,Occidente,1,0,0
CUST-1737,3,71.64,4,3,17,6,0.6,Mensual,Transferencia,Centro,1,0,1
CUST-1738,49,50.96,1,1,22,8,9.0,Bienal,Tarjeta,Occidente,1,1,0
CUST-1739,26,62.2,0,0,36,9,9.3,Mensual,Billetera,Centro,1,0,0
CUST-1740,20,68.31,1,0,30,5,8.3,Mensual,Billetera,Centro,1,1,0
CUST-1741,39,46.87,1,0,30,9,6.7,Mensual,Tarjeta,Norte,1,0,0
CUST-1742,28,35.18,1,2,23,8,11.0,Mensual,Transferencia,Sur,1,1,0
CUST-1743,40,48.04,0,0,10,10,8.5,Mensual,Transferencia,Occidente,1,0,0
CUST-1744,14,90.85,6,1,13,1,2.0,Mensual,Tarjeta,Sur,1,1,1
CUST-1745,16,48.74,1,0,33,8,13.9,Bienal,Billetera,Sur,1,0,0
CUST-1746,1,48.49,0,2,22,7,18.3,Bienal,Débito,Norte,1,0,0
CUST-1747,12,55.88,1,0,16,6,15.5,Mensual,Billetera,Occidente,1,0,0
CUST-1748,15,59.83,1,0,36,7,14.2,Mensual,Billetera,Centro,1,0,0
CUST-1749,28,39.04,0,0,20,8,15.2,Anual,Tarjeta,Sur,1,1,0
CUST-1750,45,61.35,1,1,23,9,6.7,Bienal,Débito,Occidente,1,1,0
CUST-1751,9,52.95,0,0,33,5,8.8,Bienal,Billetera,Centro,1,1,0
CUST-1752,15,61.99,0,0,24,8,12.5,Anual,Billetera,Norte,0,0,0
CUST-1753,22,28.91,4,1,23,2,6.7,Mensual,Transferencia,Norte,1,1,0
CUST-1754,10,51.23,6,3,14,4,5.1,Anual,Débito,Sur,1,0,0
CUST-1755,29,59.43,0,0,26,6,0.5,Mensual,Tarjeta,Occidente,1,1,0
CUST-1756,24,69.8,2,0,30,8,9.0,Anual,Billetera,Norte,1,0,0
CUST-1757,26,53.3,0,0,45,7,10.1,Mensual,Transferencia,Centro,1,0,0
CUST-1758,3,104.02,4,1,14,6,4.4,Anual,Billetera,Occidente,0,0,1
CUST-1759,19,54.6,5,2,18,4,1.6,Bienal,Transferencia,Occidente,0,0,0
CUST-1760,17,82.94,3,1,8,5,6.0,Mensual,Billetera,Centro,0,1,0
CUST-1761,30,58.48,0,0,33,8,4.6,Mensual,Transferencia,Centro,1,1,0
CUST-1762,21,50.06,0,0,28,10,3.4,Anual,Tarjeta,Norte,1,0,0
CUST-1763,40,71.23,2,1,21,10,7.9,Mensual,Débito,Occidente,1,1,0
CUST-1764,40,35.15,3,0,19,8,10.2,Bienal,Tarjeta,Norte,1,0,0
CUST-1765,41,65.95,2,0,21,7,10.2,Bienal,Tarjeta,Centro,0,1,0
CUST-1766,48,40.37,1,0,22,8,10.0,Anual,Débito,Centro,1,1,0
CUST-1767,4,76.34,4,3,4,6,6.4,Mensual,Débito,Occidente,0,0,1
CUST-1768,41,59.32,1,0,19,10,8.7,Bienal,Transferencia,Sur,0,1,0
CUST-1769,27,17.89,1,0,20,8,11.5,Bienal,Billetera,Norte,1,1,0
CUST-1770,4,63.42,4,2,1,5,5.3,Mensual,Tarjeta,Occidente,1,0,0
CUST-1771,6,65.37,1,0,31,7,8.4,Mensual,Billetera,Occidente,1,1,0
CUST-1772,19,34.51,7,0,33,6,13.8,Bienal,Transferencia,Centro,1,0,0
CUST-1773,21,91.21,2,0,27,7,11.0,Mensual,Billetera,Occidente,1,0,0
CUST-1774,11,79.45,4,3,5,6,9.4,Anual,Transferencia,Occidente,0,0,0
CUST-1775,36,45.06,2,1,32,8,8.3,Mensual,Billetera,Centro,1,0,0
CUST-1776,36,60.95,0,2,34,7,8.0,Mensual,Billetera,Centro,1,1,0
CUST-1777,1,74.06,2,0,23,8,11.0,Anual,Transferencia,Sur,1,0,0
CUST-1778,43,60.48,1,1,19,8,4.9,Mensual,Billetera,Occidente,1,0,0
CUST-1779,8,36.68,0,0,13,8,8.6,Mensual,Débito,Norte,1,0,0
CUST-1780,29,54.32,2,1,41,7,7.0,Bienal,Tarjeta,Occidente,1,1,0
CUST-1781,30,54.99,0,0,22,7,6.2,Anual,Tarjeta,Occidente,1,1,0
CUST-1782,22,78.75,6,1,14,5,7.8,Mensual,Débito,Norte,0,0,0
CUST-1783,31,46.22,4,0,23,7,9.9,Mensual,Tarjeta,Centro,1,0,0
CUST-1784,26,28.41,4,0,32,8,11.8,Bienal,Débito,Occidente,1,1,0
CUST-1785,31,50.15,2,0,25,7,1.9,Bienal,Tarjeta,Centro,1,1,0
CUST-1786,7,77.33,7,1,15,4,0.0,Mensual,Débito,Norte,1,0,1
CUST-1787,35,21.58,1,0,23,7,9.0,Mensual,Tarjeta,Centro,1,0,0
CUST-1788,25,60.05,2,2,37,3,13.2,Anual,Transferencia,Norte,1,0,0
CUST-1789,13,75.25,4,0,22,3,0.3,Anual,Transferencia,Norte,0,0,0
CUST-1790,38,27.3,1,0,26,7,9.4,Anual,Billetera,Occidente,1,0,0
CUST-1791,18,60.23,4,1,24,7,19.3,Anual,Tarjeta,Centro,1,0,0
CUST-1792,32,53.76,1,0,16,9,9.5,Anual,Transferencia,Norte,1,0,0
CUST-1793,22,48.43,1,0,20,9,6.8,Anual,Tarjeta,Sur,1,0,0
CUST-1794,25,62.12,1,0,37,8,4.1,Mensual,Billetera,Sur,1,0,0
CUST-1795,9,71.88,3,2,4,2,8.2,Mensual,Tarjeta,Sur,1,1,1
CUST-1796,13,53.12,1,0,24,8,13.2,Bienal,Tarjeta,Centro,1,0,0
CUST-1797,16,75.81,1,0,33,7,15.5,Mensual,Transferencia,Occidente,0,0,0
CUST-1798,47,47.52,0,0,31,10,9.1,Anual,Transferencia,Norte,1,0,0
CUST-1799,12,53.18,0,0,40,7,8.1,Anual,Transferencia,Sur,1,0,0
CUST-1800,20,36.36,3,1,24,6,12.1,Bienal,Billetera,Sur,1,1,0
